address_id,address,address2,district,city_id,postal_code,phone,last_update
1,Help girl weight will officer add sport administration to maybe.,Record power lay improve goal my.,Wind from unit learn health need class job expect process.,5,Plant reduce visit town between because student bed administration.,Billion seek perhaps name plant me south property.,2026-04-02 05:57:42
2,Development lawyer high crime light buy.,Include star region scientist account hear difference exist they.,Film total training pull above training allow.,354,Check hear stage star outside.,Color occur involve new hot pattern hotel appear.,2026-06-29 03:55:37
3,Can player within community tough military join between song.,Brother officer hot several true study city follow behavior.,Join pick order agreement remain.,428,Occur agent safe work play.,Cost present develop create subject risk southern her.,2024-06-23 10:20:18
4,Ever various physical point often.,Book until but center energy.,Behavior management guess stuff hospital make.,221,Including main personal decision.,Heart finish traditional speak conference act condition note parent.,2023-10-16 11:29:31
5,Year low pass national citizen score unit cover.,Movie military set describe half.,Ahead catch base reality call event.,461,Well give necessary family seat many.,Watch two economic cup suffer response which bill soldier onto.,2024-03-11 12:39:23
6,West maintain third interest section staff.,Blue him current good today standard last threat when education important.,Step population whole good air conference follow so group authority.,21,Head single business five action forget let somebody.,No history own money bill everyone part.,2026-05-06 22:23:55
7,Off position radio itself spend.,Culture sort material wrong instead buy.,Over option door again adult situation.,128,Write treatment expect success idea time truth although population attorney.,Stop indeed feeling first generation.,2023-12-08 10:05:27
8,Management another fear worker management political treat successful.,Bill difference stay catch year technology right difficult because right speech.,Writer various test employee size book water avoid forget partner.,287,Establish color case leave call technology send thousand.,Pm property miss drive long majority exactly significant.,2025-02-21 22:17:35
9,Enough fast bar next their.,Reason avoid manager defense provide life.,Could bit decade opportunity month teach set find.,318,Pretty summer black candidate true history laugh per data.,Could everyone clearly film thank possible challenge then.,2025-12-06 08:35:14
10,Admit leave environment live most goal brother.,Base issue character maybe meet apply evening best possible rule.,Create country computer every parent million body anyone eat.,122,Detail apply along entire assume.,Every third record identify hotel.,2024-05-09 22:53:39
11,Manager commercial data PM relationship explain about.,Me red live figure trade draw.,Race coach forward lay while program into again.,416,Thing color set act goal listen a.,Line and admit quite fact direction me.,2025-12-17 06:40:43
12,Beyond sound friend make go.,Either main hair add good report through simple tax total.,Machine establish mind policy challenge improve detail yes ground all.,92,Scientist wind grow season create western police whole theory quickly.,Would then company travel give former operation war everybody.,2024-04-07 19:58:22
13,Mind gas partner item lawyer why society eye wide material.,Letter change whom perhaps professor field.,Ask far law design stay but major.,477,Involve produce a edge.,These size maybe when night west require central.,2025-11-23 05:44:01
14,One ball despite list great speech PM institution whom.,Throw turn others community job.,Source cause should economic indicate current figure father.,377,Leave contain site street benefit money reason mean rate group government.,Inside improve agree next whatever inside sense past few.,2024-06-03 21:21:03
15,Health per tonight there apply suddenly call prove leg several.,Least approach area stop practice four best fact loss former.,Building once memory response reduce.,404,Century science manager difference put system feeling financial writer according.,Perhaps customer attack check they mind easy billion agency.,2025-03-19 05:42:46
16,Argue business identify work star success national start.,Teacher pay it player continue stand price color score.,Customer lose face beyond open happen every history son less.,20,Challenge exist build hope oil alone practice price know.,While life rich everybody word group task me.,2024-09-28 05:49:04
17,Hospital artist pretty goal rest fund resource skill everything several.,Type attention stuff low while paper Congress.,Simple moment can food western give pay identify and.,419,Discuss professor material quickly food discuss.,Black thing rock himself wind two artist.,2024-06-12 11:28:27
18,Suggest authority shake paper subject.,Fly recognize help writer off current.,Make quickly different score its more so.,421,Old pick protect data special.,Growth impact national author.,2024-04-02 01:25:50
19,Many strategy now list goal peace next case attack into.,Them notice camera military beyond material anything music.,Difference wait two edge.,13,Attack the why avoid offer table use matter.,Peace national through old view world president allow.,2024-12-16 18:15:14
20,Free share cause natural safe under.,Dog authority way toward reflect.,Generation audience indicate school upon.,143,Long can rich bit market different go local sit theory.,Again area similar specific move team radio.,2025-11-28 13:48:46
21,Lot hit help by red near break brother past tough.,Create job around discussion open dinner section thousand.,Nothing yard address rest spend baby camera Congress analysis glass.,143,Your can huge price prevent baby voice.,Manager same ground trip detail require.,2026-07-09 13:23:57
22,Fall president money environment recently me approach too relationship perform.,Bad treatment success minute figure need but.,Along dog key share well again.,348,Establish open feel whole arrive.,Himself affect him know difference here process mouth produce all several.,2026-07-04 22:52:09
23,Senior from stock energy send describe agree rise perform tend.,Southern network weight usually explain.,Less occur nothing million class high second under car address.,481,,Beat economic myself front house past gun.,2025-09-03 08:23:04
24,Activity fill produce structure summer kitchen admit across already grow.,Design around voice everybody particular finish ask conference she everybody.,Camera piece chair peace anyone boy although range team.,134,Fish network direction weight yeah window administration suddenly support music.,Over glass back kitchen memory.,2024-05-28 16:19:32
25,Now stop race author interview executive agency parent.,Friend impact present likely wind perform civil and.,Treatment agent participant space member sit.,136,,Situation require vote her old price change several power western.,2026-07-28 09:39:52
26,Not young piece safe much building these.,Parent process minute first crime.,Fall during during should gun lay security break drop run.,177,Gun goal measure trip president painting large industry.,Still would understand each training purpose program painting somebody game.,2024-01-19 06:33:47
27,Inside work office plan significant tonight then administration.,Industry she represent like big thank.,Agency cold authority method more hold institution camera recent.,311,Republican budget today together option pattern yes.,Available TV wear treat piece.,2025-12-01 14:45:33
28,Eye local care contain she trouble view base time.,Or purpose law fly computer reveal evidence significant discussion manage.,Nor today oil such interview.,461,Himself serious well among war think room issue.,Offer past between expect budget event keep.,2026-05-09 02:42:18
29,Voice else paper blood discuss everything benefit.,Stuff senior agree total whether music sometimes according strategy ago.,Example way interview know call law.,363,Respond try build threat manage.,Ten year rule bring government.,2023-12-07 15:40:45
30,Road force medical everybody piece mention since.,Throughout although beyond relate miss couple newspaper study.,Along play account carry heavy wall pull enter charge sport safe.,413,Capital play become might rich degree its.,Newspaper decade concern industry enjoy herself on point machine.,2025-08-31 20:11:26
31,There subject themselves property make picture.,Ground loss benefit both thing sense expert wide foot production.,Computer what produce girl huge.,380,Similar low source major include dog.,Environmental Democrat surface important no follow push.,2024-12-05 14:38:11
32,Interesting end area magazine despite player animal language determine.,Movie single book why particularly can.,After reveal sort bed relate treatment short need pressure million.,221,,Movement world study how responsibility face claim hear.,2024-12-07 23:36:06
33,Safe vote already after wait bill huge machine church feeling.,Place read almost seek spend help husband.,Technology baby mean region run after sea.,170,Painting charge save society create paper fine food mention age.,Learn between wide office heavy involve develop.,2024-11-30 05:49:22
34,Low traditional mouth each admit market hour.,Several research laugh official agent side language live.,Poor forward special wish believe.,64,Debate walk order base idea study.,Rich note discussion should edge find full character focus north.,2024-11-30 11:10:34
35,Environmental decide none major.,Fine present focus remember method teach yeah bank bit.,Heart series class security coach.,159,Thank box those manager phone modern cause them industry.,Father itself family two.,2025-09-22 11:21:24
36,Follow threat nor coach face rate sort weight he page.,Leg view until result system career modern stop act.,Conference like year accept reduce current behind learn behind.,357,Light choose go next difficult pick until ever star test once.,Happen short various night political dark or.,2024-01-02 20:25:35
37,Evidence enjoy bill someone onto she.,Offer table painting whom say pattern training decide.,Situation writer before sound.,216,Century little a back wide case.,International line few service drive hotel similar relationship great.,2026-03-18 22:37:44
38,Most third success western watch street represent style.,Kid reason economy build tonight present concern term talk side.,Rock degree nice young vote him condition section.,384,Cultural guess crime only.,Behind hard effect TV parent almost ever long.,2023-10-30 03:20:17
39,Ever arm occur air responsibility likely parent.,Make list themselves seek space although ahead thus check.,That capital information suffer argue PM.,155,Fire teach everyone system pretty.,Four public tonight today.,2024-03-15 10:17:10
40,Reveal hand add professor indicate property article cover seven challenge.,Base kitchen every cup measure common section.,Find night brother letter.,156,Not leg break bed role.,Fish phone after college action point.,2025-01-28 10:21:33
41,Film race wall ten section scene financial.,Relationship concern cell firm difficult could third computer.,Else keep begin great hair sign mission.,297,Reach color wear one choose notice year its position radio eye.,Record mean stop some before significant election life.,2023-10-16 11:25:42
42,Military piece little level follow.,Help open almost red picture thank account instead friend possible.,Cost group clear national sell.,227,Speak lead office itself human street education health full.,Feel wife theory shake too medical inside similar.,2026-07-23 07:33:37
43,Or clearly coach feel others recently model week.,Sell candidate four whether wife finally she soon learn close.,Probably customer common film.,243,Door data bed each range suffer.,Above city beyond near hour defense line heavy.,2025-01-31 20:47:54
44,Several benefit campaign several card significant today.,Others move get prove wife agree those concern dog.,Fund statement particular seem trip population catch could.,377,Few behavior himself conference character find.,Alone when instead clear radio strong let bar rather.,2024-01-01 03:06:30
45,Sound activity five offer himself lawyer main whether.,,Institution approach interesting score break southern traditional maybe.,264,Republican such will born condition interest service that bag.,Front various opportunity culture.,2026-02-18 15:46:57
46,Itself let always test least anyone out hard international.,Short age environment fall indicate land fear.,Other ground already school eat.,48,Movement call certain management throughout.,Will ready each stay strong run model learn.,2023-12-04 21:07:21
47,Although participant rich speech big mention rise front.,Institution against wear either present third student.,Whole soldier number yet past much soldier reason any.,345,List set join section sing everybody provide painting travel question.,Above debate site price ever leg so.,2025-08-07 15:26:01
48,Determine adult foot as explain.,Step onto play forget home upon actually future get know.,Take material mother color hope idea produce number bad.,76,,No generation debate world hard factor firm purpose ahead.,2025-07-27 16:37:10
49,Person north indeed share seem exist.,Writer heart Mrs her we but how deep book.,Condition city since same husband impact seem.,244,Too everything side picture professional rather plan player maybe.,Hot teacher manager less step last under concern eye mouth.,2024-09-12 01:09:50
50,Prevent raise better oil individual industry country ahead difference.,People your outside rule watch foot economic notice line before have.,Third pressure need tell sure claim hard themselves compare view.,234,Follow fall thus debate leave each.,Kitchen drop computer left political sound study the training each.,2025-11-11 04:16:58
51,According allow quality term yet.,Audience indicate employee respond building since positive move.,Just still art speech stock.,100,Guy respond memory power investment.,Billion suggest serious often social reveal.,2024-10-17 13:27:01
52,Center during lot enough form really leader remember.,Serious garden ready former late election every.,Seven challenge eye determine he.,205,Research fill respond nothing fight require pull child.,Chair factor his PM agreement deep.,2024-08-08 23:21:51
53,Activity hair meet thank might local tonight win popular onto.,Fire hear tend magazine college moment compare today add.,Garden finally difference everything sing.,3,Practice ground least tree trade style.,Together scientist hair allow phone weight medical even which suggest.,2025-04-23 05:14:34
54,Wife argue note easy eight.,Ready practice each ready lay American.,Entire everyone sea safe true town car few debate during.,454,Local better think anything so authority long kind live between.,Democrat maintain notice ok technology born though since crime south.,2025-07-16 05:49:43
55,Yeah edge imagine establish piece forget low exist population.,Test eat every night final key with.,Maintain five window like clear assume.,91,Pull behind television garden reach state cover board discussion.,Maybe floor most bill feel participant number.,2024-02-28 09:55:41
56,Court how commercial citizen production for.,Wonder president small sister especially usually line task field certain.,Risk stop firm final none several accept vote.,238,,Why government south window short.,2023-10-03 08:41:30
57,Decade respond far health focus so.,Newspaper school something pay key ever avoid civil.,Walk or weight water sit hope where religious economic.,435,Only arrive argue garden Mrs just exist line thing available.,Station them operation off no just foreign national.,2025-09-04 22:48:04
58,Most fact against sign attention skill represent finish table toward.,Section Democrat fly direction gun current will else page.,Cell politics interview south.,238,Story art writer health not.,Where their force much executive.,2024-09-11 17:12:55
59,Same north wind sister mother.,Suffer because two particular year sell short issue everybody later.,Practice authority possible fund month realize.,305,Threat husband family perhaps hope across follow character talk.,Purpose force leader program show off great they test check.,2026-01-06 00:01:03
60,Final beyond mouth war always camera.,West force firm discover decade field interest even.,Sign agree there want but way.,227,Know season science herself land.,Cup side opportunity by wide medical official might.,2024-03-08 11:48:37
61,Build major painting see first course.,Son growth effort born lead.,Herself information which beyond.,259,Watch student its summer feel yourself be poor.,Then administration who role today animal suggest concern.,2023-09-22 04:18:36
62,Choose reason several article sort term produce he increase church.,Company million character speak protect half.,Skill air daughter idea health.,229,Perform agreement ago agreement like same certain.,Another help out modern citizen address today begin.,2026-08-29 19:10:45
63,Why less indeed together key.,Speak a live tonight either follow music whatever protect benefit.,See system cultural despite candidate walk difficult bank believe.,244,Executive past economic economy role feeling report left.,Mind officer third service capital instead product often various alone.,2026-05-31 18:08:54
64,Place some woman add play structure down however.,Occur low gas pick.,If yeah law enjoy key seat pretty method front you.,431,Effort southern maintain nature professional property.,Shake enjoy site interview agent myself behind window.,2026-03-09 13:13:22
65,Nearly fast their film job worker.,Whom will consumer star those.,Crime style develop admit safe government over charge teacher modern.,267,Guy discover water most hear beyond close plant peace successful.,Must western interest dark any wide.,2024-11-24 06:17:45
66,Too will throw life carry visit a edge.,Property decade safe order at sense cell lose civil will.,Hospital city industry option eat go difficult.,226,,Cell husband rise one public day central.,2024-07-09 20:33:00
67,Action bring find bill pick likely produce federal.,Must particular child they senior result.,We American study eight phone international collection.,140,Serve different billion young owner out guy thank professor.,Instead point tend exactly right every edge meet information.,2026-03-16 08:44:49
68,Bar big south drug manager opportunity program billion.,Night study heart million understand him own opportunity soldier.,Offer brother shake guess pull.,42,Instead hour season girl small system of mission vote spend.,Season it traditional democratic Congress piece forget factor include agreement lead.,2026-05-15 05:51:05
69,Stand general wind eat land answer leader yard.,Shoulder civil next tell possible scientist send.,Suddenly task free pattern science structure.,356,First figure trial bed image perform police.,Dark task magazine front just guess city collection.,2023-09-29 11:16:33
70,Ok training record night series Mrs.,Peace away behavior Republican trip production system certainly.,Mouth however TV billion what sport thought family.,213,Wife food different step early choice yeah ago difference reason.,Early difficult possible democratic actually during again.,2025-07-13 20:09:53
71,Increase necessary nothing include summer ok physical thousand without.,Religious word sound enjoy have tonight view.,Music baby really focus still reflect somebody often.,213,,Wonder six medical little finish.,2026-02-12 13:00:13
72,Direction give reduce with start difference especially student least just.,Job well commercial nice next arm girl test challenge radio.,Western everybody edge to agree.,200,Make region wall worry Democrat laugh Mrs push form now.,Watch certain much race fire according participant Republican group build.,2026-08-17 22:10:42
73,As including claim create woman similar writer structure ahead up rock.,Become watch off we hold imagine recent catch.,Consumer find concern involve edge before employee customer.,357,,Worry plan fund sell model after paper word.,2023-11-15 19:48:53
74,Believe ability world actually force fill son nothing.,Teacher western country per consider despite generation the.,Outside off through relationship they concern.,295,Sport knowledge performance very thousand soldier.,Southern find fact give Congress million.,2026-05-25 10:02:48
75,Cover choice party front lawyer probably story six want.,,Assume east center whether make some among around word lose.,181,Better mind professional fly month offer mother hour national cut.,Career shake fall phone identify help make make.,2024-08-29 07:23:14
76,Participant fill yeah side side recognize month among water.,Throughout security number community finish answer agreement.,His goal Mrs statement range its meet.,457,Meet race and Democrat lead control.,Republican authority data deal policy administration two.,2024-04-24 18:27:17
77,Under above drive sport story.,Would step head study and center.,Perform election two quite report top finally.,383,Important act statement help successful couple single.,Outside phone house receive last production development.,2025-08-10 15:29:55
78,City social at Mr cold.,Western resource reason expect expert talk end.,House those dark beat suffer customer.,460,Yet light body director strategy continue several southern drop past.,Scene kind shoulder production mean window shoulder right analysis.,2023-09-27 14:08:41
79,Game wear two glass customer popular.,Herself water measure different physical from return agent.,Attorney early more news century who arm range improve.,224,Admit result right focus although top range accept about around.,Shoulder build different pick nor available power treat.,2026-07-04 22:31:44
80,Executive pattern last security raise partner generation write.,Look together lawyer these difference expert room white home.,Think happy again south century least represent.,343,Surface would by phone decade image third leave laugh weight.,Hair for human rich day describe course create them.,2025-09-03 10:54:37
81,Guy leg television society hear fill hotel like myself laugh toward.,Include current front three process view it wall agency deal note.,Event second nor choose I site.,85,Character first early school several main.,Usually partner same then put skin beat across television apply system.,2024-08-20 07:12:26
82,Data character defense subject guy training on stock.,Full compare field sort civil thing clear budget travel.,Citizen need light work ready tough wish professional.,319,Training best always they list local.,Only write gun kid.,2025-05-30 16:06:52
83,Thus wife water note those write though attention career.,Quality true book various whether culture plant.,Represent we bar owner son administration through.,304,Yard half education message word toward age five cold.,Red enjoy you front evening yet prevent.,2025-09-03 13:08:01
84,Necessary candidate within person same affect herself toward.,,Home receive establish heart happen mention year interesting.,330,Car get energy cover example bar last public.,Technology time age campaign seven drug computer assume.,2025-05-30 16:04:35
85,Single tell act add southern thank pay.,Old whole wide piece former professor.,Business region current second ball begin week about social do anyone.,94,,Hit personal cover stage remain.,2025-03-07 17:28:59
86,Light rule option team kind medical.,Compare culture century my win.,Reflect away cost focus yeah class.,109,Father include political design economy general drive according three raise.,Senior ask artist general run people stage.,2023-12-08 14:56:25
87,Activity season because open trouble guess race question assume.,Road five group specific have feel major.,Yourself couple onto amount good let left type suffer win.,451,Than less check scene history wear them small high.,Change hand its stage town character watch describe administration line even.,2024-04-15 16:53:17
88,Hot field western near direction main rich item water.,Maintain program government black well relationship.,Eye dog wall sound indicate actually final city piece range.,426,Particularly out morning game health read campaign north list.,Language indicate decide for.,2024-05-24 19:13:27
89,Plant top live exactly future soldier recognize top.,Sit occur treat remain participant spend eat none.,Finish thing his chance.,241,,Ball make owner through when entire last since.,2026-01-26 00:59:01
90,Republican hair sing listen development able green.,Lot certainly evening floor world painting movie station position whatever our.,Fast art those model mean eat.,488,Institution stand action end century agent prepare several.,Happy simply year land high.,2024-03-02 00:32:09
91,Serve blue event every relationship law clear campaign what.,Appear force local center story heart.,Pick position how force structure.,400,Poor food series always memory.,Market until cause bill clear research.,2023-12-21 16:04:59
92,Win full include seem manage nation modern politics.,,Reason nature become debate city several than dinner.,16,Population newspaper appear successful different.,Among serve wear west case.,2024-08-27 01:20:01
93,Series prove affect she man prove recent nearly.,Customer along director man glass.,Ok happy together clearly defense.,11,Account physical performance enter hear home strong senior eight cultural.,Hotel practice later knowledge whose public show.,2024-04-23 04:35:33
94,Among source sea them customer.,Save fear ready Democrat order field less possible discover three.,Describe agency actually stop team deal water.,243,Result leader hospital send TV lose others some.,Back blue a all anyone action ever.,2023-09-12 00:40:47
95,High nothing city apply democratic course institution theory away.,President father alone build center lead usually work trip.,Try season radio air use live.,112,Both right lay though.,Event against none as reality democratic huge help also it.,2025-02-03 07:06:55
96,Win officer analysis as show exactly.,Rest dark environment provide white could ready.,Yet analysis none tax.,189,Weight major discuss summer another hair our lead line clearly.,Risk must fly police imagine oil head work.,2025-12-30 18:40:58
97,Sport seem manager my growth it.,Education case under population late much quite threat gas truth.,Certain game plan seat surface off with society station how statement.,383,Wrong name mind offer effort.,Professor clearly dinner report friend bring rule someone nature house.,2025-08-31 18:54:02
98,Despite go impact seem blood policy law strong.,Respond throw wide son manager trouble.,Drop image stay my benefit sport age.,84,Fast debate still quite attack.,Week instead group idea recently feel hold decade investment.,2025-06-19 03:41:40
99,Play order quickly with matter goal eight list something.,Show institution onto thing we range yes here while service.,Little myself bar right resource.,14,Lawyer see drop worker alone.,Need region later party believe raise order.,2025-09-20 21:28:35
100,Very know maybe leg recent.,Soon movie right education brother might community later.,Always over interview rather why baby.,465,Main accept simply southern town significant analysis consumer future.,Suffer director know red treatment big cause science water none.,2025-01-04 01:11:51
101,Some involve remain today happy myself industry almost.,Newspaper institution assume enjoy we group husband try trade.,Building class now professor land you.,367,Newspaper long wife prevent old break always dark.,Card reduce action art small both program.,2025-06-14 15:24:13
102,Field specific floor during.,Song country listen long between hold plant must sound.,Project tax certainly set local wrong.,426,Not east send style gun.,Still image sell amount fly house cover.,2025-11-16 01:16:46
103,Hospital paper term security camera past so thousand.,Drop miss market avoid outside individual.,Be through certainly political hard hotel let southern true field.,396,Painting try talk like maintain serious style operation nice radio.,Produce off light before majority garden military place edge environmental.,2024-07-05 05:35:57
104,Organization direction unit food dream course win.,Stay military in enough interest probably.,Three cause show far reach gun myself fly something ok community.,413,Police day so store consumer positive market.,Hot response usually learn game effort author.,2024-01-26 08:34:55
105,Spend worker about country various until lawyer yard.,Start memory inside enter word physical majority blue join finish.,Congress guess soon approach suggest everyone.,401,,Movement camera benefit sea institution always produce art born with.,2025-11-08 11:12:56
106,Involve discover peace number environment need subject.,Age once several commercial whom himself.,Pattern west before science without especially main believe suddenly determine.,339,Participant throughout truth evidence about provide itself team support.,Degree beyond bank Republican kind school his past herself.,2025-04-27 02:13:04
107,Day pull job themselves garden again medical.,Study paper health region over recognize help small.,Design government ever resource together here.,175,,Whether rather none population ask require against occur growth.,2023-10-04 11:22:12
108,Right training become effort direction hand young long collection.,Population out special suffer without hair set bed trouble begin.,Anyone bad use laugh fall teach everything trouble director find.,251,At the per of situation the term scientist explain like.,Thus door space crime Republican attack big stage condition.,2024-01-26 00:54:12
109,Network hard condition move cost skin for commercial evening.,May thus hour cold.,Choose car technology strong off evidence early compare body.,326,Class paper amount work career expert more.,Quality house must identify modern while wall government painting.,2025-11-07 03:14:08
110,Seem model imagine me matter source deal outside.,Success break tough him federal agency maintain seek.,Itself point chair tend so see.,79,How central too tough education human require.,Think leg indeed anything way today two far.,2023-11-09 05:19:29
111,Travel thought the back family start necessary American wonder.,Attack former financial medical action big season no art.,Despite minute agency idea sometimes least perform expect anything military.,495,Third serve item method program nature.,Media your check station form research rule play century several.,2024-04-14 03:29:13
112,Himself hour among field well create notice individual stay charge natural.,Wrong decision yard clear also road skin.,Life wonder understand management bag least tonight.,471,Road head light what officer nature top score place force choose.,Mind everything order to difficult against low foreign meeting material.,2025-11-13 14:56:24
113,Anything option soon election station never such despite.,Less check better my guy score information.,Federal drug performance way production simple unit arm.,224,Spring child list air visit brother dog these.,Until how degree involve dog during source from our.,2025-06-23 06:26:50
114,Beyond bank scene change investment.,Various soldier recently charge anything.,Concern card worker happen rate step ground occur American.,166,Form although old write pass start court.,Today station make environment fact student.,2023-11-29 13:30:23
115,Expect assume paper employee poor record benefit paper ready allow system.,Reason special grow meeting family relationship.,Individual us some suggest program decision leave reflect.,45,Bag onto brother blue large.,Reveal executive four floor dream loss.,2024-12-04 03:10:28
116,Role few remember time prevent hair hospital generation any subject.,Hope speech less whom situation television last.,Seat religious probably when seem test contain than.,385,West indeed main write challenge this.,Mention manager everyone dark Congress although across.,2024-10-11 06:35:00
117,Song health able lot station may decision forward.,Event hospital more opportunity unit cultural show rule always.,Natural much sense and forward imagine phone social listen there.,195,Trial participant discuss firm opportunity last feel present although.,Protect often house above director develop start.,2024-05-30 20:57:13
118,Involve when sort event.,Vote administration than run short small shoulder professional market oil.,Product explain break dog writer night forget nation customer rate.,167,Forget early look between use.,College factor either class interview role guess.,2025-12-28 08:17:15
119,Finally my nature attention work their table.,Well at show serve.,Whole box later building she single let.,409,Loss pass size green begin computer.,Nation economy adult trial source soldier.,2023-12-15 17:09:07
120,Class garden miss ready create.,Goal future home series billion mention speech defense couple point similar.,Wish seat strong value sit.,306,Side hold politics current among laugh about green write value.,Indeed study wide television be successful organization no.,2024-01-17 15:54:11
121,List network necessary seven build specific.,Early Mr international although blood voice professor your.,Staff yourself exactly sure wonder window hair.,6,Final feel age wonder foreign Republican thank use owner.,Guy believe enough free thousand.,2024-03-30 02:48:44
122,Old bad any find set senior.,Speech near officer real father.,Price beyond idea us find there behavior four scientist carry.,124,We open blood local light.,Image blood city vote time easy free continue.,2026-06-14 01:37:26
123,Piece admit despite remain college.,Draw impact race themselves office role success manage draw involve.,Project court month general identify opportunity treat explain eat task by.,389,Effort painting ability boy opportunity section reality office sport.,Build provide car American your seat rule range card design.,2026-07-29 06:02:09
124,Able decision book recent including game language chair possible but.,Foot in process quite kitchen cut play deal.,Could program water drug major event any able.,365,City sit street security modern data book expert exist.,International add size morning only girl.,2025-08-17 22:27:12
125,Cut tell style white especially lose just card sit.,His worry necessary politics certain environment he effort better.,Son second after note those drop executive special serious protect.,48,Task off under two physical within about when force ready.,Information game loss cost run result interesting receive evening current.,2024-11-25 10:43:07
126,North ground here person three foot tax ground serve mouth.,Dinner whatever administration baby north case improve analysis level.,You authority race wish kid career scene despite best either.,125,Important yard poor threat throw behavior type partner behavior economy.,Mr pick set analysis ready must price receive according success.,2026-02-23 07:01:43
127,Somebody thought beyond mean director offer.,Interview give ground laugh.,Agree best physical again every common.,243,Doctor and conference still culture far.,Product difficult care brother treatment.,2024-04-22 17:22:41
128,Series seven strong it reach street city her commercial along compare.,Board share deep child board director spend entire minute.,This most too option which one form laugh stock organization.,382,Democratic last common student knowledge firm paper unit sometimes structure.,Image heart movement until themselves break.,2025-10-12 00:21:17
129,Discover record wear both look.,Republican stage apply conference then sometimes drive anything teach myself.,Drop need fund Mr employee.,233,Nature stock analysis make study cause so recognize.,Military person author return national.,2025-11-28 09:00:54
130,Leave race yeah front almost activity agree professor.,Television rich base close score.,Ball read lose south keep thus positive arm piece why.,62,Rest write fine public some.,Population sell end be spend outside office live make.,2026-06-05 09:37:27
131,Character station eye perform amount.,Light medical level analysis any product though help.,Become rich every change help but include something.,381,Direction focus product hand start size heart among research person.,Image drive own pass least.,2024-10-05 01:59:30
132,Sign single well task.,Continue ask environmental another business hot strong buy new more.,Energy safe while popular.,95,Way marriage us middle her shake month ask environmental choice.,Center hundred question rise miss.,2025-08-18 23:04:10
133,Imagine citizen drug information response happy rise.,Issue bit whether edge left American hope watch place church.,Serious term amount idea director put future raise.,142,Court tend role protect like film society.,Message whether morning trouble against difficult board.,2024-06-02 13:44:06
134,Million store every rise care particular recent purpose future.,Rather arm table draw trouble decade share.,Create moment onto third business rock southern south.,269,Behind outside moment return skin.,Answer wish drop before quickly manage care popular yourself always.,2024-11-30 14:08:19
135,Rich what truth partner measure.,Yard believe whether teach single result modern across.,Decade ago specific only free increase.,427,Campaign others under each help line reflect enough exist without.,Whether traditional true think quite hot.,2025-07-11 03:00:11
136,Care around find audience but moment sign expert.,Factor discuss morning gas ago cause young crime spring citizen.,Paper media available later friend industry.,92,Effort already second room candidate.,Imagine section stop piece sing front manage how itself so.,2023-11-01 19:31:49
137,Bring can sister adult among.,Themselves area those guess huge parent.,Hit rate authority wait defense.,65,Should effect future appear involve nearly.,Occur magazine suggest interesting no total perform worker story.,2024-07-26 05:10:56
138,Break fight never soldier world.,Garden down television tree say more.,Animal do hear rich apply project later really.,284,State medical year oil ask eye off various research laugh.,Old close series relationship perhaps personal short.,2025-05-31 13:17:02
139,Thank prevent store politics service second put seven.,Bed mission certain situation often PM notice chair north.,Again matter finally peace window create compare.,327,Board stuff southern development sister simply.,Identify nice visit imagine record wrong list huge brother.,2025-12-26 22:04:21
140,Politics community democratic no yes.,Mind determine prove own gun during wear.,Price night admit standard expect able.,447,,Whether thought brother central reason particular game near.,2026-03-30 06:04:40
141,Image several name chair produce behavior.,Him her imagine authority stop address loss international public rate.,Short southern finish front under build.,246,Since human chance onto significant sure.,Personal American ahead where long difference according.,2026-04-02 19:10:35
142,Outside traditional home your bring woman hit dark ball.,Sport friend wide take answer at.,Argue possible bag picture available scene approach imagine concern picture.,27,The we politics phone anyone happy.,Establish time key out hospital around wall.,2026-05-09 04:58:34
143,Several in candidate case affect sometimes second man.,Step type type word not usually at sing age view push.,Attack crime dark discussion visit west fire.,59,Dark trouble husband level until less.,Support tonight clearly big owner a.,2024-01-13 10:01:51
144,Draw message prove car many of general building design.,Through nation film or rise.,Ten follow cell how member win.,38,Issue expect apply later radio.,Huge move until toward scientist.,2025-03-12 12:05:05
145,Color cost add claim begin man star movie consumer pick.,Mind wind commercial national same man rule.,Just serious term discuss state drug boy middle myself you.,78,Ahead director seek where age size open rest.,Idea until budget long article team market too million.,2026-02-12 22:15:46
146,Half able music base.,Congress pick foreign city yeah quickly.,Address friend writer view rather if change authority.,156,,Authority number force huge lead order.,2023-10-25 05:27:32
147,Move radio dog perhaps my situation test well camera truth.,Sometimes week reality discover success item rest respond.,Medical factor candidate think front save mention.,286,At base get personal medical while seem along pressure begin type.,Time I hospital cultural shoulder prevent ago.,2025-07-17 12:35:08
148,Herself back pass rest professional left particular.,His change perhaps trip media responsibility child street floor.,Cultural yes although poor five modern human control personal down.,405,Receive third professional test sense.,Herself people rate notice air by evidence my.,2026-01-11 21:40:59
149,System environmental consumer model leave hour cell step.,Family point plant card mouth office especially hot term term create.,Various future clearly bag quite foreign mouth full writer low.,195,Home why commercial watch develop reason gas part.,Bill team vote blood represent hard agent position.,2025-04-02 15:00:33
150,Wear next administration fly maintain quite station difference.,Fill perhaps there throw station avoid.,Trial out close current strategy.,441,Old especially also stuff decision film foot law.,Still dark describe community people Democrat information road.,2026-07-19 15:13:21
151,Draw international surface animal where.,Well change ten sort exist show beautiful.,Concern him more young receive model no painting.,292,Serious according guess dog method newspaper.,I three very newspaper tree simply indicate western.,2026-04-15 18:11:08
152,Media society last kind fear cold manage full front scientist.,Must fund open who someone fish require.,Explain maybe fight pass budget bar really world agent usually according.,379,,Amount soon head director positive.,2024-05-23 07:45:17
153,Capital theory third still son than attorney.,Food lose miss plant.,New consider beyond field surface modern him only yet.,321,Century white real view institution together small rest fall.,Change according hand middle school cold hard decide.,2026-07-28 11:24:42
154,Despite spend remain space black card student call paper these.,Phone perhaps arrive scene.,Mind indeed majority daughter need.,81,Agency close likely million beautiful lay skin tonight.,Less employee wind no enter career choice number allow.,2024-02-15 02:22:00
155,Memory simply prove law tonight.,Drop bill apply than responsibility whether population compare lead Democrat.,Skin rock understand pretty whom what unit for common.,81,,Western travel degree in commercial beyond interview force take away.,2024-08-09 05:43:39
156,Nearly door coach president reflect each officer thus data new.,Environment business right leg season manage claim.,Face walk number end effect specific simple particularly.,305,Congress land station team keep.,Number key class former project other.,2025-12-22 11:40:26
157,Responsibility Democrat remain stage catch week watch million candidate.,,Speech sell better soldier however.,148,Nature community third enter never.,Specific rather letter me tell just raise really reveal these.,2025-09-12 05:51:54
158,Continue PM hour article study seek young shoulder.,Admit within door hold bank of.,Fly least get the west the now up behavior single.,233,,Cold unit walk see professional begin current everyone test memory.,2023-11-13 03:11:15
159,Treatment office yeah bar rather matter.,Whose certain any character charge debate brother rather red least.,Sell cause boy sign pull break him bit tree.,136,Building return land rich product.,Service usually cup performance role already occur issue front movie.,2025-09-04 13:30:11
160,Practice professor feeling minute change size computer bed age.,Raise personal cell front across professor word change expert can.,Create suggest yes glass herself social special save ability us.,339,Other campaign reason market admit best why budget every interest.,Near much hold several candidate suffer else avoid.,2025-12-03 17:59:04
161,Agent wrong us institution gun class.,Newspaper everyone coach people kitchen return be.,Technology against direction call example practice too garden end.,59,Still range politics develop report experience.,Around admit guy toward what north shoulder.,2025-01-18 16:57:31
162,Throw final assume kind quality your head interesting common.,Economy success carry special left able analysis.,Shoulder something method although ago.,466,Network beyond human shake bed class might name.,Best risk hand blue or than board garden article base.,2025-03-22 00:59:48
163,Laugh east left director bag answer thank guess.,West man current hundred box cultural admit itself give teacher.,Land region other many daughter night free yourself.,31,Parent church special voice two stuff.,Join chance good ask drive catch table affect.,2023-11-14 02:39:04
164,Idea international financial form operation sense somebody.,Land magazine level trial also.,One name walk attack resource serious teach.,384,Recent off fire property remain first common eight participant also operation.,Start upon house paper writer police possible cup opportunity rate.,2026-02-19 13:36:53
165,Owner seek bill traditional western chance machine weight.,Look entire do company focus consumer say whom prove.,Eye nothing box particular southern attack state enough third summer.,225,Ago level middle star music commercial.,Improve subject produce process piece.,2025-09-04 16:12:34
166,Believe us view want son dog range.,Number other those sister large chair born wish while room Mr.,Onto face product air star audience national human employee movement claim.,359,Later they green message until number.,Win health usually much article agent music industry floor.,2025-09-11 09:46:38
167,Success herself be other before possible.,Various memory matter stage establish.,Outside interest tough character risk hot.,277,Professor anyone amount great require else so so interest.,Interview manager necessary easy maintain purpose speak network.,2024-05-14 14:27:29
168,Government single least something source prove huge fall.,,Those unit reduce executive particular.,21,National result very investment enter memory charge know.,Night bill central wonder green set.,2026-03-04 13:21:21
169,Every national a whose whether single entire hundred.,Direction American job world house character would money own.,Interesting perhaps as feel Democrat.,310,Only series right group sense.,Policy clear star daughter imagine discussion little imagine a cost.,2024-06-10 10:36:05
170,Fly memory hundred sister red travel growth.,,Seek many energy pattern investment practice their.,493,Event skin indicate suddenly like science to.,Significant camera else Mrs send.,2025-08-02 20:31:17
171,Must traditional able husband street certainly even kitchen including summer.,Skin style performance try phone.,National pattern Mrs source eat window how.,301,Near find medical note read term force open without sound any.,Party reveal quickly around reach local.,2024-10-11 22:03:37
172,Threat and box listen institution rock dinner other.,Space debate fire improve remember call method employee head argue.,Account agent prevent occur southern federal will economic another.,345,Your radio ever total technology party issue improve.,Smile energy add so financial interest hair series.,2024-09-18 11:18:58
173,Number site final five determine.,Source ahead capital tax hard sometimes then situation take.,Side from eye board plan page.,391,Director approach reason push civil cost company family.,Into thing really listen husband shake party hope billion.,2024-03-23 19:49:41
174,Begin treat system spring economy.,Police year accept toward Mr board open word loss manager.,Campaign themselves common other walk know size add soon land.,334,Society table police interesting challenge book clearly data.,Director service long direction generation open history.,2025-12-14 14:41:05
175,Leave go standard collection work.,Company campaign public reason discussion food education someone woman environmental.,Put investment figure happen present.,300,Science thank suddenly baby cause cover various world.,Show pass say with radio per spring.,2023-12-14 00:11:46
176,Top huge deal professor population question coach college court.,Much rate standard today government actually myself song attack six.,Step effort resource create hit yes without.,497,,Rest me certain person director summer thing activity.,2026-04-08 23:14:56
177,Method resource how listen expert.,Successful generation common effect true.,Energy into stay decision movement gun at owner.,171,Late six blue politics prepare travel.,Drive other chair lead maybe produce them save.,2026-02-08 20:56:54
178,Often write month simply those share out fill world loss.,Study bit style race effect discussion.,Technology worry music white report.,83,Environmental toward story possible or clear.,Draw society character both position near air.,2026-06-16 00:37:46
179,Want note work military method any.,News deep certainly and bring continue compare able as miss.,Its boy travel meet place public newspaper soon lose.,148,Business natural stand country himself behavior article right.,Eye floor during want operation sense skill everybody situation short.,2025-05-07 00:39:04
180,Crime finally term open story so.,About safe yes lead seem.,About stage everything forget score here.,390,Former total animal item to.,Instead begin actually positive trouble federal beautiful bed.,2026-03-21 05:10:14
181,Would ability language food human stand trouble.,Significant light mission address significant set involve.,Dark network help rise north if home learn address doctor.,162,Newspaper mind play brother more radio political sit authority.,He option Congress law back.,2025-01-21 23:46:24
182,Age organization call wall car thing shake grow.,Miss next their herself few bad take set woman occur various.,Six guess member will brother.,396,Lead relationship provide case father own six benefit pull.,Certain begin require idea case entire class owner local mention.,2023-12-02 14:12:50
183,Specific think tree enough rule.,Trouble black network race health street animal.,Single call suddenly center suddenly happen store report adult.,1,As human understand together improve.,Least deep carry summer like.,2024-03-24 15:29:36
184,Try particularly thought those evidence around.,Minute war stage consumer read response drive carry information.,Walk my use significant according assume skill wall.,212,,Before off window particular such.,2026-05-09 17:24:59
185,Wonder prevent fire into section.,Season dinner stage soldier apply.,Carry analysis left special order quite above low town stop.,319,Theory off fine represent recognize.,Specific cell nothing life or of tend.,2024-12-06 14:11:51
186,Organization everything line break student because.,Soldier method center listen source specific bar top rise audience election.,Child simple professional idea range.,390,,Life father wife situation rock.,2025-01-03 18:42:17
187,Shake statement front truth inside art television without itself seat.,Create nature wrong you through us me natural whose.,Son him wonder traditional why fear trip music.,68,Free knowledge know everybody anyone growth people good.,Which city north role act alone view total.,2024-09-01 15:16:37
188,Management record room program outside.,Between bar beyond single walk believe worry.,Central south region knowledge.,358,Approach reflect collection agency response he doctor stage.,Recognize bar computer a bar career just.,2024-08-20 19:07:24
189,Ground while action teacher service record anything floor front television.,,Trade get something rather open key.,323,Fund just analysis strong between kitchen course can organization anyone government.,Purpose popular tree project stop answer work explain quality democratic.,2024-08-10 04:26:45
190,Data today budget everyone.,Visit there into media recognize set.,Author feel party behind determine.,82,They pattern company nation get seek training rather.,Chair guess audience arrive white notice officer popular.,2024-11-20 21:03:13
191,Wall training natural available hit keep enjoy sing time.,,May reason by threat design create summer fill recognize.,209,,Technology after hotel learn serve suffer free account.,2024-03-06 01:52:49
192,Stock authority defense here effort together contain black.,Effort old physical product of single despite determine former believe.,Say allow always time.,468,Stuff another each PM where new including education add.,Because hotel detail carry until.,2024-07-16 13:28:43
193,Whatever type lead senior you news word later.,Team because order order interest cold another well drive provide.,Something those center have minute back.,332,Work three reason call traditional boy song success difficult.,Accept country red collection positive part produce attack trade modern.,2024-01-26 10:15:22
194,Travel reveal rather not its significant me deep he nearly.,Room thing notice less win.,Region behind new and anyone yeah.,367,True long she record teach attack without participant.,Meet old tonight sound everybody which.,2024-08-17 18:40:02
195,Price yet catch reveal live.,Approach necessary past Mr.,Unit without career watch arrive become everything would pressure room under.,213,Security at wind what officer report red pull save same.,Already debate anything view receive despite.,2024-02-02 18:38:52
196,Marriage sure camera then during responsibility among since candidate.,Individual though imagine how able.,General soldier discuss stock lead.,125,Huge once particularly difference should raise prepare wrong.,Indeed third rate score like.,2024-10-30 07:57:39
197,American war old what design want ahead easy whole must.,At hit class nothing soon data budget.,Add argue image those why individual wide hotel west.,98,Himself red upon base mention.,Gun art ok single situation feel already whole.,2024-11-14 00:14:34
198,Range painting country different indicate across.,Heavy law can college care think brother far chair describe.,Program try school wait never fly pull big.,451,Sure player western move manage worry wear pay science us.,Police right traditional represent price number.,2024-11-01 16:23:55
199,Cut fund dream care whole writer water.,,Threat project half door early we.,396,Speak drive bad strong summer.,Matter agreement woman environment tell sing hospital ready push material.,2026-01-31 06:48:07
200,Only thus something environmental sign top player water.,Whose job nor yard establish hit rock since.,While as decade exactly bad gas have movement.,479,Of understand view true.,Meet spring continue human central skill he.,2024-11-02 19:14:15
201,Such consider table dream law wonder carry.,Since open budget consider business sport apply property.,Practice on easy today wait staff feeling.,2,Though degree special laugh include price leader bit.,Air population room many.,2025-04-15 15:49:19
202,Turn center build happy near begin usually exactly.,Decide spring price school computer threat.,Something employee such practice quickly any market poor clear.,301,Reality in game score challenge.,Leg car involve radio image crime about everything artist.,2026-03-06 15:11:33
203,Record spring sport usually as until happen power probably animal agent.,Low radio role assume control leg.,Build ago feeling whose realize but.,444,Several more physical beautiful year training.,Business her generation remember million hospital.,2026-06-01 06:29:56
204,Over cost risk task six.,Campaign health past still teacher raise travel chance.,Policy side kind record couple mission.,177,Company expert table reality stock site develop government can institution.,Medical will light before any.,2026-08-16 13:48:53
205,Memory home marriage where share.,Stop customer although add by how.,Population weight wonder develop while question place consumer.,194,White manage soldier picture type.,Move election I customer kind enjoy certain.,2026-08-20 11:17:54
206,Word word center claim Republican admit.,Senior factor young get wrong.,Child staff yard place contain safe government arm consumer thousand.,97,Decision prevent too drug today so long sometimes.,Talk boy area however society.,2024-07-10 04:41:12
207,According protect director next figure business no.,Add process detail history husband arm.,Professional director stock list half as room.,197,And five notice son view process happy into result.,Back short pull form even.,2025-05-28 02:42:55
208,Office heavy world opportunity late.,Group continue local a case effect its citizen address.,Term many carry product change available cut during respond town per.,23,Mother positive image not model democratic close make low.,Something world continue just hope.,2025-12-27 20:23:58
209,Where receive white movement little name good subject very.,Rate too recognize final boy begin show forget could west public.,Pm consider by animal building attorney success simple main her.,468,None lay TV lose represent ability inside.,Less fill name several market fear language late finally wait.,2024-12-14 23:45:17
210,History girl real almost teach almost.,Each fire determine current open history evening interview.,While kid body play practice case.,340,Development day reason order rest conference glass claim.,Leg purpose interview doctor bad finish.,2024-07-25 18:08:20
211,Per nice now friend hour two including itself fear form.,Themselves walk factor determine remember size social.,Partner how up operation send drug relationship.,78,Every late difficult thing theory enough moment.,Commercial different order matter campaign reveal rich despite offer stage.,2025-08-16 01:37:21
212,Old value between citizen whose young set knowledge article community.,,Seven look feeling surface girl expert report include from.,258,Car sing also act few note summer high ask rich.,Note statement center say green carry boy.,2025-11-24 02:23:47
213,Four hour green religious hot former front quality likely.,New involve south two.,Despite attention relationship need country receive however determine authority various nearly.,52,Those father contain stock citizen.,Almost eat financial fall enter debate.,2024-01-08 02:47:20
214,Discussion late often mean really song how.,Story allow social write prepare represent today notice exactly send.,Check source bed production maintain.,270,Ask enjoy year few success around direction.,Water clear spring participant exactly hospital Congress seem.,2025-11-19 17:02:44
215,Current card yes perhaps do carry.,,Form of blue daughter act against.,74,Effect life attack realize prove into.,Half staff join interview simply participant girl sport eat.,2025-12-10 01:07:31
216,Everyone have argue walk community discuss.,News election maintain dog describe respond week capital camera fast.,Water son special something true.,80,,Before response whatever product.,2024-02-04 02:15:45
217,Thing around sport reveal trouble.,Produce national role when story live player.,Fly employee black skill over television understand anyone growth.,136,Dinner their key small light chance media use conference first.,Sort once read history serve.,2024-07-16 17:37:16
218,Trip right challenge easy eat could of.,Some between be without budget.,Whole among recent work need southern sea anyone trouble.,333,,Lawyer anyone station fact already.,2025-08-01 12:46:13
219,Our good onto people edge great our.,Management common center man hold.,Economic newspaper consider again tax change both.,346,Heavy fly specific opportunity position sure.,Training science ability much crime wish.,2024-07-30 15:04:36
220,Theory street fight subject material out two activity let.,Action hear raise she range author.,Country radio market perhaps tough however play decide.,163,Scientist increase environmental laugh marriage five color treatment note adult.,Though glass base special card.,2025-08-28 18:00:10
221,Rise citizen or bring follow ten up improve among option.,Serious red I job leg result child impact.,Reveal professional west amount help friend else method position necessary best.,250,Rich development Mrs surface analysis off.,Region church standard base sure behind stock.,2026-01-15 23:49:17
222,See memory treatment both head child itself individual.,,Yard fear across shake body force news around finally.,36,Seek student purpose amount home now maybe.,Kind modern each finish force say hold I watch.,2024-11-22 12:49:25
223,Simple budget itself can fast Congress particular.,Speak condition cover admit real animal clear education describe.,Example magazine memory they significant.,148,Bed television land stay image.,Order party offer money prepare message current save after despite it.,2024-12-04 01:37:01
224,Relationship artist girl culture claim from.,How their about place force conference each morning dog report.,Network class individual special color sing should artist.,223,Huge recently clearly leader job during dinner such year.,Think maybe throw pull third data.,2026-02-20 13:04:24
225,Too bar from box piece my specific still.,Computer lawyer easy need whole board win couple.,Social cut difficult participant between music meet wife glass.,361,Leave outside task more foot visit.,Image time manage believe.,2023-10-29 15:00:52
226,Rich stay cold play various mission task spend easy avoid camera.,Know important leave me book wide industry table poor must.,Glass marriage same admit respond rule reduce.,356,Happy well human his color thank offer behind.,Large final medical not weight gas difference evening.,2024-12-31 19:49:54
227,Shake scene though often.,,Against environmental little share include opportunity young as just peace.,167,Again about site leader rather marriage next rate sure.,If away meeting sort soon suggest both.,2025-01-30 06:54:48
228,Stuff million picture deal run movie mouth.,Fall once agreement face act painting production method.,Then force color structure worry clearly cause learn.,192,Hundred need top adult name establish street grow.,Show a theory of couple.,2025-09-10 11:11:51
229,Form figure spring necessary peace.,Energy take yes network indeed tend address understand language.,Trip another defense quickly result service idea or.,211,Green data treat wear hold best end north stay without.,It notice me look return affect brother.,2025-02-10 07:29:02
230,There sound all piece daughter head reach answer even.,Field why capital other analysis low professor.,Next upon stand hear feeling although center sing bring.,88,Particularly job local firm international condition voice Congress.,Account door use positive far soldier else film too field.,2024-07-24 05:08:02
231,Head development join color summer stand move fine.,Store wide explain rock design coach stock tonight argue.,Hour probably water us attention response line.,196,Plan leg church significant movie nation.,Pay new Republican fly foot Congress protect.,2024-03-16 15:09:04
232,Cause teacher big break maybe majority past large.,From appear surface another final.,Election law especially discover hand.,468,Ground center just more sea run.,Street such budget oil reduce.,2026-08-20 19:17:58
233,Current eye top data four major move develop by.,Instead them attention cut stay miss.,Woman interview also listen movement compare trial attention some lose.,327,Cultural expect never contain range finish business reality impact.,Unit rock lot south mention big.,2025-05-22 13:54:14
234,Green rate could evidence high.,Same kind her class speak.,Usually would difference sport carry painting either heavy soldier energy.,5,Apply onto one ahead already answer other future.,Officer most doctor use remember clear region.,2025-04-26 00:55:07
235,Professional fact explain practice hope save method might.,Seem too prove right old just night theory statement three forget.,Give mind watch score successful anything century kid on room.,148,Produce production piece available case more could part teacher together.,Add foreign oil federal whole understand specific so some.,2024-04-24 20:34:51
236,Set civil yet word bit consider design ahead month.,Sell support box bank early worry man much.,War from activity start scene pay true.,227,Picture cold black life another firm night interesting institution debate.,Become stop finish mean seem senior let see.,2026-01-01 09:50:14
237,Crime pull after season business drop once action.,Call of listen care term glass during interview off real.,Step something talk response amount foreign these federal.,154,Deal attorney gas recent skin many here I trip.,Describe give result husband early.,2024-10-03 01:24:53
238,Art according free focus them seem wife bed plan factor program.,Practice team star dream maintain.,Ground smile break here early what.,129,Amount care meet drive main lead talk name instead she her.,Gas economic computer bank.,2026-02-12 12:35:32
239,Attention relate include alone bit yourself left.,Play daughter movement stand try important enter wish.,Also protect natural career woman across.,197,Main decade care tax their enjoy.,Put law more often option some unit.,2025-06-03 10:25:30
240,Something industry I receive team process parent whole turn now.,Measure shake everything party lawyer especially.,Senior go talk down story forget security law.,196,But entire cultural politics interesting need nice build black.,Stuff star simply she along figure decade mean.,2025-04-06 18:28:39
241,Medical day like prepare grow.,Develop doctor identify set last stop behind response painting performance.,Walk give mention PM industry.,359,Control campaign card enough.,Wide under attack suggest television discussion.,2023-12-14 03:30:09
242,Right green left account serious.,After religious manager option region.,North city he sit style.,338,Arrive lot pattern better plant.,Certain everyone weight agreement room newspaper.,2024-02-24 11:56:02
243,Work tend off daughter concern back many fear.,,Control add strategy really pull common.,443,Blue stock appear court him.,Between high anyone activity national large present argue upon.,2026-01-12 14:57:33
244,Organization single door throw increase.,Audience growth important myself all fund.,Painting air benefit during four something whole ago left.,26,Left couple single pressure commercial behavior daughter spend not sea line.,Pretty many control agent statement.,2024-08-23 11:58:53
245,Sea society your book cold space who.,Strong lawyer fill imagine work certain difficult feeling task.,Contain certain possible address garden Democrat.,427,Establish bank west trial professor admit even score land successful.,Heart against purpose inside personal firm.,2024-05-15 04:05:46
246,Like bad letter stand result agency.,Establish general reality once go him.,Black offer book western Mr two.,410,Color involve thing year reflect.,Sort those effort new social traditional message instead degree here.,2023-11-15 10:22:47
247,Matter especially lay age.,Just price with with body allow factor.,Candidate join analysis idea say shake value shoulder wall cut.,113,While personal street size woman everything especially join last week.,Citizen difference whole improve ever could research act at.,2024-03-12 10:55:11
248,Rather sea term grow forget these seven ability again.,Million eat factor research idea dream born above might occur.,Yourself building budget sometimes age western sure his send physical.,348,Catch manager value score old mother significant.,Science pay hold my run feel writer week wall.,2026-04-18 13:40:26
249,Interesting yourself home American age others subject operation everyone despite.,Budget benefit strong well bar benefit think five product.,Position reason form center of source change adult player source.,349,Attention data several everyone.,Air focus want parent economy old region tell.,2024-12-28 07:20:30
250,Respond believe nearly environment popular administration.,Relationship much before medical turn present.,Land two eye ability which hospital almost get thought market.,463,Toward life smile grow wife in civil us.,Yet admit far city behind sign wear necessary.,2024-09-09 19:32:12
251,Break industry attorney computer place force north expert term huge.,,Article own despite enough impact.,404,Be no mission leader ahead.,Customer tough nothing wrong phone attention.,2023-12-19 03:54:43
252,Pressure enough mother hear marriage.,Itself foot what sign room wind else high animal.,Pretty throw without industry despite plant him.,375,Blood because door hand rest.,Work who finally suddenly else glass which bar yourself movement clear.,2024-08-25 07:01:45
253,See call learn well hour.,Meeting suggest region hold.,Use situation well task everybody baby unit these.,168,System kind task especially perhaps list stop production.,Art debate address include usually south field not year wind.,2024-01-27 14:09:40
254,Ten speech film film information school her charge.,Character from PM such painting.,Clear either size admit hundred real song poor.,68,Short big report manage crime.,Bag chair eat tax investment fill front only explain themselves.,2025-03-15 19:48:56
255,Right month everyone soon Mr year.,Employee similar girl better beyond analysis before spring.,Financial prevent everything soon cost tell budget husband.,188,Particularly week interest statement dream central require.,His would dark artist recognize bit land stock performance.,2026-06-07 18:34:19
256,Bag space allow actually fear.,Spend drive seek many between state seven never animal.,This serious this choose write.,426,Raise pattern seem anything medical better possible suddenly.,Start forget half act build deal join development morning.,2025-10-24 18:44:57
257,Line coach more test.,Mission about case life set resource life watch black.,Need mention single like strong.,484,Throw quality these open write edge.,Simple movement magazine study American there nice black total.,2024-03-29 12:08:39
258,Natural purpose respond hand goal term matter.,College either test create.,Degree house control wife business one.,383,Own shake necessary suggest employee project after song.,At people brother official work use recent vote.,2026-07-11 15:13:51
259,Focus save stuff thus statement.,Authority lose act culture another wait spend mission.,Throughout church summer reflect reason per tend.,240,Carry my fall at age feeling blue interesting speak avoid.,First director challenge happy.,2023-11-29 02:35:30
260,Rest shake research writer recognize identify some discuss test.,Television discussion nearly behavior for star they everybody material employee year.,Measure space skin talk business line necessary fly share.,495,Carry side town traditional forget.,Care or share marriage better.,2024-10-12 23:25:28
261,Heavy voice animal provide out claim.,Affect fast fall serve successful have exactly significant.,Center group kid agree data step less gun south.,346,Mother political discover professor article best fish without morning.,Thousand fast authority feeling suggest relationship.,2025-09-17 00:48:41
262,Anyone none forward side hour month wonder throw.,Never street young large investment carry.,Present help deal long attack strong deal full risk.,412,Live reality group by throw issue mean little.,Image public air enjoy truth.,2025-04-07 10:12:21
263,Option do arm free have dog accept small.,,Want page certain customer individual base toward other last week.,203,,Fire radio scene in.,2023-11-14 07:42:12
264,Matter think matter fund effort job baby relate agree.,Employee suddenly local team see candidate rock Congress relationship compare.,Lot blood avoid let he thought.,233,Parent why blood clearly single citizen third head eye.,Identify network allow compare billion interesting official debate task condition.,2023-10-14 10:30:49
265,Section yet worker some add you.,Continue however many back institution agent author.,Third service TV south ball under knowledge sing thousand.,135,Walk fact cup continue.,Contain true heavy difference both space civil everything kitchen.,2026-08-19 14:31:12
266,Accept develop none scientist series foot article thing past partner.,Foot recognize despite painting camera red yard manage must beautiful.,Brother hold girl answer window none investment by involve information.,482,Position station law coach popular green day majority.,See only age reveal media national feeling able security year send.,2026-03-27 12:45:00
267,College nation professor two.,Where such organization coach sign tough since war think draw.,Evidence my trial once community.,242,,Give court deal according cold group.,2023-10-26 15:42:10
268,Town south general wind box those difficult front.,Someone raise almost talk ok spend speak expect.,Perhaps sense early themselves far east.,288,Option car speech ago nor science.,Business story small sell bed they arm.,2026-01-13 18:18:03
269,Hotel traditional particularly pass week brother drug market cup loss.,Onto everyone assume address consider simple environmental.,Not top game worry best.,332,,Congress land reflect between head reveal.,2024-01-30 09:20:40
270,Talk ever five property meet truth edge bill town.,Three international large short ago.,Or process these total firm case article coach black government.,466,Team great fish even rest cause old.,Federal program any surface magazine.,2025-06-20 21:28:41
271,End painting camera realize edge capital.,Maybe door stand pick push.,Social opportunity save wide few my manage issue plant stop.,60,Which thing serious open worry involve.,Group pay arm future respond.,2025-09-10 05:35:25
272,Ever third four me six same most stop must.,Record report local identify commercial science entire lot.,Single gun under television point five health size hot new.,156,Contain go sense mouth good somebody.,Collection third feel common in open edge Congress.,2023-09-25 22:43:53
273,Society early event explain of order.,Painting pretty hour story.,Always improve a truth through stock apply oil involve.,121,At structure positive affect discuss avoid.,Offer early several much concern.,2024-03-05 16:27:56
274,Behavior wear develop system reason information again more left.,Fly exactly book rate individual.,Listen job candidate example remember.,233,Action occur direction community even bed step probably.,Pull day test cup improve actually view.,2025-07-19 07:35:21
275,Republican whole federal voice resource home everybody.,Break see least less probably home gun.,Thus sell instead realize so page conference window standard.,357,Speak list teach beyond nearly after beautiful suffer people.,Country feel consumer think expert despite film sign back many.,2024-05-09 00:10:25
276,Into friend cultural station occur large set action.,Them significant have different success carry nice among.,Common middle safe entire present without about fund may.,381,Personal fine score environmental before risk doctor sister.,Administration something ok detail move energy interview fight suffer play.,2025-11-27 14:33:24
277,Develop measure trade energy defense anything road.,My later prepare task there.,To support capital theory sense identify under.,336,,Happy father really mind staff.,2025-12-08 00:31:42
278,Almost art laugh under cold successful action military free recently.,His face door in think almost tonight direction easy environment.,Option early agree low key decision stage likely social.,209,Nature career same inside thousand little.,Politics simply pass side laugh positive issue design service put.,2026-02-13 17:31:32
279,Hit seem of daughter quite.,Recent really than mean loss hundred.,Sometimes point summer such PM number catch brother.,354,Around possible night share share nation husband rich ahead.,Day stuff several I clear us put they.,2025-02-13 00:14:25
280,Ok short meeting past pull note movie civil build child.,Whole show significant do bed scene two move.,Particularly commercial onto citizen deal receive movie.,487,Win beautiful side whatever few writer own.,Both grow not without.,2025-01-16 16:46:11
281,Out as future Mrs couple happy you most.,Discussion tree score everyone skill speech recently.,Letter much increase maybe until.,352,Plant west even develop box third month tell.,Bill practice education sign TV.,2025-09-02 04:30:19
282,Behavior ability vote simple boy approach out choose piece amount.,Data message much military together.,Lawyer I more over increase.,331,Prepare side strategy successful for water.,Leader might process whole.,2026-07-20 11:54:42
283,Political level every away music institution.,Rate rest this his body son image car newspaper most.,Drive build arm serious.,98,Yes instead pull think exactly despite.,High prepare politics free miss start machine accept condition save.,2024-07-31 12:18:37
284,Fear price hear imagine affect bed.,Whatever learn eat consumer travel now.,Statement unit arrive particular power large car senior.,422,Heart card share ready among great recognize.,Eight senior record spring smile single everything administration during.,2024-11-23 10:10:40
285,Subject together national budget them now your.,Military everybody Republican in yourself whether discuss.,High southern page person more.,329,One can ok note machine treat thought.,Care anything either painting hit close.,2024-12-05 01:29:06
286,Can himself huge whom we notice impact country general particular operation.,Price child trip owner week nature democratic seem same tend.,New less many particularly head sit activity building.,26,Modern any way space time spend believe.,Owner second wish outside choice call.,2023-09-22 19:17:18
287,To face anyone without.,Upon chair pay section attack society scientist product table.,Room nor design brother daughter specific many.,65,Top such like almost party itself.,Strategy himself civil skill vote career training forget.,2026-08-09 10:49:31
288,Area consumer front discussion now machine.,Into wall bill wall next per by visit vote.,Tv without almost write have move these be probably early.,425,Large impact beyond moment.,Four lose serious prepare run white face suggest finally somebody.,2024-08-13 18:59:41
289,Building clear different authority create produce firm.,Best appear majority cultural college many wife artist.,Beat offer professional whole chair four perform structure our.,111,Opportunity middle cover least couple.,Special system financial suggest expert participant.,2026-01-13 09:13:39
290,Issue know when indeed campaign different worry type those.,Including baby serious author likely alone try newspaper sit.,Bed reason which coach Mrs girl environmental himself.,397,Already sport next government ability get score.,Fly strong end responsibility people.,2025-09-14 03:19:57
291,Own bring huge position start able expect.,Early stock actually find throughout bring everybody adult seven page.,Change bank much race open hour civil vote rule draw.,2,Trip name human we pick really again know.,Actually hot church recently bed top executive join outside term.,2025-11-11 12:55:33
292,Result car area couple world feel sure me.,Tonight seven subject maintain measure who next yeah amount.,American quickly brother record begin stuff.,67,Though example develop begin race treat specific her benefit Mr network.,Another clear human cost budget order idea far lawyer raise.,2026-08-29 08:34:54
293,Adult difficult toward question live weight.,Represent fast risk when arm mother through significant.,Bag seek eye second statement occur.,57,Office instead society sound young car imagine.,Force serve heavy able discussion add see.,2023-12-01 17:48:55
294,Feeling can main new large democratic home husband former spend.,,Door how draw stop he can most political.,8,Entire account nation building teacher only or write around.,Police century career part fund read should.,2025-01-28 02:58:06
295,Nothing receive happen tax off station wide among.,Respond involve card whom give spring manage far focus specific word.,Weight analysis experience news painting really understand different bed newspaper.,302,Night responsibility organization girl go deep though suddenly seven huge image.,Others rate change management manager fire.,2024-12-01 09:58:28
296,Doctor speech bill information.,Finally institution language fast tell child.,Top image capital government yes hand half audience western.,27,Attack discover rise week.,Market behind institution get key artist can eight avoid.,2024-06-06 19:01:14
297,Film note argue heart enough seat degree quite.,Reason would level approach reveal but value bag.,Pm mother itself season feel responsibility oil involve home but.,59,Crime focus parent enough provide least natural.,Hear light sign wife.,2026-09-04 23:12:05
298,Suggest soon become enter talk south beyond control agent.,It drop couple stage real page look skill.,Decision your if else control night.,399,Focus several spring various time least.,Teacher present election keep truth perform remember difference movement full cell.,2024-02-08 18:14:05
299,Against behind read a interest country.,Might fall defense father process painting.,Change part son low star television foreign environmental garden to.,232,Trip kind job ready performance.,Necessary determine ahead respond hotel expect.,2024-06-07 09:44:43
300,Contain serve year right character campaign.,Level despite voice increase rise record almost huge up.,Agreement sort about next appear her alone pass college.,23,Someone career explain road also list remain road car.,Establish push than list serve media into inside he.,2026-06-22 15:48:35
301,Store add always religious course meet word plant soldier.,Third somebody watch rock executive language fire magazine.,Decade mission design onto show quickly security stuff remain success.,338,Smile election trial media alone science thousand sport add example.,Central indicate their fast camera seat.,2026-08-15 17:44:12
302,Throw big beyond responsibility one various move.,Produce travel forget explain usually.,Edge about available rate join recognize try.,494,,Case cover option most trip voice.,2024-08-05 22:07:01
303,Game resource second receive ask message.,Money training can late poor power around price win.,Attack mission his baby rule recently eight.,434,Husband level woman outside win why hot send.,Middle rather perhaps note someone cover question drop.,2023-09-16 01:55:21
304,Teach know cut sound anything myself off cell base husband account.,Follow too run range image everyone material unit water.,Foreign serve thousand goal yard common like ever.,252,Appear model front skin.,Space task fact arm author him effort blood compare.,2024-06-19 06:37:18
305,Employee show open line fast century summer.,Cut image move international mention do.,Star test room laugh when impact animal performance.,461,,Child defense poor article and really rule.,2025-04-26 07:37:06
306,Development work since everyone attorney especially official on item at.,Little machine suddenly start office main subject from check environmental.,Guy participant money federal trial less.,34,Send help reality federal meeting worker of marriage.,Of quality thousand once physical nature cell.,2026-08-23 15:54:07
307,Collection pay establish practice.,Soon wide government most window.,Forward exactly success adult course fine.,300,Dinner nor key least experience.,Least participant western box final message international environment training.,2025-04-06 17:30:53
308,Cut may senior can paper skill.,Them recent south everybody number city position detail wife investment.,Reveal heavy performance evidence learn stuff fall might.,306,Support kitchen record himself consider.,Degree whom trip beat begin speech type sometimes bed must.,2024-02-22 22:00:49
309,Though statement start none increase nature.,Value until dog least.,Detail listen late me often wonder.,310,Direction quickly of along speech several.,First evening son my point argue thousand exactly letter.,2025-01-13 09:32:10
310,Reflect audience social inside finish dark modern writer.,Must rate successful see leg at on fly owner newspaper.,Hard would several phone cold step decision.,59,Nearly kitchen day age choose admit look.,Character order race Congress very.,2026-01-20 15:19:48
311,Agreement sure scene natural southern between up positive music poor.,Member card space power major.,Hold set whole already brother lawyer car loss.,394,Operation century network throw difference town.,Production support product parent law animal research analysis make least.,2025-07-15 23:47:02
312,Situation ten you course great land song kind science she.,Beyond forget place race should key.,Group popular modern pay push.,221,Might represent exactly and happen meeting decide.,Find final low anything turn.,2024-01-02 05:20:37
313,View within soldier surface cup movie.,Box physical hour various move avoid also police there.,Pay Mrs them central police few sing environment international.,174,Enjoy with off fall trip writer standard.,Rise interview fear against it visit party look serve.,2025-03-19 11:41:37
314,Than great war hand relationship civil.,Production do meeting which similar decade.,Carry stop former happy relate.,374,,Politics you dinner company bed take say.,2023-11-26 14:13:17
315,Phone effect easy item home water travel feel.,Suggest remember home road generation place ground exist.,Tv main scientist type particular.,341,As able actually claim close message behind north author.,Through between skin feel event look recognize.,2023-11-15 04:45:27
316,Effort none really specific explain save campaign special teacher movie.,Professor young wife side agreement charge which.,Wide see offer position his standard bring three.,352,Help least outside help indeed itself back cause finish.,Trip everyone specific TV care support campaign quite.,2026-08-19 13:28:45
317,Party name authority write rise will network.,,Major pay administration listen laugh authority change fight sport.,426,,Ever agree clearly early teach artist.,2024-08-10 03:59:56
318,Traditional its film than heavy apply near east.,Here at once seek same poor.,Plant green serious police magazine just surface enjoy begin part ago.,382,Follow win sea free as reveal decade view why single.,Themselves human cell mouth movie of feel.,2025-12-17 07:37:15
319,At understand every rule receive health lot.,Stop chance behavior end sit leader military operation first as.,Face on experience kid.,285,,Interesting message appear more hear appear beyond recent lose.,2024-06-04 12:09:34
320,Deal base begin assume director loss include.,Billion son magazine nature nature best past if modern institution can.,Stuff image nature study central into official cup under.,288,Head enjoy religious cultural identify.,Continue approach where it friend.,2025-08-20 23:36:36
321,Travel affect for store collection scientist benefit small.,Identify lose billion away floor.,Not affect work I throughout day science cell career carry.,182,All floor than onto contain.,Another help pretty believe professional pass.,2023-11-01 19:29:44
322,Box debate move decide office.,Direction company consider her win someone.,During our friend teacher quickly four.,217,Fight may fear sound participant into.,Community on involve cover.,2024-03-20 12:40:35
323,Role on ground join law.,Person term drug product nearly person concern line discussion.,Strong begin read young word identify sport none.,496,Environment shake hope citizen skin.,Art trouble indicate black list yeah despite identify ok he.,2024-07-24 04:20:32
324,Since we under hour rest project full night recognize.,Camera plant she necessary fund economic face theory.,Management or fear full bank political tell recently.,54,Week seat natural different even vote expert nature matter.,East officer include big room chair not opportunity door.,2025-07-09 16:10:57
325,Skin baby benefit team purpose matter big to middle culture.,Because each market decade capital arrive reality simple significant.,Event party sport where tough.,337,New cause rule off.,Capital business experience six option fear.,2026-01-06 07:05:18
326,Contain politics stuff security yard plan home reflect.,Seek day staff our least security one southern.,Tonight activity house of measure professor year body politics reflect himself.,180,Note because improve writer agent radio nearly.,Forget outside allow what blue glass.,2026-01-06 09:37:32
327,Box simply east own rule.,Seven ball difficult evening evening.,Truth information lot son whatever event some example stay.,391,Something enter rock western ten management describe available economy name.,Hundred wish official report production.,2023-12-12 00:06:12
328,Answer find together claim treatment.,Morning store individual indicate budget trouble.,Security authority per always factor.,220,Western show election time various few.,Thousand you decide culture international receive not.,2025-09-16 13:47:23
329,Study up between TV him bag skin between reduce.,So break theory site best.,Unit stage you field less test claim.,420,New pretty eye budget subject least place first training value.,Significant parent wide live member.,2025-03-02 20:42:00
330,Team could author never who also PM.,Pass book worry business officer experience economic.,Budget exist answer report bar friend.,286,,Anything others item product home image education general.,2024-03-13 05:52:48
331,Compare pretty science throw ability plan executive result.,Various level myself relate every.,Trip grow hospital executive now wear determine around hard opportunity.,425,Red future later voice true decade hair measure though system contain.,Lay hope card president if.,2023-10-10 09:16:32
332,Them live professional bar teacher president ever stuff.,,Would her possible which.,140,End skin mention sing bill above.,Important outside public write sound beyond career cell.,2025-02-09 21:10:59
333,Court result business thank process cause.,Need Congress new exist movie likely.,Moment group paper other allow event.,174,Risk never laugh sort direction.,Relate very get ahead table.,2026-01-07 10:30:07
334,Five sister kitchen certainly she most.,Type account upon eye policy very.,What news American service model ahead unit admit.,74,Agency feel performance travel Republican.,Drug baby four service skill member trade upon.,2024-06-25 19:04:10
335,New son explain this can already be member new.,Development history series marriage tree politics whose purpose dinner next significant.,Best station per toward know use.,73,State I office five forward follow general.,Six or fill should name everything office say street.,2025-07-03 10:55:39
336,Note any fear throw mind song investment help road.,Former least do series he throw bar five.,Increase unit industry nice federal together around group play.,47,Exactly look huge party policy support fast feeling similar material.,Follow theory across example contain season.,2026-05-26 05:04:24
337,Defense mention short event lawyer call.,Result garden walk huge blue.,Full learn suffer once agreement company material speak address everyone.,215,Laugh dream several develop certain some put fact.,Us summer focus Mrs special moment.,2024-05-17 01:04:41
338,After stock painting hot toward real outside.,Citizen magazine week outside stop ago beautiful less until.,Toward grow drive compare image page.,160,Teach strong how worry standard seem will building discover.,Matter few sister start account character.,2024-12-13 00:20:51
339,Any office poor deep people majority maintain page able position.,Remember possible involve heavy contain future.,Record ask science government outside able last.,291,Speech central a soldier general sound describe sea bar his physical.,Trouble move away former face safe study know site.,2024-01-19 14:36:10
340,War good question record bit bag later.,Into inside into around computer likely to individual by.,Civil beautiful record fly natural image avoid return art car.,80,Push hospital personal quite kid.,Pick local into friend career cup main much.,2025-06-14 20:41:09
341,Than her player result positive.,Increase treatment base experience charge find again ahead.,Law from traditional now Mrs traditional chance.,346,,Reflect available century join outside phone surface.,2024-11-01 09:07:07
342,Camera long who require billion probably.,Soon market garden author world time.,Cause behind single project air hold good red hotel contain.,218,Tend theory the hard south maintain year firm generation.,Major strong pull finish seem party within.,2024-06-23 02:23:48
343,Memory open civil everything soon explain happen build fill.,Catch accept including can nothing force move free body stand approach.,She seek then represent conference war science reduce pass.,140,Sing either theory term authority offer feeling than prevent too.,Challenge cultural throw left worker ready.,2026-04-05 10:07:34
344,Expert general manage note.,Health tell fact pretty learn data.,Morning behavior laugh quite water world century drug know room choose.,177,Unit recognize especially ask two.,Hundred role activity culture picture provide support six space.,2024-12-22 03:58:25
345,Both write third stay.,Start subject through result military.,Truth call stage significant thank data year defense support.,348,Herself water meeting voice reality painting material science beat deal.,System policy education true.,2026-05-14 22:10:11
346,Card no have information nothing street box could end hard.,Traditional us hear station wide.,Back together factor body.,158,,Skin most real remain art there describe model.,2025-03-23 08:45:50
347,Experience point article article drop.,If throw future reach street course plant billion.,Position local leader good anyone among police billion idea use.,307,,Example body subject late energy before until also.,2026-05-12 15:35:43
348,If paper really position daughter.,Job blood middle home wonder.,Within both notice like story just often require dark current.,485,Assume thank rest ten four without debate couple.,Poor attack girl force relationship nation east weight.,2026-08-28 22:04:21
349,Prevent side meeting executive hold process behind town red friend.,At form sport upon into.,Painting debate spring simply according small game citizen stay.,131,Look his or specific develop first.,Specific report clearly call military want interview why.,2023-09-16 20:36:59
350,Level couple trip movement nor line though success police she.,New resource cold low little lay section.,Building service fall five really.,255,Present TV cup sister article kind bar available still.,Cell far face describe question appear school.,2025-02-22 17:17:03
351,World behind people up Republican interview build often piece.,Heavy report its sign I.,Image American participant race model doctor explain entire admit.,195,Charge view style war worry here Republican cultural.,Person whatever consumer study often set during perhaps actually.,2023-10-05 07:16:45
352,Long during anyone box manage policy box.,Also reduce analysis however stock charge across mean.,Husband night response prove suddenly travel.,287,Lay news take determine eye matter debate man become cost.,Now line before edge drug to measure.,2024-12-07 17:36:53
353,Table quickly drive choose theory before yet manager.,Stage imagine half single center hotel.,Enough threat top write marriage campaign able specific.,37,Again hospital anyone fight second so.,Beat agency she evidence station many boy west.,2024-04-21 08:37:39
354,These receive cup doctor together.,High require strategy customer actually trade.,Reveal operation money organization doctor.,224,,Kitchen box about wait table mother and money word discover.,2025-10-16 22:45:48
355,Ask myself wall series person anything science.,Type relationship plan individual because.,Hour move poor mention specific cell case play mind.,442,Table tend occur sister thus wonder shoulder suggest.,Treat detail year tell because woman race water.,2025-09-19 21:49:19
356,Across party market dark language mean without.,Newspaper would section cause instead.,Listen impact tell positive serious billion speech.,208,Look term meeting long thank by most special describe.,It moment professor group because pressure these.,2026-01-16 05:14:04
357,Least husband option contain it kitchen.,Action recognize crime poor beat house stage college nearly political.,Whose a fact on space not blood food performance lose.,59,Its window structure herself agent stuff.,Hard score agency ahead authority report various by kid throughout.,2026-01-14 10:56:21
358,Lot old occur well cause whatever television test.,Soon move kid possible success final investment argue.,Similar above owner energy organization police mission language.,88,Glass leg anyone do admit center cultural but room.,Future actually popular hot personal management.,2024-03-17 07:02:22
359,Husband poor general yet.,Dinner country painting start plant administration.,Though add weight police after carry.,426,Size toward prepare interest employee source later.,Light society play yes recently force this.,2025-10-07 11:32:05
360,Figure watch which happen impact since many.,Result myself manage decade position.,Vote despite form assume herself investment near.,224,Production industry until method program their media skill no task.,Pressure war picture take story democratic without stop.,2025-04-01 03:30:48
361,Child team specific list modern above meet.,Fact city this impact sound night prevent power feeling the.,You real term all agency right figure son guess.,302,Other mother husband close state.,Leader exactly truth serve serve.,2025-05-25 10:47:23
362,Land trip majority center will fire play two project.,,Drop understand as case.,446,Year body although car recent above yeah age continue none.,Decide dinner ask training others sign rather.,2025-10-01 02:08:12
363,Seek per strategy former bad return town.,Central prevent office ever than.,Group those stage chance its put town south.,171,Book anything guy development court resource glass fall.,Employee series with sometimes statement.,2025-07-28 17:31:18
364,Discussion behind live top fight stock fine range read recognize.,,Career cost suddenly indeed customer kind history young cell.,325,Property store hear institution return.,Set either big send agreement election.,2024-01-19 21:24:07
365,Hot add perform arrive number base strategy drive so.,Type our wear job management arrive friend.,Return start music truth by quality rich key.,464,Way weight democratic sit still.,Turn most although maybe sure bed factor charge certainly part.,2024-06-03 12:02:24
366,Hand teacher certain compare reveal blood effort.,Gun he her continue participant book former opportunity security.,Else time miss religious positive eat third head trip be although.,491,Professor one low question blue administration.,Raise boy pull life call tough.,2026-07-29 20:21:45
367,Travel degree class born interview.,Bar approach me direction peace church order east note away focus.,Quickly itself machine significant grow north.,121,Maintain kind factor sure scientist subject ball tell argue.,Fish action write accept simply help southern.,2024-06-05 09:54:31
368,Never alone defense vote point they color first hundred.,Another possible answer across sit small event range.,Quickly father attention represent certainly small must benefit away.,89,Store professor land author the finish during.,Heart beyond financial chance better movement natural.,2024-10-12 07:09:31
369,Community side science rate baby sell hit.,Rich PM develop subject down north.,Possible reduce wrong scene outside.,336,,See or fill magazine lot animal age can either.,2025-11-05 22:43:00
370,Whom tree lead its especially.,The agree pressure mouth parent bit describe according.,Ball body sit send performance sometimes fight employee.,322,Inside line pattern general hope boy control into.,Door land range break sense.,2025-03-14 00:02:48
371,Seek suffer drive great blood score share high simply.,Despite agent guy debate better name system local expert yeah.,Role design pretty response western project.,390,Few skin though compare interest.,A week book south indicate benefit.,2024-08-03 18:01:26
372,Provide hear far dinner over wrong say debate type energy agree.,Home help with hold member low against.,Necessary single discuss agreement must main owner political.,452,Rock real bad general wish section certain western.,Box popular lot arm form development ask traditional anyone sea.,2025-10-02 05:36:55
373,Behind myself color message exactly buy court beautiful box recent.,Present summer lose quality moment rock student minute.,Strategy local expect pass person arm claim.,320,Blood buy evidence table so write.,Might believe people production yet through act baby.,2024-04-30 11:58:33
374,Image during year customer behind others wonder hand.,Large concern term increase industry figure improve maintain.,Medical become stuff deep table report possible thought apply most.,162,Recently box debate statement matter international.,Girl somebody receive boy develop worker create TV sort.,2024-06-03 06:23:42
375,Pass money environment already summer financial own argue live.,,Over see he since me game.,227,Tough star doctor our only serve buy loss everything.,Page child treat since throughout black.,2026-02-14 03:37:07
376,Street red contain newspaper there.,School wonder we effect management inside conference various standard yard religious.,Specific building my do our group best debate.,303,,Edge do finish design apply drug thus song our miss.,2025-11-27 10:19:39
377,Animal onto receive figure think often let picture trip allow world.,Painting compare blue low simply could practice set behavior hundred ask.,Democratic perform court investment agreement realize.,159,Long difficult family action turn figure.,Position same war behind pattern they.,2026-03-19 20:37:34
378,Specific article purpose early safe its final.,,Behind name possible financial.,189,Collection set need table choice world air.,Each student happy recently film in reduce.,2026-07-05 18:45:02
379,Property method price woman indicate ever.,,Sort expect final goal per per assume court although find player.,443,Stuff wrong range perhaps meet station history.,Property start audience poor five.,2024-08-27 03:04:06
380,Congress official wrong along whatever drop him.,,Item professional yourself outside simple now do Mr.,305,Notice behavior assume state site.,Participant administration perform discover soldier camera.,2025-08-28 07:05:38
381,Family her pull mention could improve.,South purpose much discover draw decade.,Bill whatever money job partner rule meet simply.,284,Speech compare eat no himself per card form.,Last daughter start against.,2026-04-13 11:51:57
382,Wind system plant very southern writer.,Evening world look place across notice southern painting whether exist.,Follow benefit technology if and leader.,22,Mission above seven sometimes future carry meet lay various worry.,Population project might its last much often lead impact blood record.,2026-04-06 00:12:06
383,The term item anything.,Perform traditional ball white Democrat model someone.,Bill hot stop industry road a full myself measure.,334,Rather his product end.,Daughter reason wide happy thought work.,2025-06-03 14:05:09
384,Affect with unit food training population sit impact.,Social director gas animal station see enough concern night authority.,Onto tonight soon buy where such form woman radio drive.,257,The yourself into common heavy store method smile.,In sense military explain each security teacher test provide cultural mention.,2024-05-10 21:09:10
385,Against bag shake keep official.,,Four whom particular decade service poor mean hard trade tough.,53,Least model serve any democratic foreign chair war section.,Effect quite deep organization idea sit.,2024-10-29 16:10:43
386,Discussion Mr purpose character develop keep instead.,Research sea answer third study though feeling term leave.,Community including career each hotel Mrs recent meeting top.,366,,Trip painting sport enter many significant hear evening expert dream.,2024-07-20 13:59:07
387,Require catch government couple seek skin there thank while.,Live letter newspaper example enter change when.,Instead great final knowledge current because first likely debate.,21,Arrive open small poor another surface.,Someone head ground media drug.,2024-07-26 07:54:53
388,Gas moment when four price half garden.,Trial ten candidate in worker piece.,Technology already letter talk.,225,Say audience save spring once send gun instead bad ready.,Maybe option human fire ball natural raise five Democrat which.,2026-01-21 22:59:45
389,I baby role like interesting behavior poor.,Memory protect exactly left on hundred prepare site.,Natural chair pass science Republican hard gas outside.,187,Admit politics attack responsibility reduce reality about Congress.,Many traditional talk firm study quite.,2025-07-25 19:21:47
390,Company choose effect great describe because home allow machine.,Test degree opportunity bed law scientist fund end federal.,Still able force energy billion us second.,210,Trouble difficult mean population study yeah.,Trouble radio senior image financial term market few data wide.,2026-06-14 15:02:17
391,Measure could center method crime.,Significant movement bad decide perform money Mrs point really.,Nearly foreign theory southern around officer field though soldier.,27,True wife network heart guess.,Style win book leave serious concern Mrs wall best detail.,2025-04-17 11:33:38
392,Begin through she run yeah whether assume election history else.,Word community trip bill part have leg subject within suggest.,Save big as fire line cover before beautiful rich because.,34,Base third ground cultural approach artist development.,Arrive film act kid because Republican.,2026-05-18 06:23:50
393,Yourself science guess near professional fine lead scientist remain down song.,Write field situation score contain opportunity center voice.,Environment check indicate range various true sound age will truth.,198,Word herself past admit time thousand sure risk.,Civil economic son but movie individual.,2025-03-16 16:00:05
394,Charge base specific green point color.,Structure nothing high certainly more place market son.,Second action notice cause son.,337,Manage set necessary lay region citizen air whether.,Tree environment fund management can source news vote certain.,2024-09-29 03:13:33
395,Free too specific former yet this sort.,Religious challenge place might.,South analysis need community.,77,Energy industry grow feel local later.,Realize parent game responsibility age that play will.,2025-06-13 09:10:58
396,Job white employee along too forget subject issue.,Determine next most unit kind they.,International work with perhaps down deal probably appear.,73,Those catch option those yeah son.,New across evidence store everyone send.,2026-05-27 23:03:41
397,Send past Democrat admit forget.,Task minute something she role nice week.,Face available represent business least nor answer gun film campaign.,336,Open third whatever impact Democrat argue north.,Call role management space eight member military.,2026-02-20 16:37:37
398,Security including son here produce or coach similar vote movement.,Their city town response too set.,Money child health among together.,305,Garden movement fear walk institution trade police maybe particularly human.,Soon despite wind safe off store little chair.,2024-05-22 04:26:36
399,Ball local today raise remember outside.,,Type record major Mr leader everybody.,287,Relationship fact money range work.,Investment follow build security brother pay.,2025-03-05 05:30:34
400,Free environmental image skin author group political.,Thought particularly key out down reveal trial.,Not deal say stand article.,417,How court also serve force.,Present choice two certain modern service social Democrat sign.,2025-06-30 16:07:15
401,High network nothing mind effect pressure any bar plant.,Wife ever soldier cultural feel above stuff four despite.,Hear thing human would magazine up for.,485,Indicate administration each child hotel past join.,Use station idea red many answer four.,2024-04-24 23:11:46
402,Perhaps as out check most word impact.,Understand child may scene color beat thing group fly though six.,News team purpose law themselves near.,270,,Trial hit indicate design parent.,2024-11-20 17:56:14
403,Environment security able night since against lose gas program throw.,Visit parent ask low have check quality everyone benefit fill.,Fund public investment every must mind.,261,Military popular production live key its here.,Old already affect for rise enjoy soldier decision.,2026-03-15 07:42:55
404,Worker it likely manage from improve nor.,Rise stop enter partner today main.,Fear both decision order level yes professional.,93,But four edge lawyer director.,Pass enjoy production stand process reason low.,2024-03-19 12:30:47
405,Life matter husband billion garden possible rule maintain.,Hour forget possible life people.,Charge team movie whom glass adult simple seek.,393,Magazine our strategy gun maybe president I choice.,Significant energy policy since improve draw score pretty while few.,2023-09-14 01:53:40
406,Let edge southern young.,Plant benefit role manage operation result southern really wind.,New require occur yes million describe.,71,Health short also left course station beyond.,Least past all suffer serious.,2025-01-04 07:18:09
407,Vote least so especially almost.,It our want fine quite huge region body something official.,Professor side type interest I economic your.,404,Main drive these somebody reflect organization animal around campaign.,Mrs establish be degree song star send partner avoid couple.,2025-07-04 09:29:44
408,Close play wish dinner if public different.,Republican road increase shoulder this week environmental white cultural.,Professional trial purpose direction.,428,Similar join half sport hope agent company sure.,We protect down role special watch.,2025-10-26 06:51:37
409,Center media shake hospital voice.,Because call campaign cultural sort.,Enough price focus city help.,339,One smile national south chair.,Special tend hour serve five white pick evening.,2026-06-10 06:54:32
410,Congress rather first expert baby minute.,Program share recent be high late memory adult full around.,Stay poor beyond or know week investment feeling between single.,68,Technology voice employee provide coach watch end.,During drug environment arrive best continue college debate home crime.,2025-03-21 19:36:33
411,Turn light lot run action instead professor itself.,Down let certain page able inside lot stuff PM control.,Material among nation suffer house.,93,Prevent bill hope off and.,Hit father foreign hundred pass level.,2024-01-09 15:47:04
412,Bar already responsibility range discuss race hit treatment somebody notice whole.,Population director candidate sport your relate other radio but.,Scene health off could year.,415,Often let action everyone brother forward.,Attack eat top rock sit game commercial.,2026-01-31 02:10:51
413,Company interest same series nearly member.,Society method center successful owner current year nation.,Still court stuff police above gun dream sound surface.,23,Find truth help design real generation ago clear bank.,Traditional share character myself country.,2025-05-30 01:33:36
414,Message play religious not activity determine space television.,Beyond upon bank magazine agree allow improve later arm.,Field can travel recognize above behavior hot must discussion play.,122,Opportunity decade large next boy newspaper shake identify let project.,Act evidence financial walk prevent.,2025-11-02 19:22:19
415,Sometimes lawyer play success successful police line door direction computer.,Social security reveal later treatment worker to enough than break.,Few exactly mouth amount.,386,Red work rise describe bring behavior general.,Task suddenly class anything.,2025-06-24 06:15:29
416,Through growth often threat sort including bring blue machine year.,Hot thing gun purpose go game change north lay.,Hold office fast full wall quite.,274,Oil participant election rate more give.,Activity its rich rock consider tend practice television attack.,2025-04-03 03:18:56
417,Site live person television third three keep hear.,Series day north stay certain.,Market operation these space type attorney size.,402,Watch service write but network.,Common produce allow much too trouble explain clearly cover.,2026-07-09 19:01:15
418,Appear central pattern upon edge here skin.,Strong weight help world else.,Quite able partner pressure course join they.,189,Sing out bed media drug resource any size.,Effect though new expert long water early.,2024-01-17 14:41:37
419,Place share minute act coach glass financial century soon food.,Improve year wife half song look teacher week nearly.,Name agree Congress director operation candidate business thought true.,226,Top behavior why tough nice.,Two week simply product music line modern low turn.,2025-04-03 03:05:43
420,Step record edge church finally gun.,Community stage listen project hot feel interview doctor.,My media likely affect bad among.,196,Maintain full bad voice chair city reflect sell bank thought.,Father water at every marriage case ten attention.,2026-04-20 14:08:19
421,Image capital letter practice adult best commercial.,Language every stay discover return area movement short factor myself.,Cut of head weight center draw.,83,Democratic movement popular international somebody ten friend within child care.,Away score mother matter between plant according half reveal.,2025-05-23 15:26:40
422,Participant suggest low car pay go number animal summer.,Near result call dinner change north.,Story offer surface senior.,71,Future claim travel gas who place head follow by investment.,Soon position bar own wind tough.,2025-02-04 07:56:19
423,Few teacher yet white trip federal specific step old.,,History generation bag understand down audience.,247,President weight whose trip road dog under.,Remain leave commercial seem father play culture third teacher.,2025-07-25 06:03:40
424,Million close window heavy live front image represent film.,Term positive strong party number several difficult up positive political.,Fall ok industry anything air anyone.,53,Act assume recognize lot long camera these.,High single really catch hand order type determine.,2026-01-15 18:00:50
425,Apply set responsibility environmental store window treatment.,Chance drop want box least standard how treatment.,Man term inside wide actually activity assume.,64,Call particular development without particularly world evening.,Clear offer PM street while positive follow.,2024-12-12 05:08:10
426,Treatment loss live various work eat organization smile coach.,Score let single idea action rest.,Painting administration also will area feel.,140,Image ten population feeling later major success relationship fish.,Research exist political by people.,2025-06-29 00:22:31
427,Same kitchen hair tell watch.,Perform figure discuss off onto everyone table.,Tend social read company light really free cup still step.,426,Throughout east various discussion future.,Together quickly anything worry institution big condition fall little effect plant.,2025-04-24 07:39:38
428,Research learn area discover and trouble.,Answer eat car benefit agreement remember hand ground.,Teacher approach onto whom plant recognize event charge positive reach.,114,Watch hotel author order choose spend task.,Fly member spend walk side away.,2023-12-20 20:59:00
429,State run though tough glass sea role.,Particularly effect seven attention require like four.,Teach finish many building use it discover when place.,477,,Wonder important admit six build improve.,2026-03-26 07:31:00
430,Provide their price through respond.,,Firm across single leader vote fine eye.,258,Fire none history speak property.,Other leave back couple democratic who agency value among.,2025-12-28 17:59:45
431,Body bad expect senior run.,Run outside magazine message may.,Mrs debate exactly wind hospital.,42,History during mission imagine meet.,Safe become stage good inside other year physical produce high.,2026-09-04 08:29:33
432,Movie civil long model activity we research church ability point.,,Both protect ten language place leader goal executive letter development.,477,,Where develop shoulder page weight.,2025-04-04 06:17:38
433,Once write he political get exist nature in through employee.,Enjoy along itself money rich last attention night several.,Base fight issue go parent.,172,Start debate field unit become any personal keep.,Use administration allow glass strong get former social drive like.,2025-02-15 11:26:14
434,Adult customer her reach loss option claim.,Blue executive lose child system century professor catch heart.,Front agency around garden operation all year.,147,Program only nearly decade suggest.,Piece down member career help hot actually sometimes.,2026-01-04 20:19:46
435,Moment significant arrive air bag development church.,Peace difficult adult reality research blood yard.,Which include wrong including hold mention market crime between paper.,426,Church front laugh force identify above camera also.,To expert head sea later summer well.,2024-04-01 03:01:18
436,Process million say step bill.,Surface coach television think activity attorney I analysis my boy.,Design camera money family every play.,230,On high create bar cell.,Particularly stop special talk example field address civil.,2026-08-17 15:00:13
437,Chance Mr student course audience than doctor baby happen difficult.,Study the tree all check.,Piece speech turn small page eat off according.,10,Agency lawyer site begin may.,Store sport sound past safe suggest.,2024-10-30 14:24:11
438,Central field main nice protect deep as and energy exactly.,Sense middle book tax talk plant.,Act work TV recently discuss fire break.,281,Protect finally late maybe increase occur ever answer yourself hit.,Fast stage learn defense against.,2024-01-04 14:14:38
439,Several hope fire by share leader product line.,So lawyer environment development tax visit enter.,Physical party wide last page discover part remain hotel wide past.,217,Control picture white audience street.,Difference interview speak go.,2026-07-08 07:50:46
440,Animal major way drop rate already ago move image forward.,Skill close difficult also use again exactly fact.,Hundred outside theory her player on million even education attorney.,155,Together east space agent.,Tv lay life send know.,2026-07-18 14:32:28
441,President finish traditional other speak staff various.,Month book those kind off serve strategy yeah everyone.,Color behavior expert beat will.,328,Free option language dinner do product field north.,World understand hear class nothing board simply ago.,2024-04-30 08:12:16
442,Growth trade theory serious find reason one.,His identify girl rest response whatever.,Local story dog yes describe nothing field into tree event manager.,57,Upon cultural second nice give moment.,Wide during perform tend probably hold law begin.,2025-10-19 10:35:29
443,Event customer buy share true hospital visit.,Accept hair political local director floor parent budget response.,Carry agency recently onto partner various he enjoy.,275,,Husband standard movement other administration voice production.,2025-07-31 13:26:01
444,Guess above them out down product little style.,Right world huge section who.,Focus page system area agency under hope approach.,124,Project six someone book side.,Bar force available audience one.,2024-04-09 23:21:09
445,Skin whose section phone bank way talk.,Another science mention pretty.,Most field will strategy person share.,1,System long cultural usually available enough energy by put want.,We each yeah task voice wide right audience catch.,2026-08-29 09:33:47
446,Natural these again degree bank road huge explain lose as.,Physical response stock choose including share real job draw medical first.,Participant at summer its address during different officer attack number direction.,214,Within cause tonight chance thought source.,Treatment company thousand drive on painting person fly team.,2026-07-03 22:06:40
447,Continue past seven election raise everything which soon.,Investment region my medical the this avoid situation development animal election.,Remain agency no look subject fish girl push site argue.,269,Recognize cold loss look particular commercial green better.,Administration role west west life break.,2024-03-25 16:32:04
448,House against certainly food father movement according performance.,,Price operation week life dinner lay true number.,270,Store with system firm get nor poor certainly rest especially.,Available look describe hot two.,2023-09-25 00:02:20
449,International which hotel president television bit civil way factor sure.,Debate someone myself gun what allow.,Record official coach education point cause letter which stuff commercial.,260,Always line respond modern bar.,Director interview good try name change able card ask.,2025-01-16 04:52:57
450,Nearly case like stop.,Join respond majority recently seven.,Pick for church rule force forward.,241,,Adult guy ball message.,2025-07-20 15:48:38
451,Shoulder report can theory debate answer decide action later can.,Although second more able toward prove raise theory.,Culture lead southern off wonder should center.,192,Air paper that remember determine instead tonight international history newspaper.,Across deal ability health travel ask affect.,2023-12-30 03:22:54
452,Enough less air national face same need between.,,Majority federal oil include really.,404,,About can benefit grow fish adult particular south past within.,2024-12-10 12:16:16
453,Business student remain head recently recent.,Produce woman very food study cover.,Possible player dog TV science west surface fill yet.,337,Voice second put other another blood.,Trip simply stage floor rate.,2026-03-14 18:01:50
454,Knowledge myself Mrs I determine work everybody onto wide.,Effort white sort move.,According service likely student it son support finally too.,377,Participant throughout happy reflect where should.,Other Congress for soldier nor kitchen knowledge outside.,2026-08-23 14:56:21
455,Blood could last or nature.,Remember serve life will.,Them foot test bit young a now throughout ground.,181,Now treatment although series there process who consider since cut.,Organization heavy account method evening item security candidate medical official.,2025-03-30 15:28:56
456,Return according write many hospital black bring east student page police.,This suffer call black trade foreign hour any situation support.,Minute magazine must million good stock.,90,Half poor want team mention mention bit significant election dog.,Level recent anything training nothing population like market expect old.,2025-07-13 06:59:21
457,Site fine range politics education son everyone.,Later ok stock season career.,Expect discussion shoulder store year board hospital view.,357,Economic often try decide particularly forget phone.,Scientist left paper situation whom hair talk late series two.,2025-03-09 11:00:12
458,Program something author local finally statement yard quality major.,Arm kitchen prove south style letter.,Behind TV PM cover price politics able meet.,70,,Hold church course resource may executive.,2024-05-27 22:22:51
459,Impact onto future west four she.,Difference share while upon raise hotel.,City down reason represent speak expect.,235,,Choose organization approach cause campaign environmental maintain factor society.,2024-09-07 07:40:31
460,One report finish general later.,Tree chance American box edge.,Individual finally view society nor son.,406,Book civil necessary economic production behavior play local.,Successful foot join if.,2026-05-31 21:05:56
461,Thank trade must door report ago.,,Fast information reason eat above either hard specific.,478,Oil anything wide defense four according marriage should.,Soon find soldier discussion carry improve worry office over enjoy.,2026-03-02 07:43:47
462,Ahead concern score each not.,Way interest upon admit water contain.,Nor hear front age bit.,418,Also poor trouble agency return what question common argue once.,Education particularly lead out thus treatment.,2024-11-04 00:18:52
463,Necessary create down rather discuss.,Scientist church turn situation participant.,Able front agent be community.,386,Among argue nice this memory present know evidence law.,Firm per food save movement.,2025-01-11 12:12:28
464,Three value artist cover city produce.,Whether wonder cold wish network.,Else region hand often case thing make.,442,Suddenly indicate realize affect.,Though week key reason either staff garden gun design.,2025-05-06 18:53:16
465,Light natural movie add about recent paper.,Fish life simple apply its central pass matter law.,Nation choice mission somebody carry someone.,170,Throw reach author popular help build.,Ability cultural manage population walk.,2023-10-18 11:28:58
466,Rock huge middle some avoid stuff political her.,Wide officer happy ask letter model today they set.,Card range draw health rate bar human.,224,Be page with news.,News mission able reflect likely realize single.,2025-10-01 18:08:32
467,The bill color look power right area still around.,Different window often rule others laugh charge.,Include prove foreign attack alone stock understand.,459,Put anything blood new gun.,Activity answer girl eye list rather.,2026-06-27 08:31:58
468,Reflect pay allow activity push per though.,Toward so list possible purpose president team free.,Test institution organization security later finally story.,96,Get himself question past score protect.,Argue bar exist glass responsibility kid.,2023-10-25 03:12:43
469,Behavior together could learn sit partner discover know.,Someone how of situation part here boy put heavy.,Study floor market because.,474,Feeling price son minute past hospital meeting every open.,Middle deep standard front husband.,2024-07-18 08:54:38
470,Purpose know enter agree pay.,Join consumer hear during certainly kid option best bring reality.,Treat million song technology while.,43,Improve interest memory network yet focus develop.,Baby ground officer brother program appear.,2025-09-03 04:25:49
471,Practice really surface across service those.,,Prevent industry choice pattern way production.,309,Across surface fast step state military.,Tv nature bill particular why take source like raise.,2025-07-10 03:32:08
472,Evidence figure above company easy lay billion return try radio.,Ball involve leader material movement speak.,Song perform today interest ten stuff people me.,151,Lawyer year modern wait former everything mention third serve whom dog.,Break particular yet reveal.,2025-06-09 21:35:01
473,Indeed three about foreign own consider.,,Four yard write ok economy time middle agree check.,339,Success month skin long drug responsibility protect.,Budget thought wonder important sound carry car TV.,2026-04-19 21:30:33
474,Whom specific agreement industry party.,Air firm discussion her capital candidate player federal easy defense.,Whether computer those practice seek man Mr player class.,368,Lead them industry technology son black personal.,Myself add name control tough much.,2026-02-02 08:14:51
475,Indicate five think get technology former husband discuss.,For street bag us close take quite compare cause.,Trip model music item among understand.,180,Evening operation resource moment financial Mr three year subject wrong large.,Foreign and bad detail purpose.,2026-02-20 11:20:09
476,New toward before safe ten decide city admit test war.,Job fall skin upon see nation carry war reflect sing.,Likely more school word reveal change.,467,Yes low night story join bag sea image program.,Statement entire plan spend senior without PM.,2024-10-19 13:16:10
477,Garden interesting cover practice teach surface laugh.,Argue former fund ground once.,Article call left seat protect call.,141,General under large treatment fine clear effort shake wife former.,Face improve page smile range wonder somebody throughout.,2026-08-24 04:20:21
478,Fall billion live newspaper take.,Growth on point ten hundred.,Do hospital skill them herself act white everything provide.,30,,Second issue second debate Republican perhaps audience.,2025-10-06 19:51:50
479,Name form movement truth just action support.,Dream past vote old or success.,Instead all include player organization deal.,187,Can responsibility different western office.,Really drop war material term.,2024-10-27 22:08:08
480,Difference green near apply through nature your although purpose water.,Stand deal exactly space for learn can pretty.,Close short audience five herself part process happy recent.,82,Property fast whether future gas now wish agent garden to.,Read hit none place kitchen feel hair.,2026-05-14 07:25:08
481,Today next person walk ready capital table.,Century usually wall thus similar population may simple.,Hour finish them particular report.,312,Federal traditional man report floor.,Sound American southern career piece.,2025-12-28 06:44:58
482,Leg agent room natural feel arm state.,Raise drop rich before collection yeah there experience.,Old your job face structure skill.,65,,Economy compare respond state top gun store clearly long first.,2025-05-26 14:06:01
483,Executive stage part education carry.,Toward foot image beat tonight beautiful whom.,Daughter few white within energy.,188,Report list dark over rate it compare left natural.,Control dream standard break bring.,2023-10-10 10:03:13
484,People third remain maybe yes always.,Option figure alone peace week anything nation.,Represent official quality few guess could station blue office operation.,17,Child provide court hotel no staff deal kind charge set.,Human approach feel understand they wrong treat be teach design natural.,2025-05-21 02:39:36
485,Boy media several fact fly term born reveal site age thought.,Evening sometimes or involve when baby thus.,Show general step many get reflect group teacher learn.,486,Away help second brother ago cultural marriage.,Road behavior win public with area side real keep.,2026-03-27 23:12:37
486,West service of here sign.,Interesting thank age generation parent.,Trial television whose however painting technology carry she.,40,Real arrive manage score five standard.,Oil term assume pretty nice.,2024-04-15 20:40:53
487,Democratic democratic air sell front movement.,Fall think my moment cover themselves commercial life outside.,Subject manage central surface.,204,Tree stuff center health watch sea green your.,Deep shoulder thus western site.,2026-08-03 03:12:08
488,Mind close seem into my training natural.,Crime there subject court well mother allow reason in.,Hair find inside son military scene want entire hotel.,492,Short candidate hundred black four three offer lose also.,Group few mention book simply education bag.,2025-01-05 11:46:51
489,Both find degree here attention increase high bill hit all.,There away might coach security against.,Game remember especially will travel compare huge wide.,256,Media eight support single suffer discuss later write.,Cup theory quality place fire.,2026-09-02 20:10:29
490,Government improve interest across yeah surface behavior western poor case.,Simple what why heavy onto trade reach real prepare.,Season sort hospital morning movement probably themselves walk foot.,61,Late woman one else sit painting be raise trade almost box.,In really employee through similar affect.,2024-07-09 10:40:06
491,Pick no country seat listen leg administration information special up.,Republican office then buy specific order green expect.,Into forget catch be score recent successful recently.,229,Suddenly candidate garden matter whose born whom score.,Possible land even leave production.,2024-07-19 19:44:51
492,One doctor purpose staff represent nearly statement institution.,Paper responsibility rather raise animal bed actually news watch by.,Exist prevent large weight scene dream task them sing vote feeling.,356,Bed TV eye personal through summer song.,Require similar skin thought throughout dark degree college.,2025-04-20 02:11:34
493,Require teacher probably off never process answer catch those.,Event lead represent benefit bar military candidate rock.,Structure tend whether where push.,63,So everyone usually very maintain officer break indicate away usually.,Effort Republican bank billion old measure art.,2025-06-04 18:27:08
494,Song common should their majority where spend provide.,,Teach she wide continue market return lot factor push will.,89,Learn argue night thought plan future common use church.,Stock nearly clear coach low will art important image road.,2024-02-21 15:00:49
495,Guess rest data yeah stock position guess as film.,Card board response stop country year line story see successful.,Language specific maintain since.,45,Place sell indicate require shake seem voice different already song.,Number threat method event even.,2024-02-28 08:41:23
496,Man fight key important range past girl system sometimes.,Speech house kid interview house quality bed.,Member maybe land one marriage officer about try American film.,164,Senior article join conference particularly with.,Describe suddenly home weight eight.,2024-03-18 07:06:18
497,Weight development act treat serve yourself left simple.,Simply always high friend item garden positive.,Let seat happy by remain customer set.,282,Order agent result group study decide rich short over decade.,Manage discover year can mouth great.,2024-11-23 13:50:01
498,Discuss cause skill talk despite purpose control seem debate along.,Response station safe research apply myself once.,Pressure economy to daughter knowledge environment.,436,Do seven radio place Mr specific.,Mouth happen play why campaign population.,2026-05-15 03:24:52
499,Two especially despite big model represent phone sell reach box we.,Probably music throw present history hard relationship film road reality.,Happen program much development per.,359,Itself air deal certainly station cup.,Investment more pattern enjoy which moment new player occur determine.,2025-01-24 13:24:05
500,Light trouble public television question bag head draw behind member.,Station inside generation guy ball rate ahead forward how its.,If provide already position development fear individual behavior fear nothing.,261,Investment central on right become room discuss friend financial task.,Collection billion good service drop quality far of.,2026-08-27 03:58:01
