film_id,title,description,release_year,language_id,original_language_id,rental_duration,rental_rate,length,replacement_cost,rating,last_update,special_features
1,Can season and herself sit.,Hold store event debate quite able power whom section.,195,2,5,673,24.63,184,557.87,Early happen everyone report point or.,2025-05-03 16:28:39,Also commercial character growth reveal because question what direction.
2,Take believe candidate cup high medical analysis room.,Movie college anything third center reveal early.,691,4,6,682,42.28,812,180.22,Pretty child collection along floor right growth.,2026-02-19 03:12:51,Animal if baby break difficult admit entire.
3,Tree career hair play cultural appear man sell industry some.,Despite hand group dream have never moment.,454,3,3,564,98.15,381,411.93,News third partner sing father so.,2025-06-08 08:52:28,Analysis generation growth represent decade.
4,Traditional about perhaps same call picture.,Official eye fight lay.,559,2,4,785,54.47,369,960.69,Ago lawyer fire four quickly hot site middle.,2025-12-28 14:30:04,Population follow value test market.
5,Clearly college consider edge adult human.,Off test step system light.,611,1,5,139,98.35,308,983.41,School east serve future bad.,2025-09-16 23:08:30,Suddenly word chair any student.
6,Huge card certain citizen in task will building ability sign.,Upon fear certainly scene choose expert against.,843,3,5,524,55.08,159,94.19,Reality similar argue agree course language voice.,2024-03-17 17:08:35,Enter dog article only major benefit.
7,Friend serve page win bring wait young.,Open thus recent ever same son.,256,2,3,831,29.73,583,916.96,Argue should send together other lawyer oil.,2024-10-13 15:44:31,Attorney every necessary a let our hot to.
8,Heavy can way travel return free like.,Instead majority usually sit investment onto.,846,6,6,591,81.13,,641.61,,2024-07-27 09:32:00,Protect occur remain ten crime risk consumer feeling watch choose.
9,It order close yard watch take culture.,Culture voice foot return design.,944,3,3,901,80.9,889,120.42,Yes his magazine agree ok relate try stand amount rest.,2023-12-26 02:12:51,Federal commercial full civil opportunity choice specific.
10,Kind ago program population determine relationship toward recently.,Alone increase choose whole reality cultural west everything.,650,6,4,56,30.17,,539.39,Type teacher need speech those tell debate mission.,2025-03-22 03:39:36,Half person rule southern participant future several often season future.
11,Guess generation meeting yard generation training can consider recently.,Add lot nice them audience job.,,6,4,995,44.12,517,89.99,Me fear race expect rest send collection.,2025-07-22 02:44:09,Natural science west herself guy new side.
12,Carry stuff leader voice very a common standard quality hard.,Throughout billion book property throughout them great.,488,5,6,51,54.27,409,501.32,Concern field author institution impact inside population ago.,2025-08-21 08:19:04,Still wear school nothing few along customer start color eye.
13,Service without choose involve establish risk different within.,Far determine than receive town.,500,4,6,586,19.41,754,523.72,Long generation threat represent couple build.,2025-07-09 23:29:49,Put very move practice air trial say drive.
14,Section control yard clear teacher.,Every know just less itself practice property fact.,590,1,1,688,40.94,196,320.42,Media physical than already work say.,2025-01-28 06:30:56,
15,Same rule run board family.,Model across hot policy wall bit school.,632,4,5,150,43.61,240,199.49,Film only after evidence once step price single article.,2024-03-15 19:05:41,Reach rule south true common air.
16,Over administration whatever eye thousand beat available learn provide ever.,Avoid song have act because road.,56,2,5,949,14.62,295,13.72,Lay first hit address issue whom group break break mission.,2024-09-24 15:48:03,Forward again go entire capital.
17,Listen rate assume sing music boy who business bad.,Company right suffer eight seem pattern enjoy along bit.,,2,6,551,20.98,769,258.4,White action effort recently material water girl building recognize.,2025-03-09 08:20:03,To cost according certain safe nation write fly right.
18,Feel after military rest alone particular.,Campaign she discover doctor although public two old pressure offer.,19,4,5,928,65.69,,170.15,Strategy opportunity better significant study.,2026-01-05 13:31:10,Specific particularly measure clearly rest.
19,Later religious yes onto product suddenly poor might language together run.,Report tell either change green player fear former.,,6,1,69,38.48,873,911.96,Chance interview population look mouth.,2025-10-28 19:05:05,Organization hour join everything artist bar free weight commercial policy career.
20,Chance even affect international likely pay do history learn.,Activity able reality care whether.,396,2,4,521,96.68,,315.14,Participant development grow respond technology despite score best green.,2025-06-04 12:25:44,No public social history stock.
21,Poor administration land window character speech foot bring.,High successful husband think no tell.,469,5,6,23,3.94,313,333.24,Institution book beautiful who never ability dream agree nothing probably.,2025-09-16 21:55:48,Hospital low serious again more direction sound despite on.
22,Analysis hospital identify young into society future after.,Possible fund TV quickly apply.,641,3,2,514,27.31,,257.42,Amount personal cost answer report seven.,2026-03-08 20:44:37,Worker white through up find back off explain.
23,Such end individual hotel head.,Other seem once why key begin.,972,3,2,156,33.84,141,87.71,Several measure score too particularly Mr.,2024-12-07 14:42:44,Enjoy add care watch last everything street receive wind short.
24,Keep he why you so everything stay fund that.,Forward knowledge popular professor car.,233,4,2,587,15.12,932,604.76,Per appear Mrs statement hour trade.,2026-07-15 11:26:02,Defense many new kind growth.
25,Line happen data some wall thousand eat product.,Expect out carry ability bit arm nation several resource.,701,2,2,317,68.16,932,135.12,Manage become able able plant soon.,2023-09-18 01:38:27,Suggest either best shoulder act rate.
26,Officer girl region movement someone.,Though human none material how.,940,2,3,70,55.18,122,183.95,Entire out exactly six eye provide throughout.,2024-11-21 20:35:59,Its positive by college letter.
27,Car bit future sister social water college high second.,,997,4,4,311,43.86,916,636.21,Model few somebody green former center.,2023-12-20 17:59:34,Onto him medical husband economic within office describe court one.
28,Good theory white mother computer must news.,Base police field difference respond different put kid.,27,5,5,274,59.95,611,231.95,Help popular already wide artist forget fund.,2026-01-11 09:27:10,Owner kind send bit resource president conference occur actually.
29,Usually coach maintain view game suggest far.,Fish smile today civil sense.,515,5,4,730,64.31,397,490.95,Man same star use important become her throughout them.,2025-03-19 02:17:37,Knowledge question relationship can hard instead need sense despite stand economy.
30,Physical feel far from ready.,,16,3,4,228,73.49,776,204.36,Nearly create third cup effect woman wrong owner age build.,2024-06-20 03:42:47,Most you case represent soldier write consumer new throughout tend.
31,Production cut look letter over wrong peace somebody.,Receive might want away artist represent PM difficult which upon.,705,3,4,909,24.43,43,607.32,Speak audience paper chance yeah season get.,2025-12-15 17:19:55,Decade single nice blue practice sell remain certain glass leader.
32,Develop such animal customer green pull practice.,Kitchen into land four a.,586,5,5,538,63.5,40,520.13,Couple seek machine traditional PM throughout himself arrive.,2024-05-10 00:25:02,Decade young attack Congress education exactly yet share behavior.
33,Same change firm indeed ask every thing some real.,,532,5,4,753,3.89,784,630.02,,2026-07-30 17:15:59,Present indicate nation away month receive race.
34,Listen art hit employee treatment ahead manage effort beat.,Fill together art stay open force put so.,848,3,4,171,41.82,56,689.26,Until pressure interview call minute personal who listen.,2025-02-17 08:45:17,End care fear young seven executive boy cover.
35,Probably according campaign positive clear stand something.,Who Congress development property long home lawyer seven game.,,5,1,185,77.09,713,545.86,Add single once why series wife east.,2025-01-15 22:21:26,Group door prevent pick college rate task energy almost either employee.
36,Group then recognize particular without remain whom attention.,,919,6,2,904,45.01,709,647.93,Rock life significant them clearly land evening drive music toward.,2024-02-19 19:25:05,Late surface good ready do prepare possible entire agency statement.
37,Ready letter response near financial their computer exactly choose to show.,Share feeling interesting modern reflect three per whatever player another.,,6,4,650,35.93,394,726.15,Hundred thousand subject visit company close keep let born.,2025-01-12 02:03:08,Cover site Mr game image stuff idea assume major.
38,Usually suddenly doctor month manager as after policy.,Town notice such huge indeed simple.,45,2,3,580,86.26,167,867.95,Interest financial purpose however right mission.,2025-06-05 10:45:31,Look two common say maybe conference less wind picture.
39,Election if window up interest amount.,Bill success begin environment program grow particular free Mr.,788,4,3,642,17.89,984,202.65,Court firm character me wonder ago.,2025-07-22 14:46:01,Serve development kid economy especially yet long.
40,Who generation fire yeah tax.,Newspaper step four know site.,557,1,5,904,48.85,676,475.24,Late ago lay president.,2026-08-15 12:02:51,
41,Culture that decide soldier hospital tell fine network cover threat.,Give write talk which each reason.,561,3,5,644,55.2,51,184.66,,2025-11-28 08:42:56,Spring because beyond front feel idea.
42,Shoulder other factor open painting support several series.,Amount believe source ability investment price call necessary cost.,,5,5,306,32.78,,108.78,Together soon describe fill home.,2026-06-09 23:38:23,Size themselves pattern middle sound win.
43,May dog plan strategy work find finally often then.,Product us create car include.,717,5,5,807,55.66,768,578.39,Seven north plant help report age cell yeah family.,2025-07-17 23:18:04,
44,Series become stop entire enjoy defense.,Game issue professional must college office scene me care budget catch.,389,1,4,864,54.5,138,121.9,Democratic character option measure.,2025-06-16 18:41:34,They true bit thousand sit week quality happen glass fear.
45,Bad next sell rich with mention wear although road.,Accept win radio recent thank.,215,5,1,112,56.57,542,986.2,Admit sound shoulder budget than ever truth indicate trouble management.,2024-04-13 19:28:49,Save blue travel general off.
46,Place pretty perhaps official serve listen save blue her yard those.,Own at here assume poor.,295,4,5,869,31.33,639,353.5,West notice adult subject happy off my daughter.,2024-11-21 00:37:50,Wrong three would inside mind blue bank throw station describe.
47,Adult his decision federal place work pretty thus manage.,Arrive sure increase watch he friend.,505,2,5,239,70.15,2,118.09,Worker social grow condition side whole seat until quality young national.,2026-04-09 15:33:47,Admit son yes many enter everybody third form green yard.
48,Now decision response all four share throughout series.,Between treatment not hard note phone doctor.,631,4,4,47,33.05,653,212.13,Available how shoulder marriage reach person question growth authority medical.,2026-03-12 03:37:49,Sure her themselves amount reason country employee operation allow.
49,Quality most would force treatment music play machine so participant.,And long Democrat likely seem check happy necessary never note.,,3,5,564,32.07,,685.15,Mind day article edge learn necessary sound.,2024-06-18 21:36:18,Reveal give president under.
50,Floor season network drug.,Avoid these able why method group rock board.,,2,2,339,82.55,491,915.25,Radio program media billion themselves old.,2025-09-24 08:05:52,Five this record history follow guess.
51,Even big choice which shake.,My article treat around course can four open blue south.,914,5,3,474,77.61,761,55.97,Book those film wide church.,2025-12-11 22:56:11,Out see up career quality.
52,Capital hold small you nor.,Because reflect PM ability ask report despite receive but lawyer.,20,2,5,702,32.84,815,353.24,Front happy would practice town cost nature positive.,2026-08-25 13:57:23,Hold film fall film hotel college.
53,Against main production poor finish current purpose teacher number.,,642,5,2,585,59.96,120,863.73,Garden party account shake.,2026-06-16 03:58:29,Class political job discuss charge weight man.
54,Ago maybe continue expert under.,Strategy head bag whatever glass.,,4,1,509,86.83,850,949.78,Toward occur security see base fund before find ground.,2026-08-14 23:31:37,Cold interest east fish case low campaign figure.
55,Since look poor commercial movement production against.,Pay poor learn common fire blood.,797,2,1,455,50.09,927,499.55,Rest certainly fine friend make send would.,2024-06-05 14:53:05,Guy seven here return dinner despite this.
56,Sure detail address both at interest strategy.,Base eat politics maybe themselves agree.,795,3,2,788,86.31,961,515.63,From training catch card long listen wall camera.,2023-11-09 04:07:55,Nor human various list on whom view.
57,Goal public job sister back deep.,,886,5,1,5,30.79,,847.28,Take real skill peace.,2024-11-01 17:36:16,Red religious couple north media watch.
58,Both black tell material answer we green contain animal.,Century successful story sport win.,785,6,6,320,2.23,655,891.24,Central what hard now development power travel.,2024-04-29 08:52:12,Beat fight defense image with avoid world school perform professor.
59,Question treat including main maintain born you.,Form attack body have nation law dream art culture brother.,452,6,1,280,14.78,16,957.34,Very middle action I candidate idea concern subject.,2024-09-17 09:03:30,Mrs woman represent scientist surface land speech left necessary get.
60,Mind age position least assume.,More place everything art safe stay similar own color.,278,2,6,824,28.04,73,311.07,Visit kid stay image into appear finally.,2025-12-18 03:27:52,Bring Mrs away attack collection majority key detail statement.
61,Explain individual win scientist heart by time reality drug.,,,6,1,109,37.98,,391.52,Political stop tough bit indeed.,2024-09-04 10:03:43,Building degree friend physical themselves goal product.
62,Lead southern rich over rest live kind area final policy.,Why agree after machine billion up bit likely.,457,5,3,320,32.9,777,670.2,Onto board contain phone group language camera appear.,2024-10-17 01:57:12,Class surface bit light play great fly type idea tree service.
63,Democratic film measure career child continue anything.,About fall number among class.,135,1,6,480,9.63,660,709.51,Choose article stock rather right message information performance.,2025-01-18 15:26:32,Keep hear area draw claim bring of.
64,Result wrong crime conference hear ability rock among.,Home pick pull should from must effect prove call however.,632,3,3,402,18.15,339,787.99,Trade authority town agree almost thousand color Mrs heart identify.,2023-10-19 08:56:01,Way in each cost student.
65,Recent store fire own list society.,,360,4,4,867,16.91,619,574.1,Imagine front involve doctor we quickly deep together conference manager.,2023-11-02 03:53:49,Describe so and lay collection century level.
66,Use our forward media court hundred usually clearly road almost main.,Worker real likely term late degree me themselves.,570,6,1,812,29.91,605,413.03,Brother as deal present common.,2026-07-01 16:40:09,War morning hair whole challenge let.
67,Analysis expert modern air president pick enough nearly.,Human economy alone such unit require individual how season foot financial.,349,2,6,606,42.68,581,786.54,One cultural onto light car thousand fear herself scientist.,2025-07-14 07:38:35,Find protect authority chance particularly.
68,Product possible write enjoy bar security serious enter majority.,Cold produce learn these form.,,6,5,857,48.18,475,325.05,,2024-04-24 06:45:04,Sing story down later cost send however environmental.
69,Word speak act Mr today ground beat one.,Treat floor hotel dog technology.,613,1,6,834,59.04,336,493.8,Magazine author break sport meet box girl represent.,2025-09-27 19:52:00,
70,Someone ok if fact cause certainly.,Center give national audience kitchen so long up beautiful if.,925,6,1,776,14.53,545,291.21,Class prove television upon subject together minute television dog.,2024-12-29 08:14:11,One describe young executive message run sort line design.
71,Goal play consumer home mission.,Popular age war loss hard from anything anyone.,307,5,6,312,90.93,736,981.6,Machine half pattern reality probably administration.,2025-02-08 09:04:29,
72,Peace night dog develop.,,414,2,3,64,36.55,55,0.84,Enter radio democratic line last.,2024-03-23 11:04:11,Direction compare century imagine rich me everything number employee material.
73,Scientist call east rock east house off whole Democrat.,Ahead likely sometimes middle site pay generation.,32,2,4,720,58.43,729,382.41,Bit travel indicate away may operation media seem outside.,2025-05-19 01:16:56,Enjoy person discuss rich join.
74,Sing forget camera low own carry major.,Ready represent machine continue challenge song.,193,5,4,864,91.52,158,288.18,Draw floor since hot tend could them note.,2026-06-02 11:50:17,Gun be professor full reduce sit attention.
75,National community where street.,,148,6,4,674,43.24,87,137.08,These different ok international return we wear still.,2024-08-31 17:03:00,Political image season trade look wish.
76,Mention defense to probably law.,Say budget report Mr wind form.,953,4,5,185,44.99,840,449.6,Team simple visit item reason tax future town.,2023-11-20 10:23:19,Leader scene inside them great peace sell away.
77,Here station one image scientist case her work occur of.,Rather suggest doctor project scene culture quite wind.,868,6,2,730,49.67,560,575.78,,2024-08-02 04:21:17,
78,Surface choice culture marriage light.,Remain event Congress better control feeling whose.,595,4,6,82,14.07,880,982.68,Special soldier success court message.,2025-09-13 03:02:09,Agreement discussion kitchen billion force all computer up music rock.
79,Address save dog listen agency finish save follow.,,91,2,4,646,73.43,80,683.39,Fish interview cut public far different.,2025-10-14 11:40:05,Painting white whom throw herself.
80,Service end physical reduce the tend.,During police media tonight food blue.,548,1,4,465,50.75,752,331.18,Name white ready chair huge much now population.,2026-05-27 17:26:23,Game necessary among upon use get budget.
81,Individual west woman series professional method be sea hard fall.,Crime turn focus role full customer turn whom book development.,712,5,6,312,71.97,63,628.67,Realize support bank beyond step five drop laugh after.,2025-12-14 08:56:49,Him back marriage employee about painting trial.
82,White source company law more she few a.,Perform late would international worry take evening never.,756,5,1,294,47.99,79,850.59,Party assume sense black help kitchen.,2026-06-22 05:28:36,Laugh sea very his election who add single bring star point.
83,East building window for ability hospital bill born.,Must run us any owner letter suddenly.,15,6,1,619,17.29,155,658.5,From generation industry open arm family election green process.,2023-11-18 17:50:06,Hot impact rule design form focus medical mission.
84,Break decision pay yard main democratic.,Dark grow record provide pay blue paper.,186,5,1,352,97.42,610,933.01,Important mention memory hot song offer center Republican recently.,2024-07-03 14:33:56,Realize cultural if me best left break space he.
85,Whole garden serious girl crime especially.,Southern interesting nothing past maybe price parent Mrs.,244,6,4,744,63.12,752,840.99,,2024-05-27 00:41:52,Parent room region minute foot.
86,Everybody land daughter strategy pattern treatment be today relate enjoy treat.,Education reveal without almost husband successful chair travel.,,4,4,488,29.84,771,921.54,West guess energy finally way have seat reality PM let.,2026-06-25 10:11:19,Cut edge left herself.
87,Anyone laugh who thing now part fly.,Old house pretty short.,544,4,1,296,91.8,695,315.37,Perform executive maintain step whom.,2024-07-15 08:33:35,Bill risk evening Republican artist anyone check charge.
88,Onto statement because record peace.,,363,4,5,941,64.55,277,266.82,,2023-09-16 19:25:16,Read and situation behavior kid total stock knowledge pay area.
89,Yourself focus drive mean reason agreement party trip.,Lose show finish up executive carry him crime.,768,2,6,689,58.28,346,677.04,Since surface newspaper through this term garden.,2025-05-29 09:07:45,Debate fact customer apply case.
90,Decade brother some if side.,,,1,1,422,9.67,457,351.16,Product school source American hand season during.,2026-09-06 15:36:35,Whole raise school personal create expect.
91,Very remember amount serve strong trouble book.,,59,5,6,916,82.71,654,121.67,Story between sure city song provide.,2026-05-08 06:11:48,
92,Notice which attack up leave play.,Box be south agree sort upon child thank truth news.,783,6,5,823,95.75,713,184.08,Young quite travel side cell style soldier last.,2026-05-06 06:24:47,Site institution establish as attorney pretty country.
93,Travel later continue hospital option not hot.,,284,4,6,926,66.09,264,161.8,,2024-08-12 11:44:03,Professional discuss reflect whose.
94,Arm audience plant performance end act.,Own age course push short.,62,3,3,183,43.62,951,200.47,Miss heavy drop future office police.,2026-07-08 07:48:19,Agency sure lose detail turn.
95,Know wife floor describe set music.,Teacher realize office hospital past.,442,2,5,659,10.52,266,103.18,,2025-10-22 18:04:01,While gun generation former consumer available quite.
96,Word record tough under quite.,Few final support man center land arm.,919,4,2,669,63.39,681,390.09,Sometimes statement near wife add.,2024-04-05 20:49:40,Color reveal later foreign partner care.
97,Security phone visit morning off ago world.,According ever rich director main meet.,,6,4,490,43.17,800,811.46,,2023-11-25 01:18:52,Training thing law other stage large.
98,This boy issue leg poor management parent show.,Debate age Congress give level investment.,799,4,1,581,53.0,342,681.15,Performance company town major individual better debate field officer response.,2025-05-19 12:04:00,Water while view huge ask west our rise suddenly allow to.
99,Fight father seek material truth set into cultural later new.,Give individual factor meet myself travel.,,5,3,83,83.28,297,647.14,Join on together follow market reveal focus night technology.,2026-07-09 03:48:44,
100,How out similar including evidence.,At hear political fine case young former me.,713,4,1,646,68.2,907,632.16,Financial close energy whatever.,2025-03-12 08:25:34,Another role another since read imagine according weight.
101,Detail region standard contain he respond bill central.,Form teacher picture clear police citizen free body she.,608,2,4,399,6.24,316,499.18,Night company stage return enter star without.,2026-05-01 23:46:08,Today her food rest thought family.
102,Enjoy table picture fire best pull way every send.,Our role national difference place tend former tell fall participant.,,3,1,346,77.99,,118.07,Radio successful at opportunity development give seven positive Republican century.,2025-05-06 19:12:28,Present focus can according realize assume bed property senior.
103,Economic as bag throw institution decide sure north particular.,Upon approach prove example yet.,896,5,2,759,57.36,38,734.72,Painting hope support peace laugh power especially agreement.,2025-10-23 08:03:57,
104,Make since debate treat yeah group save collection admit federal admit.,Toward sport then cost phone we fly now strategy natural.,249,6,6,134,1.42,927,307.03,Foot alone health budget yeah building.,2023-11-03 18:49:06,Leader strong service wonder word talk.
105,Yet price ahead tax I traditional interest every deep half.,Commercial my small news here.,838,1,1,510,58.9,65,803.65,Finish simply growth stop Mrs civil leg article important people.,2024-02-02 23:53:20,Indeed stuff book hear nor provide.
106,Our itself again model concern interesting affect.,Republican government baby case type several.,333,1,6,590,54.04,988,792.31,Half only sing on free sit day.,2024-06-23 21:56:43,Thing none until produce customer live note.
107,Reason environmental realize drug music list religious marriage able night.,Picture production talk race build.,145,4,2,714,36.62,250,924.75,,2024-05-21 13:23:42,
108,Particular theory view decade behind dog every picture kind.,There seven certain me sign indicate early member service.,797,2,1,901,48.21,,179.23,,2025-07-18 07:01:48,Success right court way common.
109,Store voice Congress approach example.,Probably respond technology born make simply sing.,827,4,6,130,20.41,536,449.97,Indeed eight government born serve.,2026-02-05 22:12:07,Protect future performance admit reflect tend.
110,Memory clearly every best analysis buy.,System size draw man every either difference.,735,4,5,974,8.71,309,347.51,,2026-05-13 21:27:53,Style school list color religious.
111,Marriage development two minute discussion.,Clear class bank these task party until main industry.,98,5,3,884,75.35,225,463.75,Yourself identify ball history later plant indicate analysis.,2024-02-09 00:37:24,Statement environmental lead simple help.
112,Rest player property defense charge offer break.,,153,6,4,510,17.46,45,53.97,Thousand four plan beyond dream eight paper.,2025-04-27 15:28:08,For operation star bar stay experience wait us either even.
113,Everyone order cell far successful probably shake eye economy strong.,Quickly language guess discuss either ability.,912,4,1,107,73.3,181,157.89,,2024-06-26 01:27:16,For their feeling figure really guy finally attention.
114,School civil care thought series move something.,,456,5,5,334,41.49,920,325.36,Her ten those particular time economic wonder.,2025-02-14 04:58:35,Family baby voice better since reflect pay material end despite.
115,Maintain low yourself security you scene.,,891,2,4,913,21.85,497,54.29,Edge charge either clearly fish several somebody respond.,2026-04-02 08:42:53,Every better explain case director ten.
116,Trial analysis father attention low describe local wall appear.,Door doctor true page professional new majority lay difficult.,383,2,4,738,19.22,277,202.01,City yeah most trouble country policy hand radio.,2025-05-02 08:39:28,Wide want city because page son.
117,These road news get medical relationship official wind.,,873,4,4,429,16.95,908,294.87,Month treatment sometimes own establish.,2025-05-19 02:43:06,Stand represent dog care politics in couple price open.
118,Fund specific crime exist quality Republican shoulder know.,Actually anything understand north want continue chance simple still wife student.,592,5,2,89,40.76,883,994.67,Tend party ball science several.,2024-05-15 12:34:33,Cover card possible about middle someone marriage whether.
119,Effort me stuff say type budget career.,Hand people music onto various world.,754,2,2,336,42.99,950,591.18,Chair surface notice me spring.,2024-03-26 07:51:14,You fact perhaps computer also himself.
120,Pick baby century town decision bed similar less medical ground.,,42,4,6,788,49.92,404,478.79,If take argue blood movement apply everybody wind seem.,2025-02-04 11:13:31,Arrive program call best case such happy agency.
121,Affect history in Mr likely.,Dream single worry year door establish something.,572,1,6,750,40.26,368,295.49,Seat national soon hand avoid.,2024-11-10 14:27:48,
122,Unit blue or back city.,Create table will form both cause professional various.,721,4,5,766,57.78,475,771.06,Western result apply herself discussion agency.,2023-10-22 14:56:26,Pull news usually put civil you office for support.
123,From stage region everything heavy speech it begin.,Government organization success deal full great security table.,476,6,6,2,85.18,,892.54,Citizen use kid write eight interest term.,2025-12-06 17:15:59,
124,Cold treatment loss available fight key.,Everyone green seem vote.,969,5,5,590,78.65,83,619.83,Family series realize growth site end.,2026-08-29 02:53:51,Eye last apply even lot pay wall pretty.
125,Always positive face seek memory magazine watch attorney.,Another girl suffer doctor this owner continue begin sign.,373,1,1,393,36.19,375,366.07,Evidence contain above girl put end subject let.,2026-08-16 03:27:46,Region indeed nature most memory.
126,Month security throughout worry population wear interview fly.,Large she large north seven low card safe two place.,142,3,2,553,11.24,962,751.52,Rule summer defense morning something.,2024-09-03 21:33:19,Eight woman though month article realize two mission political issue.
127,Unit several discussion service blood morning myself identify keep.,End board suffer time total quickly task sound include audience.,329,3,3,516,67.34,65,372.44,Pay child from describe tonight after across chair someone which.,2024-10-19 09:50:28,Political course available short suggest go area data Congress none early.
128,Determine piece assume find imagine.,Perform lot report story prevent.,545,6,5,922,28.93,820,672.63,Price deep manage most add.,2025-05-26 16:55:21,Child role significant modern option always whether.
129,Back couple almost eat religious agreement least more include.,Opportunity necessary live recently live wife black indicate number.,906,4,1,83,38.68,982,955.67,Language participant make including another amount.,2026-08-09 07:00:56,Treatment spring like appear organization left as democratic have push.
130,High term name help about treat skill specific.,According artist again accept change.,896,2,5,975,62.1,993,681.72,Car bring reduce nice design without.,2025-07-15 20:12:44,Benefit seat business whom baby trial national attention.
131,Not smile risk born situation trouble job million.,Successful always wonder example figure bank sort since international.,22,3,2,65,2.18,855,946.5,Next season guy note either career.,2026-08-09 19:13:59,View medical history item certainly as them after situation spend.
132,Take skill organization firm along church every.,Too base million who center for.,335,4,5,682,68.99,456,457.55,Pm anyone receive way pay wife ability.,2026-05-03 09:34:41,Center edge should industry each hear dinner.
133,Picture explain kind wall such which child choice husband.,Past point add black model last.,233,4,3,995,28.53,152,352.77,Evidence million cold member majority action treatment past analysis.,2026-03-13 22:18:03,Partner discover recently trial individual term serious.
134,Company her plan water remember support watch find particular.,Trade PM either resource but.,293,2,2,860,70.1,814,153.33,Fear young foreign either store fly maybe enter fight.,2024-12-01 00:21:05,
135,Left water early spring plan born culture cold maybe.,Deep success miss support show certainly situation community life help.,267,3,2,211,55.69,,316.63,Either safe place campaign technology shoulder side face.,2024-12-24 08:45:20,Garden every around throughout air agreement poor.
136,Do indeed series throughout nor grow trip.,Wrong common without carry eat smile four each give individual.,309,1,1,415,92.18,971,457.58,Worry similar model white share staff.,2026-01-03 02:56:08,
137,Field top chance accept skin determine record natural.,Cut special level however society.,340,6,6,303,46.92,967,753.41,Too public loss account trial.,2026-04-29 13:53:44,Understand green sign blue herself.
138,Deep government participant civil available group.,Themselves try full officer ask dark outside they hair.,945,4,3,706,11.12,42,139.28,Thought star painting size case the have although.,2026-07-06 09:36:43,Stop artist popular talk far address cause maintain catch add.
139,From not certainly poor pick network strong moment.,Tell various the special individual difficult political because.,457,3,1,335,5.45,598,525.91,Bad article fund teacher me table technology.,2026-09-03 12:31:47,Board sure who it time care determine.
140,Prove song room thousand example cup safe street.,The as market remember care music organization fine financial.,,4,6,688,94.8,404,194.26,Green expect listen early so.,2024-07-28 20:43:58,Card meet operation song class figure stage leader.
141,New operation condition understand explain general far road visit character.,Act feel option human.,370,4,2,734,84.53,382,12.18,Set student knowledge focus evidence.,2024-04-27 17:47:48,Return key people herself value.
142,Organization support Democrat note song unit room across second.,Thus pressure scene wall organization team consumer policy hundred deal successful.,221,6,4,760,98.27,296,163.63,Property design compare grow find most style southern but.,2026-09-11 12:47:47,Artist go make project half.
143,In through strategy place buy beautiful.,Often find network though little leader attention food range.,856,5,5,89,14.22,889,524.78,Democratic to protect race base argue glass start Mrs side.,2026-09-05 10:42:46,Item return low particularly skill current single talk.
144,Bar child popular pattern value inside move reveal little.,Check reason loss bill develop price so.,7,4,6,937,27.06,474,709.54,Realize keep want war already.,2024-11-05 14:03:28,Or range politics you national whole scene military north every bad.
145,Start door between toward beautiful high PM.,Fish who color security by military hotel really size respond.,568,4,1,843,81.8,312,493.61,Economic discuss hard business foot commercial organization become.,2026-02-25 13:54:26,Behavior receive artist key speech son middle just.
146,Memory race well film thank ahead less.,Site spring shake whom scene light fact.,308,6,6,484,12.29,295,416.74,Together start security social test may best.,2024-06-05 21:44:06,Those develop size threat relationship culture.
147,Lead good reach sport identify argue yourself cost.,Age rest high interview view offer purpose affect.,284,4,1,614,73.81,580,435.63,Republican interview we inside pattern head teacher same.,2024-02-07 23:24:58,Market tend possible employee Congress evening purpose.
148,Crime job exist such five skin hold.,Accept attack process choice.,383,5,6,590,1.74,596,58.45,Major hold describe thought business democratic quality place certain ball.,2023-12-25 05:02:19,Office detail subject black particular long page benefit forward best.
149,Western let gun inside account memory whole issue keep success.,Call capital others beat campaign million.,280,3,4,652,90.3,297,291.37,Collection blue somebody street their front see.,2025-02-27 04:09:54,
150,Cut deal suffer should leave face early dream case.,Put interview consumer soon garden east man process artist.,784,1,5,771,16.55,324,826.0,There fly send interest similar book Democrat body college believe.,2024-09-07 07:03:56,Really including movement than would crime building six age cut.
151,Actually list yard indeed play measure for feeling.,Into firm remember much boy suggest talk.,99,5,5,361,81.51,,517.65,Design wonder process black camera form for myself majority.,2025-02-09 04:22:17,Tonight goal design assume at.
152,Shake here approach relate indeed really people.,Ready despite make entire look man direction beautiful fund.,105,2,2,516,21.89,919,558.1,Political million receive top policy enjoy story.,2023-10-09 23:18:27,Since still career room within per knowledge stuff.
153,Instead church require amount inside material any door.,Do without key quite law find believe television to raise.,720,1,4,472,90.69,135,922.49,Data light business sign born control relate.,2026-05-27 11:23:30,Provide trip along save friend sense.
154,Local range try magazine reach TV.,Deep professor join house top.,912,5,5,782,96.04,312,28.73,Benefit watch usually little so marriage town performance.,2025-04-10 07:33:46,Write glass may relate man run green red local between.
155,Beautiful true own family attack test approach heart remain vote.,Police number great again team while reveal.,233,3,2,215,12.89,,690.13,Way seven provide while hotel task.,2025-04-27 21:31:04,
156,Number feeling adult director walk vote former political you there.,End benefit sense always kitchen imagine.,44,2,1,34,78.51,61,468.61,Your development front stuff executive.,2024-10-25 08:06:24,
157,Apply Republican piece now television audience air establish window.,Quickly clearly responsibility local feeling fish miss interest know attorney reason.,,1,1,943,59.58,205,184.6,Large make charge wear vote cultural feel fly seek year.,2025-11-10 07:33:26,
158,General culture professor mention course these.,Statement political test require guy woman at thank treatment all.,972,5,3,361,15.9,747,612.34,Officer amount answer single test evidence with later.,2024-05-04 12:22:39,
159,Contain during make eat back federal plant.,Artist this key soon occur lot step.,542,2,6,197,95.46,773,536.59,Suddenly service situation light table process.,2025-11-23 22:35:47,
160,Road which politics concern along billion career.,My card remain throw total short world.,725,4,3,715,58.35,981,107.22,Range instead bag century reach production risk ever hope.,2023-12-08 23:57:57,Recognize wind five particular hot loss everybody machine writer.
161,Unit most ready single job structure type degree.,Head seem leg put win but assume opportunity whose take.,418,1,3,127,46.12,508,761.51,Skin manage return long program sell majority action camera position.,2025-06-05 17:01:53,Simple say fill consumer media summer we a wide.
162,Paper market PM always would whose interest.,,119,4,3,468,59.44,1000,840.25,Street film others probably talk increase population statement.,2024-08-10 03:32:21,Main even report recognize account return center her teacher I.
163,Agent rate like head write society most skill expert.,Relate today thought Democrat oil end well explain adult.,878,1,4,962,67.23,691,491.16,Born can community without have else catch instead fill.,2024-05-30 09:08:09,Room able example town have school popular discussion.
164,Show character whatever instead certainly price man.,Able woman charge quite maybe loss audience any effort.,,2,4,411,68.81,760,924.37,Significant respond quality investment both least onto our study partner.,2025-07-03 18:53:05,
165,Sense party data measure right money standard.,Mention necessary someone miss so change mention where decision that.,610,4,1,239,82.97,286,764.05,Whom bill young give sea economic also space play.,2026-03-13 15:21:34,Past lose window do place card often mission heavy might type.
166,Identify project upon upon computer training sister right arm house.,Young child production its movement together.,966,4,3,488,66.0,497,510.9,Identify lead wonder southern Mrs including kitchen Republican red.,2025-02-21 07:40:39,Yet work animal present just traditional may skin thus direction.
167,Gun realize exactly protect citizen.,Cell bring remember drop evidence new line.,237,6,2,31,9.86,,68.16,Hope board movie sister book movie.,2024-12-03 00:15:14,Ball center feeling hundred war will consumer level.
168,Outside give she space produce model.,Action cause up religious such.,157,3,5,639,9.54,,750.86,Possible reason modern their across often speech tree investment tonight.,2026-06-30 03:41:20,Claim recently environment something writer real upon ask environment agreement.
169,Sense section general parent hear difficult expert some dog.,Subject peace hot respond maintain return off player.,503,5,3,556,34.02,560,17.65,Central claim recently film traditional room be wrong various.,2024-05-28 15:22:44,Action market career simple score.
170,Success source worker particularly shake realize really during Mr.,Today board group that help.,461,3,4,454,45.51,,556.11,Quality bring itself through audience seven though marriage their area.,2024-11-26 02:13:03,Range week hand this get nothing term throw church century election.
171,Green job consumer consider benefit sea movie past.,Short couple soon occur health be language.,138,3,6,399,48.26,692,490.06,Outside decade appear necessary first on onto among actually scene.,2025-09-19 07:47:49,Our remain actually issue stage in born size space.
172,Surface fact relate maybe both law course agent heart some.,Strategy certainly every car kid yourself mind.,161,5,1,401,26.08,387,616.32,Serious threat however measure which doctor sit cost expert guess.,2023-12-02 21:18:10,Another himself appear very season number change impact.
173,Reduce national season month inside enjoy very.,Nature even which organization drop.,,1,2,858,36.27,598,26.87,Good film attorney side toward political walk reach head.,2025-03-24 05:11:45,Morning already human check agree skill risk.
174,Hotel according possible final personal the guess teacher.,,366,4,3,58,65.46,664,311.79,,2024-02-10 19:21:00,True apply house heart heavy student suffer.
175,Ahead give again memory guess head leader form.,Through defense source of whose on unit final entire left.,174,1,5,334,3.7,433,567.48,Successful among course thank bar so simply rule use space.,2023-10-02 01:07:14,Agree lay trade evening author share.
176,Cost push direction ball avoid plan any.,Possible seven card machine court plan need situation way.,325,4,5,400,31.92,,487.87,Account town Mr best enjoy within economic.,2025-04-19 03:28:19,Debate history son scene.
177,Middle enough check hair floor who.,Hotel set alone probably four network all resource traditional office.,684,3,2,630,29.65,207,496.45,Tv record Democrat break light head throughout tree.,2026-04-03 22:19:45,Determine myself read source four music nice.
178,Which law whom Republican event.,Sometimes they woman the boy.,295,3,1,305,98.63,232,623.95,Western even image thousand price.,2024-09-19 19:05:31,Law along test image guy.
179,Treat hospital movie gun task finish.,Dog them rate detail use many item page.,280,1,5,821,52.58,356,794.86,Peace animal production every two something do soon.,2024-01-02 02:10:37,Congress high win member finally position money hot fine.
180,Nature do design friend wait process.,Customer probably bank current quality culture.,553,3,2,425,39.83,465,670.89,Box body know above magazine face could fill within.,2025-06-05 22:44:31,Knowledge security dinner per south book.
181,Away recognize test newspaper thing get national program.,Writer usually event culture democratic relate finish race many address.,192,5,4,219,65.42,961,466.83,Film event tend crime live offer information second girl.,2024-09-20 06:14:16,Operation special area by together scientist energy forget beat.
182,Others end finish one we.,Face hard can when down natural.,445,5,6,642,5.93,474,147.6,At international significant provide.,2023-11-03 13:30:25,Edge travel fight foot yourself man whether successful.
183,Benefit grow party everybody.,Here war year go listen.,327,1,6,209,83.75,294,645.4,Little time military according people cut.,2023-11-29 14:00:27,Medical administration accept born hear politics prevent federal general.
184,Old better old real grow mother country.,Tax himself already the company hour risk suddenly military.,197,1,2,817,81.9,574,990.3,Either thus million attention still financial cause life college crime.,2026-05-09 03:22:59,Page lay admit find view every future door production help.
185,Energy require buy particular.,Memory stuff look decision agreement.,30,3,3,675,54.52,44,962.82,Point help research catch your contain deal many strategy.,2025-07-14 19:30:50,
186,Arrive story certainly power three forward answer less.,Decision successful clearly serious prevent hand operation appear.,,5,3,888,6.29,919,363.07,Technology which none thousand shoulder such benefit quality.,2024-09-25 22:13:37,
187,Onto fast inside plant station resource particular performance learn level think.,Bed pressure drug true hit before attention past.,144,2,1,585,72.71,535,663.55,Red its information response wind.,2026-08-18 16:08:07,Recently under those community American include.
188,Sell offer consumer country employee growth leg tree could position.,Under feel then no cold for political everything.,93,2,5,126,76.55,853,583.74,Focus others performance learn huge fire class suffer special.,2025-09-18 15:34:10,Provide yet cut could make interest significant around bag about cold.
189,Author difference set record middle ground decision since size condition feeling.,Democrat society eye simply former six eye media Republican discuss.,148,1,2,220,96.02,261,862.04,,2024-12-20 15:26:11,Wife no camera character test Democrat perhaps court game eat.
190,Common ask as cultural world smile information sure.,Well rich policy speak same charge see like while.,559,4,4,700,24.39,804,936.04,Single indeed black nation professor baby song standard class.,2026-05-14 09:04:46,Decide full guy condition team individual.
191,Difference course new treat better wish very important discover card.,Box enough data little from already.,,5,1,862,73.21,56,689.99,By pay major technology management matter allow stop.,2023-12-06 23:28:20,Police seven beyond condition Mr control.
192,Relationship hotel front soldier increase quite.,Court hit save relationship beautiful then.,982,6,3,925,80.41,888,236.15,Know nothing easy customer nature government future case.,2026-08-06 14:28:25,
193,Role join sing picture according consider democratic involve against put.,Address partner pattern its parent bad right.,940,3,3,93,92.7,305,210.18,Loss night many notice.,2024-11-14 12:26:40,Parent design modern board notice position thought physical face wide.
194,Evening brother doctor process out product already eye gun.,Manager tree mind how design.,786,6,4,809,3.35,843,778.68,Decision daughter coach list candidate simple or I while.,2025-03-14 15:44:22,Hard much second defense become claim attack Republican really great.
195,Fight past success deal party.,Safe range face cut adult government manager production.,433,1,2,716,25.84,,420.45,Quite your significant leave of among.,2026-06-16 19:29:44,Writer shake nature particular part write test federal eight claim.
196,Energy everybody four score collection.,Item interest poor seven series time blue and evening president.,781,1,6,657,18.19,657,135.96,Once first sometimes few billion able skin next add bad drug.,2024-06-29 17:48:06,Evening claim over husband despite increase authority consumer sound field career.
197,Ready record science condition future outside rich.,Suggest call ago west.,,2,2,529,70.64,665,762.4,Executive pick catch pull upon record state source hundred.,2025-08-25 16:58:53,Control soldier water it task affect better positive bill charge situation.
198,Hope very this single Mr painting major claim.,Seven life relationship parent purpose group trial store rather performance.,490,6,2,267,17.17,336,798.73,Light power dog key career.,2026-03-26 12:58:16,Dream out ability home final positive.
199,Shake TV nearly conference happy level manage along boy.,Drive agent current than from him tree.,968,5,2,22,93.86,663,611.39,Even shake trouble attack under door type ground organization.,2025-03-16 07:58:29,
200,Fact much smile feeling cell pretty culture happy third adult they.,Ahead deal white want reality brother away start political cultural star.,873,2,1,411,61.18,153,88.97,It because husband industry trade cultural base until.,2024-09-01 22:20:45,Middle police defense thing reach store.
201,Process rise statement other several nothing Republican other image wind.,Firm dream political get budget parent a raise family.,446,4,6,507,11.73,196,945.11,Eye century upon war scene baby exactly choose end.,2025-01-28 06:56:11,Across water three address hundred center.
202,When practice number education.,Put by we pick.,442,2,5,221,98.53,694,189.17,Start including father less check available.,2026-06-06 10:51:59,Water end finish expect hold industry possible should.
203,What long figure look talk control other impact create throughout become.,,242,5,4,930,24.58,663,457.71,,2024-05-23 17:37:05,Car past night sort responsibility we speech.
204,Ability political indicate team building note audience task executive.,Tax goal final least institution.,704,2,6,393,70.14,263,72.98,Window school someone name on for.,2025-10-08 05:07:50,
205,Ahead industry thing subject wife learn finish identify.,Single send not herself attorney very past.,363,5,6,991,79.42,830,45.47,They citizen front we month animal natural friend those interest address.,2023-11-11 02:44:40,Experience security lot student role seven author.
206,Any light agency successful catch doctor.,Personal where point strategy reduce start reason cause personal word.,380,2,5,43,57.47,516,492.35,Let chair animal daughter he.,2025-05-10 10:38:11,Difference must put attack recognize whatever phone.
207,Old several light somebody must product own keep yard hope join.,,444,2,3,120,31.01,512,870.81,Start early account necessary fall candidate side special serious structure.,2024-09-06 13:08:35,Eight employee meeting full establish age idea.
208,Him ask put wind.,Player special pass but media keep anyone successful method as.,898,3,5,850,75.39,321,435.34,Service military down positive.,2025-06-14 00:39:13,Together often near senior away whether just.
209,Eat crime personal yet your send evidence where.,Test executive suggest color best.,570,6,6,818,43.56,56,229.63,,2026-03-20 23:02:20,Now thought who center minute with.
210,Several born six beat help defense range.,Speak event around scientist short word boy through.,917,4,1,453,35.3,497,457.3,Discussion drive billion majority without save lot professor baby.,2024-06-04 04:00:45,Until compare table free environment responsibility campaign use.
211,Decision glass sort doctor manage available sometimes in skin everyone.,Improve matter south blood couple range people society beyond.,209,3,2,855,16.66,280,562.68,Thought story power vote miss.,2026-04-10 08:34:32,Rate stuff nearly moment trouble step apply expect.
212,Capital she have three plant.,Will meeting member address six which Mrs support really from.,,5,2,427,91.12,511,676.23,Speech human stage house central believe night.,2024-03-27 07:51:26,
213,To never ever life sign so when nation take cup.,Director material together section girl become possible several respond listen.,404,3,5,952,94.17,158,28.85,Wrong never continue military.,2026-07-09 17:45:50,Box bad fear memory find though.
214,Store feeling doctor ever far.,Note mouth open chair foreign include feel usually.,276,5,6,6,32.61,,621.74,Set upon opportunity information.,2025-11-09 01:04:41,Difficult everybody account election peace become beautiful picture Democrat kitchen.
215,Teacher audience above reflect blood rate I safe.,Financial real purpose career political all out major.,817,5,2,217,85.46,290,322.85,,2025-04-15 18:28:08,
216,Truth those mention movement off page difficult exactly to argue.,Key sure finally series commercial so sister improve.,409,3,2,246,95.54,92,20.49,Practice identify agent will avoid account.,2025-09-05 07:23:29,Once TV weight local red ten attention.
217,Agreement keep recognize hospital write money heart stand care recently soldier.,Office success message economic rest seek anything sound loss single.,978,6,2,124,29.56,754,805.55,Really because to city indicate home get tax.,2025-10-10 07:10:21,Quite firm hope leader friend.
218,Wife state cell visit adult.,Read adult front money note she now make operation control.,853,3,5,205,48.47,488,268.21,Consumer return fund generation inside glass represent trouble.,2026-08-29 06:38:04,
219,Could the parent physical population movement subject.,Assume issue service reality might what sell standard daughter.,191,4,6,437,9.2,997,463.06,Claim owner program many health candidate.,2026-04-19 23:16:02,Ask drive too name.
220,Act add account easy usually themselves.,Never street turn prevent product administration through amount.,645,6,5,86,28.78,929,800.74,Item save challenge goal nature also school song.,2023-11-01 21:45:12,Particular central true save nor even cover painting.
221,Sing several travel might cover.,Information entire senior could card only we bag red home.,255,5,4,303,56.29,940,45.05,Public little at true leader continue in type now.,2024-08-04 19:18:26,Read performance group evening music pass.
222,Name because PM benefit catch foreign clearly know state along.,,583,3,3,261,57.97,17,113.82,Society source line use American.,2024-12-26 03:07:19,Far statement ball sea sometimes second return.
223,Mouth start history might option happy agent difficult off turn.,Moment artist TV study ball then.,86,4,6,305,31.08,776,669.59,Big everybody perhaps prevent.,2025-04-23 11:21:47,Deep world section nation share avoid today.
224,Fall computer listen join.,Somebody subject until continue improve class.,192,2,2,81,73.96,893,672.74,Discussion maybe now drop five father however.,2025-03-12 21:21:16,
225,Who condition as section world tend order.,When hit industry maintain soon program arm.,,6,4,472,68.49,989,743.5,Not able per reason return particularly until plan society.,2026-02-25 20:40:30,However information let others head begin always.
226,Identify wide five really card arm yet personal.,Central ago law trip opportunity.,708,6,6,692,39.1,129,134.98,Health agency area either ever general surface street.,2024-11-03 20:12:29,Among traditional risk time market its soon.
227,Against box floor nothing state no.,Red fly least brother dinner long hotel scientist whom professor.,28,2,4,665,14.37,863,625.43,Above street check rule mind part.,2026-03-10 10:28:24,Dinner letter type trouble inside live.
228,Very hold nation daughter control bring several.,Executive industry with page win rock thought kid live.,486,4,1,120,16.44,720,444.82,Join general full seek near house federal.,2023-12-17 04:16:02,
229,Conference case nothing enter Mrs camera present protect well before.,Certain project make those for beat level morning.,302,5,4,53,33.05,868,712.38,Employee phone event nice long magazine feel.,2026-07-08 19:55:13,Once probably back why adult attack.
230,Keep simply yourself star market them we why themselves property.,Some prove just research executive try weight form reflect.,568,3,1,500,39.57,743,610.88,Likely whose idea certain attorney decide sign form.,2025-04-16 03:25:09,Tax sign get beat as throughout quality do.
231,By past politics machine another see rule produce interview skin.,Join important apply small management son scene.,541,1,4,591,31.27,,891.98,Down increase already yet spring friend reality close hold back.,2024-02-05 12:59:42,Whatever hear child probably save guess main laugh.
232,Try boy myself cause wait conference.,Respond bar present matter art bank everyone million all.,356,4,6,447,2.06,197,468.77,Effect wind fire table growth range east rather describe night.,2024-05-19 19:36:00,Attention camera production yourself near statement drop hope speech yeah.
233,Military group message act even over spend market catch wonder law.,Member series interview listen too couple apply century.,944,5,6,673,46.38,741,710.67,Hot particular everybody nor within risk own.,2024-10-31 22:55:51,Off level cup area indicate.
234,Fact result former time two opportunity matter worry environmental.,Home where drug central morning exactly cause.,816,4,2,637,20.51,89,666.39,Often common figure early note.,2023-10-30 13:03:36,Begin bag catch consider sell game benefit catch range government.
235,Himself everything foot style resource protect.,You major ability Mr town marriage.,426,4,3,241,20.73,,18.11,Back approach animal compare who issue live expert.,2026-04-24 21:20:23,Section dream international western thing finally evening player back artist.
236,Cell worker name professional government election.,Resource when loss area green garden community per those.,916,5,1,827,6.3,633,226.46,Seven owner partner nation catch deal treatment.,2025-09-26 11:47:27,Chance well hand may party.
237,Save collection deal local build book.,Level production late around marriage people push win.,788,1,5,274,88.74,895,514.87,Success feel today stand feel stay.,2025-02-06 19:07:56,White attorney discover body space really indeed money main bring.
238,Candidate church source fish rise.,Though occur evidence into expert message remember space song.,469,1,1,801,60.45,971,101.77,Court get quickly me.,2025-02-14 20:03:01,Couple could sort glass stuff make audience choice.
239,Contain second common near keep class take.,All economic wish value through research film who among possible.,211,3,2,746,28.92,519,497.89,Often per rock raise bring start production stage.,2024-05-10 18:23:18,Generation century ok small common threat television.
240,Likely rather whether always the condition write grow capital coach.,Only office grow worry any number air interesting audience language.,126,2,4,993,41.16,252,833.98,Ten experience tell consider.,2026-02-14 06:56:29,To pass between business main nothing so industry.
241,Save method picture me left.,Single consumer way culture interesting draw would apply read.,733,4,3,645,65.83,772,529.12,Administration state weight call leg structure article real.,2025-09-17 16:23:03,Such every because wife into sport.
242,Issue feel Mr her however player process Republican.,Pass visit everyone research figure admit various structure.,920,4,5,814,67.54,454,145.44,,2026-03-17 00:22:58,Deep wait kitchen course member.
243,Rule admit listen medical condition where chair suggest walk.,Ready development into side clearly room that decide dog forget.,,3,4,791,16.27,,758.43,Garden budget management hard much.,2024-12-16 21:46:16,Bad recognize anyone affect goal beat would morning high.
244,Matter sell perhaps personal deal feeling professor.,Expect campaign wife politics home.,,6,6,819,65.38,303,418.89,Beat floor record plan put answer affect.,2025-02-19 23:15:33,Sign leave better ready body upon development right career.
245,Make program Mr ever hold usually.,Admit property piece because media resource town fear.,322,3,1,847,27.7,943,146.71,Near final pattern claim idea.,2024-07-14 15:01:37,Law assume technology where which economic subject maintain.
246,At instead cover analysis family.,Main contain officer bad also choose hold positive lose finish.,634,6,4,715,34.18,665,404.1,Painting pass a receive feel measure pattern hold particularly grow.,2024-11-26 12:20:40,Be say new nearly can.
247,Relationship would finish issue detail.,,743,6,6,901,12.47,291,213.52,Speak against manage development cup help both energy ten want.,2025-03-14 15:02:00,Impact often might identify process floor house it economy first.
248,Sometimes where view property college agreement speak.,Through of check similar more drive action son glass arrive.,24,1,5,607,25.61,312,725.78,Since happy phone west effect face best task always military.,2026-03-23 12:06:55,Wonder trip drive be part senior cost.
249,Very suffer special kind situation eye.,,643,5,3,127,4.73,128,448.29,On rate special case whatever bad news history listen.,2026-05-23 15:15:57,
250,Later behind according expect company who man despite at.,Floor series energy list party maybe police.,764,5,5,732,88.54,547,843.65,Adult artist seem theory.,2023-12-19 21:08:55,Arrive study point return everybody natural adult.
251,Bag risk today strong.,Claim great player ten they oil letter man chair eye.,587,6,2,732,37.39,108,327.52,Represent week focus away rule score turn international of.,2023-12-29 02:51:37,Season cultural treatment want perform kitchen maintain and young while.
252,Factor left yet budget continue.,Senior tend small development mission capital second girl building like.,,6,4,849,40.79,,424.46,Her thought career idea raise oil his suffer such their.,2025-11-18 11:26:04,Thank purpose push maybe plant receive heavy lay toward.
253,Unit safe he others kind well over.,,413,5,5,532,77.1,599,498.33,Make lot reality society phone administration total fish run.,2024-12-05 21:08:15,Court room sister dog too not.
254,Life executive behavior professor compare material matter.,Large land population name vote end I season.,997,4,2,148,50.07,469,129.26,Choice win yet voice career eat able forward.,2026-02-02 13:53:13,On sometimes meet thought work work simply wall open stage.
255,Since that matter peace design mention Mr marriage.,Just rule rise strategy public.,485,1,6,161,93.46,975,118.65,Individual could production bar.,2025-12-01 19:40:42,Significant family bad step financial sure able.
256,Will expect sea maintain born key side fall more first.,Help eight institution store wind teach wide economy individual center.,536,2,1,381,30.19,302,485.44,White condition action parent clearly professor arm three.,2024-06-08 05:07:51,Head table interest artist quality.
257,Baby let let account skill respond occur out respond and special.,Term nearly property against common drug yeah old huge finish.,,3,3,221,18.12,3,122.21,Try his test plant list far.,2026-07-06 02:30:52,Tonight either because imagine want hair foreign southern consumer.
258,Teacher value future only increase write feeling.,Beautiful pretty image age cultural customer mention resource meeting four approach.,580,4,3,801,37.35,854,605.1,Energy for tonight first prepare ask note.,2024-12-07 19:01:30,Huge leave southern prepare party such personal.
259,Magazine person state debate ask someone change way every.,Ever once rate first get agency admit enter white.,460,2,6,334,8.84,639,409.22,Street everyone way her decade.,2024-02-27 02:51:58,Pm identify better toward certain lay any.
260,Peace old tend investment well tough exactly.,Whole enter line ago particular better song.,912,4,6,285,63.95,725,24.78,Gun upon believe himself.,2024-04-30 12:17:20,Put walk probably stand song camera old detail that investment.
261,Section build word television parent remain without sea cause.,Able ago community dream mother mention.,660,5,1,198,94.56,776,52.82,Color hair increase now management hundred radio of account per be.,2025-02-10 13:54:32,We term down watch reflect north eat decide deal town easy.
262,Cold senior teach rest responsibility word recently plant sign.,Off billion soldier professor bed.,124,6,5,185,95.28,211,245.04,Nearly mother particular community movie campaign experience natural spend.,2023-12-27 00:51:35,Heart our about model table expect.
263,There center respond design cause catch city item laugh.,Rise hotel second citizen edge family yourself value sing walk.,622,3,4,604,4.45,24,339.62,Evidence girl account election executive bed interest Democrat especially about.,2025-01-26 02:57:20,
264,Property almost reality consumer glass computer east.,Environmental structure production senior everyone hear.,94,1,1,555,16.65,262,767.54,Wear hard try send present page lot two enough carry.,2025-04-29 19:23:56,Season protect agree into concern social.
265,Billion investment community ago.,Process large writer else tend nature.,,3,2,28,70.62,102,319.72,Close military once can bring commercial million series within.,2024-05-29 10:32:05,Seem near rock team nice another compare right.
266,Table order method consumer your oil can computer boy.,Event certain play quickly make bank anyone church tend ok.,124,1,2,246,74.46,505,508.11,Suffer oil cold beautiful administration pull cold look no something.,2026-03-24 17:44:48,Occur smile stock too easy small reality school economy.
267,Collection smile discussion subject federal nearly.,List allow do sign bit black girl to my.,567,4,1,496,2.86,936,885.27,Family add member your someone hard.,2025-06-04 01:08:32,Must bring group sit cell.
268,Indicate himself animal white on responsibility whom face exactly body.,Body yeah together doctor fast TV result easy call.,569,6,2,312,56.26,867,635.16,Party soon since senior certainly own international evidence.,2025-10-06 14:29:59,Set recognize worry use reach must produce.
269,Make friend within yes team speak rule note several fund per.,Serve food machine skin few public pretty appear life because.,801,2,5,976,41.95,463,41.75,Score relate TV discussion country.,2024-11-25 01:45:15,Total perhaps boy value conference entire whatever.
270,Beautiful fly while us population its easy upon work power project.,Letter heart ask fight teach your both tonight miss matter.,172,1,1,956,91.26,257,838.65,Partner our thus perhaps rise hit provide from.,2025-02-14 10:17:58,Hour hope figure build development design late.
271,Age share a behavior national three stay.,Today easy clearly event.,523,3,1,166,73.18,308,89.63,Dog his significant whole notice safe bag.,2025-03-28 01:03:03,Prevent building often may professional teach assume late both expect draw.
272,Newspaper so throughout together especially own either western daughter window.,Pay any another there almost accept only.,900,4,2,626,49.98,906,681.42,Party behavior movie democratic various yeah course huge.,2025-06-18 12:14:45,Hope his admit trip record remain.
273,Get front stand note pretty issue after boy heart.,Arm bit perhaps hard adult.,252,6,3,350,20.85,337,15.86,Painting stop agent him Democrat material often government.,2024-10-07 14:18:14,Cultural could modern test room history response eight north early.
274,Western black challenge wrong military method buy light two.,,924,1,6,178,40.9,721,488.49,Scientist their year relate public compare ball less physical design make.,2026-01-09 20:34:43,
275,Less interest economic responsibility force truth.,Box positive respond perform break scene leg better guy believe.,552,1,6,456,66.55,833,376.0,Last me entire camera home.,2024-12-31 08:48:08,Article thank wall source.
276,Part think firm begin full fear glass feeling.,Nothing within good organization as off top adult suddenly.,9,1,4,380,92.69,227,742.4,Agreement there whatever friend us feel task.,2024-12-18 06:21:31,Certain body glass necessary stay lead simply speech.
277,Some wish soldier pull leader idea.,Magazine reduce suggest popular consider whose drive study.,836,5,6,311,80.03,506,966.33,,2025-12-29 17:23:45,Operation management identify total situation assume your everyone serious.
278,Join doctor difference amount something instead memory themselves notice.,Least shake industry commercial task parent.,8,2,6,406,10.98,513,493.52,Group tough ability leave pick language teacher.,2024-09-22 04:35:35,Attack today camera wide better friend some visit stay.
279,Bank would wife nearly.,Dark simple car physical arm coach.,579,2,1,603,12.7,,259.36,Amount stop thank human safe admit law.,2025-04-30 16:25:39,Detail both back idea recent detail sure concern.
280,Think fund rather since else value summer down explain character.,Change region various increase hair minute seem her.,197,6,1,994,68.61,259,680.0,Power decide another yes claim its.,2026-08-23 04:13:55,
281,Another about mention thank base red today stock from enjoy.,Today way send beyond billion.,666,1,3,443,83.59,125,679.49,Couple thought crime address prepare light require or fight year.,2025-10-28 00:45:23,Hand list join hold old represent character cut later billion magazine.
282,Amount figure happen will reality business.,Future general television peace want decade accept various continue.,230,1,3,941,41.59,6,391.47,Can whose late I his direction.,2024-05-07 00:20:45,Save system really trouble specific performance.
283,Phone civil assume attention card write class sell across.,Use official rise instead likely piece call plant research small road.,232,6,4,981,7.37,169,328.9,,2023-12-23 09:26:42,Avoid back partner boy what she hot.
284,Star control type find future.,,25,5,6,958,33.1,111,473.1,Together movement hundred get again nature others decision.,2025-10-02 07:01:40,Career significant single discover off consumer.
285,Account future Democrat film more name up man young out.,Ground list human find occur while western never beyond.,243,1,5,635,43.41,,446.01,Door authority them side garden door law old quite.,2026-04-23 13:19:25,We image risk enter southern.
286,Quite building citizen clear poor entire even of face law.,Movie moment size house people the financial.,912,6,1,802,12.63,453,54.73,Ball energy brother happy cell sea behavior car.,2025-11-06 15:15:41,Ask data often especially tough can idea example however.
287,Deep over follow happen under PM.,To right sing structure kid stuff.,,1,3,871,37.76,,751.21,Station soldier kid team.,2024-05-07 14:24:17,While leave ago table partner degree hundred house anything long why.
288,None stage beautiful process policy weight.,Usually military range statement member return third rich actually door.,,4,4,815,42.38,104,339.28,Field police focus action already meeting generation range enter.,2024-02-04 20:55:21,Four show play claim light voice send unit push.
289,Finally stand stock when figure the.,Than worry bar suffer environmental owner gas practice.,198,1,1,13,58.92,,788.63,Fast his defense name focus.,2024-07-19 02:42:29,Become pretty cause traditional.
290,Positive me nice daughter campaign approach group parent argue off.,Republican agency not charge two charge always response two theory speak.,432,4,6,636,44.02,817,44.03,Imagine site just star trouble quickly that cut natural.,2025-05-09 14:50:57,Religious large art us program our write lose.
291,Foreign system oil important half stop glass.,Room center design forward.,367,3,5,907,53.57,481,308.37,Appear class develop range cup rock.,2024-11-11 01:50:30,Development article little foreign itself fact decision beat middle contain.
292,People employee soon weight senior.,,695,2,1,244,50.2,880,54.55,Congress threat get floor dinner beyond special view say.,2026-06-01 01:23:15,Style these goal a hold under expect happen good mission.
293,Road approach city world me site.,Current weight change rock mother whose room Republican theory measure.,71,3,2,684,47.1,479,599.16,Address all plan future shoulder thought conference general western safe.,2023-10-17 01:39:11,Produce section interesting we test she.
294,Stock usually do knowledge leave class treatment relate to.,Themselves probably standard take apply.,429,3,2,108,44.98,44,495.43,Family skill though kind party dinner travel list night suddenly another.,2024-06-25 17:43:27,One voice sign agent grow enter think fast.
295,Mission plan final should material bit according mention serious.,Leg spring service suggest back recently hundred open civil option.,219,2,4,753,76.07,827,739.34,Lay should almost as never example.,2023-09-27 03:06:54,Suggest ready discover sit reality us finally simple others.
296,Bill fire yes office short three few.,These yourself make success everything item drop know truth.,76,3,1,569,11.4,200,630.7,Shake key gas information range big fast however.,2025-08-27 14:03:49,Behind if military onto he.
297,Financial town brother mission feeling natural.,Image easy rule daughter foot act system agree.,291,2,2,907,25.94,868,553.95,Model really size occur significant establish apply bed can southern.,2025-08-20 21:24:43,
298,Level record behavior finish little job yes.,Though country may control attack election sound.,22,6,2,389,64.83,347,935.18,Child task local across why see amount Congress military skill.,2025-01-15 13:46:21,Important explain form condition finally left.
299,History there picture station product huge.,Paper capital television low recognize occur chance situation similar.,964,5,5,903,42.94,122,144.29,Result model join agent these.,2026-07-10 04:36:38,Decade wind sense everybody discover keep growth.
300,Near now pressure read west.,Hope tax maybe what news everything value child.,384,3,5,440,96.72,48,762.32,Customer realize probably need traditional traditional peace fast range question.,2024-07-29 09:59:22,Outside enough lay bank doctor make paper husband point.
301,Again music son can raise chair when administration radio.,Order movie instead loss society catch.,254,1,6,815,27.73,521,967.42,Instead place dark participant chance weight building.,2025-03-28 05:48:05,Human again some floor movie.
302,Similar toward response change coach century.,,680,5,1,172,50.35,661,750.39,Else environmental together thing sure middle news.,2026-07-01 13:14:49,Effect myself possible even visit.
303,Yard clearly rate course computer vote.,Interesting tax house own note ball meet.,539,6,4,733,94.62,596,400.55,She hundred chair trouble book.,2025-08-16 18:06:20,View realize resource race condition single general ground few.
304,Capital long research their wrong traditional truth PM yard.,,208,4,2,406,21.64,387,570.8,Sign close compare gas raise laugh all.,2025-03-03 16:39:06,Teacher half appear deep within style suggest certain anyone toward.
305,Hundred above possible nearly ability.,Maintain western section high set west green million toward.,87,3,4,532,34.81,477,511.75,Road treatment first subject difficult.,2024-09-10 05:32:34,May material wife whom continue move us.
306,Trip fact push force order face story here bit partner.,Voice though build sea top left place choice must.,510,3,3,392,2.45,272,644.71,Something good civil prevent senior foreign break last early wind.,2024-02-24 17:18:35,
307,Live risk store age both.,Point four hot least family easy born three.,660,1,3,949,22.55,369,38.24,Resource term employee painting painting meet write size make.,2024-01-26 09:31:20,Major man to school middle dog special with.
308,Support despite put ability turn nice difference building mouth south.,Single religious so adult speak pay.,836,6,3,196,69.86,876,751.63,Area style meeting task act seem.,2024-07-03 06:50:01,Step economic save body use.
309,Hard reason some establish tonight phone window run board pattern.,,843,3,4,969,40.17,672,11.88,Reduce north writer leg catch concern on themselves loss.,2023-10-24 17:52:03,Century miss think red offer much decision official pick information.
310,Everybody investment least increase cultural.,Shoulder myself surface often tree.,234,2,6,768,20.78,602,785.19,Nation look life here partner Mrs imagine.,2026-04-25 22:04:29,Evening ever ask nation bank black enjoy.
311,Key will follow thousand direction say.,Section moment career me compare difference capital political little.,321,2,4,789,93.25,450,449.52,Machine trade head boy gas well.,2025-02-26 19:13:37,Drop tend red develop attack history.
312,My individual keep half old car key.,President meeting every ago country.,966,6,1,512,80.23,348,225.27,Well truth former trade expert service article.,2024-11-02 11:18:32,Discussion real move job personal mean behind reason series hundred.
313,Pass north shake lose cover shoulder.,Drop step ability try myself ask site age.,307,3,5,24,56.19,,139.0,Sure likely door theory yeah million woman run data.,2025-08-12 14:05:31,Only machine seat debate contain.
314,Argue middle person discuss purpose claim win election.,Them enter really risk exist executive lot.,936,5,5,888,38.7,972,390.25,Kitchen trial remember student face someone.,2026-02-22 14:46:16,Two away find impact hot hold nothing official end.
315,Race heavy despite investment.,Than course heart state capital with painting today weight treatment.,463,6,3,96,16.97,182,32.03,Manage teacher management ahead attorney matter baby water wall together.,2024-05-07 01:45:04,Born its avoid common tough commercial remember series save part.
316,First candidate whose medical explain discover.,Something contain tree effect rich between.,,4,3,211,23.07,72,454.21,Great recent around enter control none.,2023-11-27 05:52:52,
317,Matter power child loss pay probably.,Treatment produce message ago will majority others entire past.,401,2,1,133,53.11,71,388.6,Then little ball main though radio.,2026-07-14 06:00:28,Most field president require save manager pass.
318,News spend attention check meet.,Yeah see go smile from trade energy.,838,6,6,487,15.72,318,586.9,Very much send get southern old degree edge.,2026-07-03 08:34:28,Another left ten nature remain.
319,Pay clearly tell threat line rock religious another training from.,Thus speech product though continue little health.,,2,4,66,81.63,253,525.33,Quality now hand fire activity race laugh.,2024-08-24 13:52:28,Form sit light key down heart.
320,Minute nor where floor ball cut above international identify.,Perform federal participant official task although decade result college.,755,1,3,662,87.22,718,841.8,Matter ever address hundred experience.,2025-09-12 18:45:59,Field agent responsibility organization tree particularly him affect.
321,Section exactly feeling wonder even conference camera difference.,Require almost card study doctor ground ask production.,426,2,2,922,61.16,394,909.92,There yeah play country perform understand same.,2024-09-29 15:35:43,Hot almost accept watch suggest director provide.
322,Main paper ball civil upon.,They almost pull enjoy however.,246,2,3,904,62.18,939,66.68,Sense economy radio wind billion.,2024-03-26 18:03:10,Anyone movement participant main young measure floor thought.
323,Over local much memory ball represent middle amount identify back.,Near seem medical knowledge popular relate create Congress listen laugh.,781,5,1,378,7.58,785,778.73,Share fall leave time type left however minute point game.,2024-09-17 18:47:00,Prove fine social technology exist want discuss coach letter.
324,Final wind audience station international change law trial.,Staff world class husband series north ball arm.,,1,1,655,68.75,391,343.31,Call would onto ago next effort draw big.,2025-11-07 21:30:19,Usually unit although wish I finally single.
325,Draw friend reason much middle cut.,,727,2,3,687,74.12,70,82.47,Dinner become ok practice group experience foot.,2025-06-06 07:18:06,Maybe very picture seat wait southern.
326,Itself debate matter large recently because note again such.,A after time section human.,286,2,2,859,1.79,302,124.03,Letter actually response stay someone.,2024-08-14 23:34:53,Try oil attorney win century management main including about tell participant.
327,Value class artist be card theory bring.,Happy lead would woman choose loss.,,3,2,452,35.45,36,891.8,Less house hour break cold carry sell couple most body.,2025-09-14 01:39:50,Third and just senior trade final after determine wrong.
328,Enter bring sea act natural task dark up.,,536,6,6,734,65.34,707,308.02,,2026-07-30 09:20:39,
329,Boy five radio evening material community student.,Author ahead send PM laugh bit blood.,952,2,3,931,23.62,,421.26,Night say reason month officer cost week.,2025-07-10 21:43:02,Purpose there well candidate more allow speech face person.
330,Democratic growth TV pretty work attention at outside.,Speak energy quality resource girl focus those front half want.,226,1,6,172,71.68,,511.99,Similar hold even room around.,2026-01-26 09:26:56,Teacher wife guess production nothing employee challenge upon above also seven.
331,Nation live place authority study play against explain capital.,What between there almost imagine magazine.,957,5,4,962,42.36,109,356.22,Government ball today money necessary finish compare question former.,2024-12-29 23:08:44,Himself central close area second focus entire southern least adult.
332,Marriage over century describe test popular senior structure.,Writer street economy might manage resource free modern since.,470,2,1,674,80.69,378,43.9,Water plan office though those bar.,2026-04-29 10:21:49,Approach let age fill crime account.
333,Hospital left eat color garden national least role democratic.,Choose standard several claim camera around the.,105,6,5,811,98.06,176,251.69,,2024-04-27 04:50:07,Decision dog second science time discussion able employee we either.
334,Guy single air morning soldier within science tonight be.,Reason article once black analysis top realize after.,947,6,2,341,17.36,705,317.65,Describe along shake on apply ok time.,2024-06-02 12:50:25,American oil important after rock type theory.
335,Mean project hot force provide choice goal support.,Hope goal friend really success though find center compare.,600,4,4,524,63.42,602,703.92,,2025-03-05 23:19:37,
336,Beat decision sound candidate.,Station fine evidence teach several community interesting around.,243,6,4,776,24.11,,137.42,Company meeting bill ever natural away explain section.,2025-11-21 04:10:56,Professor lead material performance build effect face.
337,Military represent defense chair director attention make.,Daughter rule customer father low life it artist.,244,6,5,969,43.93,138,277.85,Floor movie meeting law sound yard feel specific some.,2026-04-07 10:26:40,Only attack put they now despite agreement each man member fly.
338,Us turn protect put then find ten war model represent.,Mother important perhaps least age how between respond.,664,3,1,235,83.85,249,205.61,,2026-07-16 09:38:31,Hair best management federal organization nation none husband.
339,Their those beat never part ask author me street or.,Statement role think medical.,713,6,2,623,86.4,188,441.92,,2025-08-15 04:21:48,Serve collection their control hospital hear then attorney.
340,Identify should loss particular gas.,,650,2,2,129,9.08,852,794.44,Free charge if necessary by voice attack.,2026-02-26 03:55:01,Report base safe realize program community relationship.
341,Wait recent site call wear.,Perhaps cell voice drive along word team meet.,169,6,2,251,41.98,311,285.07,Several PM foot require western daughter wife bank case war.,2025-11-27 17:04:19,Subject house side at author reality seven.
342,The present not manager vote decide after floor two.,People body blood win chance factor kitchen where.,82,3,4,387,16.61,518,608.78,Oil cover statement door prepare soon usually everything according together.,2024-12-06 04:47:07,Body news race reality picture establish important ready country.
343,There toward wall send example practice single.,Sit stand key mother economic this.,781,4,4,875,8.24,308,594.59,Everybody movie approach car kitchen low her accept benefit worker.,2024-12-19 02:50:47,Them call computer opportunity seem role exist total go.
344,Republican open if major political assume.,Surface whom court indeed.,465,3,4,576,60.0,,136.52,Far strong majority affect prove eight forward.,2026-04-28 04:29:41,Young continue director work front read not lead.
345,Worry information peace meeting while practice vote.,Coach today support than determine ago.,,5,6,743,37.05,426,939.34,Language land prepare policy account discover.,2024-06-17 04:53:09,Detail live act month management.
346,Rock cell consumer bar radio phone civil rich and.,Activity change product example whole yourself could.,603,1,4,907,3.84,395,931.2,Long decision feeling try successful grow allow approach best professional.,2024-12-05 18:21:35,Cup help not policy country the meet room turn pattern.
347,Officer my themselves system box detail poor finally soon rise.,Recent others marriage couple table ok the.,770,6,3,522,70.2,378,695.76,Must become positive moment hour huge.,2024-12-13 21:18:07,During federal society special owner best employee.
348,Here common paper less accept.,Quality else off audience push push this want.,36,3,6,724,66.97,661,147.74,He establish management government with up interest range sort.,2025-11-07 18:47:45,Through leader sound give customer eat very including start democratic.
349,Project foot suffer board realize child relate.,Suffer order write main already nothing.,593,6,2,13,11.56,,710.9,Impact science hair several base event trip raise discover.,2026-06-17 11:30:38,Best high sometimes successful ok scene daughter.
350,Change public summer beyond experience other understand western send police.,Party mind different set bag hospital.,,2,4,170,82.15,310,500.15,Instead ready though enjoy standard model join moment late capital.,2025-01-25 07:45:42,Beautiful best pay economy boy nature central send marriage week.
351,Mean several rather require garden.,New left weight again seem back ask south seven on.,771,6,1,112,62.98,353,813.41,Move five small suffer trip eye hospital find center know.,2023-10-13 04:34:54,Bank cold coach quickly system suggest may poor.
352,Power air boy sea generation raise.,Training news wonder already find than up.,7,2,4,2,9.59,428,524.44,I street building television character phone employee.,2025-08-29 11:13:53,Risk western leader condition simple direction present apply author network.
353,Kind apply up similar say grow reach out win.,Everything animal strong even seat month develop growth.,721,2,2,499,18.02,462,566.53,Evidence mouth treat huge performance bad responsibility industry whom.,2026-07-20 03:52:45,Away compare chance example here go time.
354,Serious amount hot less difficult cause.,Republican so high book suffer worry somebody.,197,3,4,452,62.06,890,635.8,,2025-04-18 19:29:50,
355,Religious light time it study.,Exactly run trouble mean white school apply issue in.,,1,5,241,47.31,104,9.5,Heart particular method worker social thank picture.,2024-11-28 16:54:43,Business south me network set.
356,Woman keep owner discuss case peace she sometimes party.,Dinner hospital away partner none.,43,1,2,535,78.39,533,985.91,Her again six understand reach however.,2024-01-12 08:08:50,Return these soldier experience car will watch country.
357,Movement last modern purpose laugh level near focus.,Again expect idea break chair edge including few help its.,440,3,3,699,88.13,837,239.36,Real see decide crime relationship project box.,2026-06-12 04:15:10,Someone specific this decision around exist.
358,Best discuss organization will number spring.,Few Mr none respond Democrat.,895,3,1,4,45.24,743,834.59,Trip begin discussion friend language.,2025-10-19 18:38:34,
359,Science picture remain get according condition.,Operation quite candidate choice agency doctor.,974,6,2,378,44.74,891,474.72,Address experience third think require product threat any right.,2025-02-10 17:55:06,Own bad why word page Mrs cultural.
360,Oil security perhaps national challenge item difference draw.,Reach research design economic.,833,3,1,649,35.66,,806.75,Store truth see section street cup.,2025-10-21 07:04:06,Federal walk exist pull baby.
361,Those thousand inside town result movie measure.,Activity record participant eye together.,628,1,3,439,92.97,488,985.88,Continue us as per sea often treatment gas put wrong.,2024-04-29 12:02:38,Among trade although quite out military.
362,Truth lose discover road center.,Feel science million song before three finally buy meeting.,200,6,2,891,51.49,878,715.95,,2025-04-21 07:21:55,Seven especially charge easy factor entire serve.
363,Southern may near little material.,,562,4,2,918,44.18,679,540.13,Democrat candidate prove couple area assume.,2025-01-05 05:28:36,Others behavior factor drive or.
364,Region company what wide too agreement section check sure certain.,Focus rather data argue heavy.,109,4,6,30,15.86,925,383.11,Interest night example at nature soldier.,2025-02-05 20:09:58,Street TV particularly beautiful light into mouth reduce none.
365,By than feeling shoulder manage soldier national because we.,As reveal money way general or condition.,687,1,6,140,91.35,504,90.35,Hit benefit long newspaper suddenly.,2024-09-02 03:20:42,Floor charge some measure ago among.
366,Travel walk station ever nor health amount feel poor scientist.,Listen trouble trial call anyone.,616,1,6,352,37.32,754,724.3,Look style threat stock next state former.,2024-01-29 00:58:27,Claim the mission effect break discuss court.
367,Present technology raise available democratic security address center stay fish.,Cup source team job life protect.,239,2,3,119,28.81,349,739.84,List apply meet teach staff cut medical hotel.,2023-10-21 03:38:50,Herself find game evidence speak.
368,Once both sell relate occur subject station.,Laugh expert inside far discussion writer argue staff.,874,3,4,591,72.95,605,535.07,Too analysis professor truth fund since.,2025-03-13 20:15:56,Production world door about their by charge week.
369,Professional safe others others partner whole pressure she similar kitchen.,Draw attack sport strong the recent.,696,2,5,680,59.56,405,9.18,Scientist task from simply game price talk through.,2023-09-22 16:56:53,Adult couple religious sense well purpose office receive last hard.
370,Teach western sea how away country.,There order effort box cold boy enter rock.,225,4,6,467,14.6,765,664.69,Toward upon ever accept start small soon present piece beyond.,2023-10-16 04:13:39,Simple take kid drop strategy risk involve.
371,Believe grow practice drop pattern less.,Dark management force stage very national beyond continue.,706,1,3,869,69.95,849,215.49,Effort age today provide allow fine.,2024-04-15 05:28:46,Task base direction although and certainly list second.
372,Wish most make wonder.,,157,6,2,869,72.53,718,734.99,Work might end carry director ball night purpose remain.,2024-03-05 10:26:14,Financial book feeling cause mouth member authority reveal vote.
373,Themselves make practice upon machine perform partner.,Pay teach character generation stock structure.,307,6,2,23,54.25,695,472.95,Scientist let so spend test country science action.,2024-05-09 02:38:13,Evening born tough none memory central home like fact dream manage.
374,Born enjoy understand central again woman.,,290,6,2,718,84.77,135,323.1,Nation social someone develop before.,2024-01-17 07:11:23,Actually general window life society collection system.
375,Education figure save explain voice four.,,312,4,6,168,57.14,495,290.79,Unit use plant long from great society.,2024-02-20 23:45:32,Never month mouth best hour do lead.
376,Ok force middle task ahead.,Social stand travel business herself give family.,10,3,6,877,56.99,880,147.46,Figure spring stage Democrat treatment research simply myself concern decide.,2026-04-18 05:44:39,Moment share sell loss fine end.
377,Local reason agreement here garden food.,Energy nice anyone dog risk building.,99,3,4,184,93.56,528,649.45,Between government evidence movie agency for race behavior dog.,2025-03-30 15:12:32,Listen maintain similar entire official only.
378,Prevent market before test travel since water.,Reveal step certain service image.,35,1,2,407,48.37,978,172.31,Reveal wide believe describe end.,2024-04-06 06:10:34,Line collection should focus sense seek hospital.
379,Piece build enter take position leg lawyer.,Yes argue late edge career.,92,4,6,392,27.25,377,11.59,People investment guess mouth hand black.,2024-06-21 19:39:05,A serious turn should language first laugh health give threat.
380,Change he maintain that work little ready discover eye similar.,Sense discover born better hour apply art tell.,231,1,5,587,97.75,711,744.61,Would most south either sign those type hotel chance at.,2024-03-24 02:09:59,Read wall market local raise owner how make.
381,Watch between administration east animal treatment medical lay.,Sister pay share rather data travel party.,445,3,5,129,9.84,,907.97,Evidence source outside cultural despite represent term test.,2024-03-09 12:37:38,Score fact relate indicate story.
382,Suddenly western Mrs still through upon same article decade.,On include keep control central.,,5,5,803,80.41,532,836.31,Power trial write operation specific fear main say agency.,2024-07-14 21:34:56,Through window kind skill open water our.
383,Case human society event offer probably anyone husband although.,Operation way common remember policy statement new themselves listen.,213,6,1,186,85.34,6,554.17,Senior professor half industry performance avoid mean law today.,2024-01-03 10:04:06,Center poor team moment just foreign public up.
384,Suddenly someone PM left federal sit in gas.,Already family pattern end.,166,1,5,263,84.29,,978.95,Clear doctor positive simply value prepare hold in child room.,2026-08-09 21:22:54,Name of these notice music.
385,Discussion southern interview season laugh into perhaps history.,Campaign draw activity so laugh happy either prepare.,968,6,1,255,29.76,532,903.71,Box cultural member sit off best least.,2026-06-11 18:36:23,Population above worry politics others world low political oil maybe.
386,Quite buy might health relationship increase end thought need about.,Ago color who quickly family hold bar recent for list.,321,5,3,621,53.28,102,661.95,,2026-03-06 19:45:46,
387,Item important consumer idea wind sport federal despite speech cut.,Compare worry purpose miss agent official brother similar three back.,221,2,5,566,21.39,132,728.38,She office half know think cold decide fire.,2025-05-09 19:03:00,Week quickly quite these ago speech focus.
388,Child sell card environmental themselves reach southern onto include.,State total book page view reduce important analysis discussion resource.,168,4,4,86,93.53,963,693.82,Agreement bad language likely I.,2026-07-09 13:47:39,
389,Appear civil agent try read.,Final candidate memory carry gas Congress ahead financial close.,714,6,2,732,36.84,841,510.92,Will pressure husband plant board scientist thus.,2024-03-15 13:59:58,Yourself position ago education bag country skin.
390,End city reason best simply floor respond night.,Field own food stock pressure computer challenge until speak.,389,1,5,254,7.67,113,683.3,Put make arrive role risk Republican between realize.,2026-04-06 01:13:42,Big door concern matter hand more perform laugh.
391,Probably spend again our rock natural necessary campaign small line.,,797,3,2,890,79.01,101,376.78,Election official manager prevent difference.,2024-12-17 15:30:24,Music pass theory his mouth month method much agent.
392,Beyond popular leave suggest pay also course provide sea four.,Reason perhaps defense set whether wrong officer political approach.,180,5,6,897,30.35,502,95.45,Season leg seven management discussion message test education bed property.,2026-02-18 15:03:23,President too really rock population particular.
393,Player but account enough card day cell.,Almost wide that necessary.,102,1,2,326,93.7,354,805.28,Hair heart recent reason voice employee magazine attack.,2024-05-19 23:15:17,Today as expect population however fire.
394,Detail reduce be physical board think attorney upon ten.,Evidence change role leader western education.,413,4,5,131,25.65,731,155.34,Special record wrong leg any foreign Republican remain although.,2024-09-09 23:41:27,Minute even task choose decision argue north toward.
395,Enjoy dinner similar himself responsibility accept take property.,Sound street up treat necessary.,,6,6,998,36.64,695,608.09,Car party dark opportunity certain share deal let education focus.,2025-10-18 03:47:39,Possible method will many people create.
396,Cause leader sign friend catch hard bring kid.,Mr from myself material result budget.,515,3,3,976,42.35,903,922.89,Population child message cultural role.,2024-08-01 06:39:37,Spring sing gun hot trip believe morning area would.
397,Paper throw upon six citizen by along statement.,,790,3,1,650,7.87,968,93.54,Deep huge body him hospital response rate party.,2025-12-16 15:00:50,
398,Environmental box watch candidate challenge movie.,Attack establish surface nearly prove phone effect per floor street.,828,1,4,694,50.36,492,497.31,Whole amount may follow must those over.,2026-04-06 17:43:12,Similar teacher hit anyone drive six little month whether official eye.
399,Term fight evidence ability although small often use number hand.,Any quickly car wish money pay cost.,15,5,2,933,82.31,,424.55,Somebody market material anything.,2026-07-25 02:10:02,These form after wide determine dark hold trade large.
400,Cell manage carry doctor film relate certain study.,Onto billion difference health TV cause group serious meeting.,943,5,6,624,4.19,173,673.85,Side sister ready fight bad common every.,2024-02-09 06:38:58,Public born season several turn feeling.
401,Financial turn sell address quality series recently.,Quickly audience story behavior.,,2,5,362,94.3,389,170.31,Manager east lot question.,2026-03-27 00:02:58,Discuss wait plant friend believe field wear hour land.
402,Commercial film during concern push fear exist under bill.,Knowledge garden interesting remain policy.,872,1,3,307,47.83,3,737.29,Tonight series customer attorney front station.,2023-12-13 22:05:35,Administration draw treatment more itself the into just himself human.
403,Whom staff sign cut drug shake character notice mission behind medical.,Course this together process ability modern water spend.,659,5,1,958,45.84,500,57.44,,2023-11-24 16:42:16,Herself up light white six relationship live.
404,Three can son left sister become why.,Exactly free agreement special safe down similar plan.,359,6,2,412,35.1,504,197.35,Improve number surface reveal window provide question make we eat church.,2026-04-16 17:53:19,Require clearly close beautiful discover figure accept hour military rate.
405,Identify group open treat treatment edge he.,Return image grow model him trade those say.,8,2,6,257,22.38,307,364.13,Current whom pick mission sell.,2024-03-01 02:34:46,Night another floor hot bar kind little answer.
406,Around chair board chair quality fire choice.,That area identify east these.,673,4,2,144,35.02,368,882.69,Just figure tonight throw will.,2023-09-23 05:11:37,Simple design subject pattern lose more left local.
407,Soldier owner difference line loss small figure seat.,Collection member site authority suggest project policy.,432,6,3,923,3.13,972,478.82,Card save certain window city.,2026-03-14 10:23:26,Partner stuff left participant outside expert wrong subject available find.
408,Imagine necessary concern leader I.,Rich family already international street.,820,6,6,131,32.16,903,399.48,Century social view me entire author.,2024-10-30 16:02:01,Every avoid vote girl hot create.
409,School throughout attorney consumer from book social maybe role may.,Let low box watch heart catch admit.,981,1,1,130,15.4,786,683.75,,2025-12-06 05:10:18,Cover by yeah hundred should purpose authority.
410,Music former hit case cut far difficult power attack.,Word find nation not indeed remain government owner hair face.,9,4,4,297,27.94,,428.52,Fund although everyone firm because.,2026-01-29 13:45:05,Run politics shake actually.
411,Message official notice political deep policy president be yes personal.,Clear water step argue book in see.,118,3,6,254,65.97,486,705.75,Wife stand claim much project red modern system.,2024-06-19 22:55:53,Paper treatment thousand team operation system step lot book.
412,Yard put need could himself beautiful sit firm.,Determine we home police significant expect culture letter example appear.,876,5,6,650,14.72,411,38.33,Poor involve wall natural simply speech soon.,2024-12-30 19:52:47,Board forget glass no baby.
413,Turn other him public have memory support individual.,Likely nation put performance table.,94,1,4,418,51.97,237,221.55,See likely admit factor must agreement lead.,2025-03-10 16:58:37,
414,War total dark born onto pass.,So once house health site check little themselves present fire old.,,1,3,373,27.78,429,246.72,Movie crime need no step successful read against hot mission.,2024-01-06 13:09:15,Hear three government girl say technology sometimes.
415,Culture ten garden interest later vote wrong poor morning.,,330,2,3,484,27.74,442,184.66,Upon base power by smile dinner claim loss.,2026-08-03 07:32:50,Organization bed represent since exist own.
416,Will state late model quite himself.,Traditional far teach body so bag various ground dinner although.,,1,6,566,76.28,370,740.55,Blue plant toward pay sign study box sound firm.,2026-07-19 15:06:14,Start around anyone brother open though spend.
417,Item indeed which type class simply.,Recent strategy draw compare specific here debate man assume.,666,3,2,599,38.02,134,628.93,Someone company cover ok watch senior thought and.,2025-02-10 23:50:01,
418,Large instead building have instead beat feeling require south address citizen.,Deep push onto shoulder rate fall there high hit maintain.,838,2,2,722,44.13,,940.88,Goal ability policy question girl.,2024-03-11 17:59:15,Toward anyone employee hear reason meeting hundred television.
419,Peace change television tend with adult his some.,Total position figure boy evening police bar probably able turn war.,547,6,2,45,12.66,729,252.27,Response yourself us level.,2026-06-18 19:53:02,Under agree strong investment modern.
420,Politics agree product response provide building major hold buy.,Low chair American hope gas difficult think southern page.,917,3,4,645,71.02,70,482.34,Able sea place benefit prove group staff big different sometimes.,2025-10-20 18:15:52,Seven check wonder student myself tell.
421,Cause down again recently agency.,Unit store own employee nearly throw morning author entire according.,281,6,2,297,4.5,814,971.5,Certainly recent few yard life real few debate find sometimes.,2025-09-15 20:11:35,State heavy summer become while huge because color within.
422,Very per act true week onto special bank shake care.,Hot surface maybe above news.,526,1,2,449,74.32,799,389.86,Her live almost reason probably role.,2025-07-22 08:36:25,Movement upon artist adult game member house thus study over.
423,Over during even single almost.,,607,6,1,901,91.93,516,707.05,Hand article glass long book share just hour than man.,2024-04-02 11:25:34,Blue member under road record whether might.
424,Area vote note source ok page.,City enough concern then effort tax.,566,1,2,230,4.52,41,638.98,Response hundred unit toward system.,2025-06-01 13:49:01,Really care then make his push.
425,Hit necessary security night give they read budget detail source.,Remain color glass save sister.,53,6,2,844,20.79,665,347.11,Memory area point need box.,2026-07-24 19:19:38,Able manager book future which responsibility kind cultural work choice.
426,Thousand real group arrive development.,,563,3,6,137,40.43,333,984.28,Notice hear cost long manage cost those success.,2025-12-03 17:51:49,
427,Over record remain second well past.,To thousand attorney join trial.,287,2,3,995,1.55,889,777.41,Lose Congress issue author major hit real.,2024-03-28 05:24:04,Apply certain factor also close class admit deal near.
428,Affect size turn beautiful remember PM.,Down space together successful site song easy bed attention thing.,670,3,6,650,59.83,453,220.42,Cold approach state bag open central must line conference late.,2025-01-29 11:43:41,Trial win American cell discussion light.
429,Mean against onto add voice spend scene pattern.,Church leave lead alone this morning happy.,160,4,2,748,71.9,924,478.53,Early whose only would could model surface we.,2024-05-16 09:56:50,Phone end Mr popular speak building old education watch.
430,Day eight compare response present west society.,Act modern charge spring kitchen.,584,4,6,185,64.11,,162.76,Throughout professor event foot.,2023-12-08 21:18:10,Strong skill term other explain station recently next large care.
431,Economy ten wind former watch serve natural seat.,Mr happy can likely bag such born suggest professional.,,1,4,252,45.05,413,100.13,Soldier character window minute that lose.,2026-01-14 16:37:25,Instead should cut industry realize southern the.
432,Question available explain boy pass management place tough.,Break real eye office Congress see herself western.,387,4,1,113,81.83,660,933.74,Sure war add long even.,2025-04-01 03:47:12,Clearly floor environmental important trouble less outside.
433,Him trial practice fast your.,Reach agency more good future president.,615,1,1,981,78.37,838,338.05,Data rise white forget own together stay guess view win.,2024-05-27 07:13:58,Attorney resource impact our traditional cultural each.
434,Indeed detail green industry many might crime.,Speech list someone set final under young task maybe.,455,2,3,340,47.41,557,691.35,Quickly center suffer say right international indicate upon grow design.,2025-06-29 11:22:10,Minute adult data entire item our.
435,Scientist really us fill individual military order.,Change describe middle however discussion than we.,304,1,5,908,82.81,935,224.09,Available positive structure majority box.,2024-04-06 23:30:41,Risk rock turn along ahead government into positive language step.
436,Mr project impact answer nation involve.,Blue system wall shoulder unit sense yard issue establish arrive.,944,6,4,704,87.54,116,491.33,Or watch allow whole seat away standard another.,2025-08-17 17:49:20,Drop along space mention more onto story ask difference.
437,Work fine image type difference what.,Imagine summer professional west theory development chair tonight skin.,79,5,3,122,35.69,87,894.69,Piece price yourself black table company movement attorney agree.,2025-10-18 13:06:19,After law particular goal political.
438,Enter your personal information anything.,Help during total along eight office tree whom.,696,4,2,915,66.06,838,286.72,We money risk culture social history teacher event.,2025-03-19 10:46:20,Food idea day tend local eat view among rock evening between.
439,Speech charge expect present hand seat story word.,Plant space sound or activity about.,272,6,1,808,0.22,153,777.01,Carry gas appear professional me.,2025-04-20 15:31:18,Best hit indicate individual door and also.
440,Short dog process crime understand region ball.,Health dream fly score into close charge.,1000,4,1,116,57.21,286,144.52,This feel several identify along particularly fill trade simply ability.,2026-07-18 16:58:34,Position herself paper health better.
441,Father name than performance truth.,Around well young sort friend.,507,4,4,711,96.31,652,333.13,Need hit hard prove.,2025-06-27 17:52:39,Town season toward station whatever guess into there.
442,Civil factor animal bank recently.,Condition ago family pick ground lot.,510,5,5,505,52.71,394,83.53,Order special color better seat learn.,2026-01-10 09:53:33,Option development company agency under.
443,Who you pull natural growth lay mention.,Eye prove dream knowledge debate response.,225,6,1,241,35.81,872,17.14,Difficult manage point hope attention know effect market travel.,2025-06-22 00:47:51,Season thank guy upon fly five.
444,Speak food say now build establish wide.,Inside approach dream manage three dog world.,,3,3,870,84.08,143,294.4,Family series room international enjoy budget wall feel child second.,2026-05-09 10:19:09,Nothing quality often eat market.
445,Off any for green admit nation test dark fund.,Forward girl physical to produce Congress trial.,249,2,2,58,73.95,713,703.26,General lot suffer turn listen rise though part.,2024-10-04 00:15:58,
446,Nature travel approach best moment everybody yourself consider.,Guy play put buy every those operation after.,719,1,6,596,7.3,892,158.02,Cut office herself different along then but especially fear number American.,2025-07-29 18:55:54,Explain ago growth trade play defense per improve join under finally.
447,Indeed tend health follow last couple.,Always grow point court yourself south cover over phone six.,,4,2,784,18.06,767,526.92,Recently rather responsibility new brother.,2026-08-03 12:51:15,Describe major course risk whom.
448,Ago almost land material whatever over start behind number idea.,True really indicate history involve produce fear customer cultural.,661,6,1,294,11.02,,641.81,Item allow myself different mother.,2025-09-08 09:26:05,Cell fall second blue tree approach figure yet discover.
449,White might miss long early then easy first.,Tax concern happen military bed trial.,434,6,4,568,70.43,586,501.37,Program hard example including tend along consumer.,2024-05-15 03:47:54,Action tree part here movie toward.
450,Art book director great ready guy any believe.,Begin region together summer understand very begin city social catch.,535,4,2,761,20.97,225,391.9,Dinner manager several about either should bed.,2023-09-29 09:47:13,Apply thought popular hotel every.
451,Data focus open else well.,Or want entire head man seat bed major once audience.,,6,4,489,31.01,848,380.09,,2024-10-13 11:33:04,Kid yard improve his thus market western.
452,Summer national part pay agent story.,Under collection computer trial authority.,107,1,3,618,77.1,246,281.92,Last heart agreement which wrong car.,2025-09-14 22:25:15,
453,With likely line fear best rule financial expert.,Machine same yet main show.,317,2,5,207,63.2,,268.9,Chance word perform area score expert team news none western beat.,2024-12-28 23:08:39,Join piece modern far open.
454,Pick too out away check their ready reach camera.,Final fill population smile about letter them decision throughout owner.,47,1,3,96,93.41,,356.29,Live develop TV claim event color or growth choose arrive.,2025-07-16 22:03:22,Professor everyone travel want hope decide probably him loss notice surface.
455,Building better address we head study rest without person behavior.,Green music authority crime something rock money his meet need.,744,3,2,720,66.79,919,740.71,Discussion down he author prevent forget.,2024-03-10 20:42:42,Result offer somebody gun affect bag I probably.
456,Stand star year president store.,Like support could memory fall everyone we.,392,4,5,890,84.35,156,681.69,,2025-01-04 23:18:40,Wear remember quite yard serve tell business voice service.
457,Serious create attack full worker subject lay.,Large bed strong say available hospital win throughout.,221,6,6,145,76.11,987,501.12,From pull behavior just situation hit child shoulder.,2024-12-30 17:59:04,Lose behavior voice treat civil.
458,Spring by while some sometimes former.,Nor relationship fish his society.,459,2,3,298,35.67,442,39.97,Natural administration four talk agreement.,2024-09-02 07:01:42,Military space add production event city sit.
459,Set huge blood party also picture leg my option.,School receive difficult black this against suffer type.,622,1,2,581,62.15,825,14.93,Mind baby language end once race institution magazine interest.,2024-08-28 06:02:12,Any offer tonight involve speech national form rule nearly.
460,Cut news use happy.,Hand partner space at technology way eye record project vote.,917,1,4,97,45.03,303,161.31,Method one future black network before herself situation.,2026-03-28 15:49:30,Majority even write nice fly recently pass identify in hear.
461,Receive herself first agency court.,,791,4,3,485,96.87,453,649.64,Set expert continue his cultural pressure.,2025-09-16 06:21:47,Peace left whole spend play partner good against blood natural.
462,Girl personal collection even picture artist determine.,Speak movie quality country data boy far let water.,,3,4,419,84.84,133,440.39,Ever off themselves theory scene.,2024-12-17 22:55:08,Which character sit nothing you ground kind collection tax right.
463,Task current resource can soon something American however happy ever.,Positive hair officer degree admit lead program line eight work.,,4,5,461,26.02,699,42.63,Way should might about husband.,2026-02-27 00:45:44,
464,Employee but kind thought everything often information chance fear land.,Share travel view investment water which later past sister ahead especially.,575,1,2,874,10.42,584,398.88,,2026-06-05 11:30:50,Ability realize most Mrs report writer.
465,Kind try someone able no then live technology firm collection.,Rather worker exist beautiful type call of.,,4,4,658,52.98,112,85.74,Behind time you line table stage.,2023-10-20 22:56:59,Yourself future simply safe chair agency.
466,Method blue television take want art simply could trip bit.,Site politics thing usually section film agent tell near under.,205,4,3,67,31.41,498,212.42,Rate out speak however hard never organization manage.,2025-03-19 17:42:53,Indicate keep national choose couple so human.
467,Close free few everything left use you.,Fall hit spring name today fear apply world itself.,972,4,2,656,21.13,616,773.43,,2023-12-14 00:12:38,Establish agent audience protect special church.
468,Region yard street black real apply however.,Age visit hundred power result.,219,1,2,889,2.27,434,269.58,Safe begin night light room choose here attorney.,2024-08-18 21:19:04,
469,Truth candidate either consider ground.,,306,6,4,893,41.55,915,259.19,Above general itself most hospital challenge of.,2024-11-16 12:42:09,
470,Remain man short social service traditional.,Sound push attention technology notice also.,772,3,2,204,34.58,487,534.97,Final hope admit kitchen use.,2025-11-21 12:44:59,Available person project quite customer recognize table available certain.
471,Between agent prevent significant tell.,Professional start our stay act arm military develop nor.,585,4,1,575,77.52,80,722.0,Left sure detail enter fear arm.,2025-09-12 08:19:05,Program notice campaign campaign receive sometimes service.
472,Right fact soldier exactly may week number state enjoy.,Develop exactly strategy reflect really investment impact.,752,6,6,751,31.34,470,932.89,Design loss sport among bed rule and debate.,2024-10-03 18:11:27,Ground official Republican people our firm if green exactly.
473,Many however kid eight offer behavior few member hotel.,Share six western travel defense few center book year eight.,270,5,6,4,97.84,878,125.59,Current career quickly return expert play build human.,2023-09-26 11:30:11,Occur court want amount apply successful beyond.
474,What court hand shake hundred arm other beat trade loss government.,,193,4,6,560,76.66,222,347.74,Leader seem already learn much she before myself marriage along top.,2024-09-09 16:32:18,Your evening while both treat with.
475,Call recognize three compare road.,Professor night one able course.,,3,1,310,88.77,889,124.62,Certain serious student growth treat.,2024-10-06 22:55:40,Suddenly scientist now common environmental parent keep item full training describe.
476,Brother beat position short daughter.,Analysis eat really cut current audience expert wish receive performance.,849,5,4,536,96.43,949,175.64,Often statement pressure full find teacher nation themselves between.,2026-07-17 00:46:50,Today impact material concern break management long.
477,Business decade strategy those glass ten.,For once however leave because professional charge data.,391,3,6,706,67.35,719,619.76,Wife today continue cup remain.,2024-11-02 16:39:08,Campaign painting whether two south win back dinner.
478,West election several able style fact road.,Act responsibility network other example value.,107,1,6,17,61.01,509,749.19,Detail customer traditional agreement fast board dark rate.,2024-10-20 20:31:06,Whether each investment perform as kitchen.
479,May purpose large glass happen.,From foreign member draw international second.,826,1,6,297,84.32,796,454.18,Because cup your future miss particular two above.,2026-02-17 18:01:54,Reflect others loss camera economic.
480,Finish within eat international kind best two series science security.,However daughter officer free majority brother bag base culture represent.,991,4,4,930,81.22,759,395.41,Stay score time dinner employee together worry memory seat chance.,2026-01-30 00:01:46,Build goal indicate sea service high family compare price example.
481,Let affect exactly bad dream matter wish citizen suggest.,Environmental second upon discussion foot and.,675,3,3,859,89.36,690,241.31,Military democratic option opportunity development stock view perform ago record.,2026-04-24 16:15:26,Myself challenge per outside one like.
482,Reach likely great eight growth respond report address court.,,384,5,6,615,31.43,586,991.84,Power stuff my mean stay guess.,2024-03-30 12:08:06,Step theory unit box piece paper include focus travel mind.
483,Leave by run girl ball plant.,See enjoy stock dinner father quickly likely official budget maybe exist.,849,1,5,440,12.76,746,173.54,Analysis significant something language recent news whose.,2023-12-17 11:19:37,Skill book power good task card production election energy safe.
484,Win police medical ahead guess partner before compare my.,Not break body still yard total seem point final kitchen.,,2,5,122,62.51,864,761.41,When seek season hot buy mean situation light.,2024-08-09 02:08:38,Remember cover law but read.
485,Against skill continue run case until despite tax.,Method sister wind until picture know worry produce.,96,1,1,448,1.14,157,27.79,Performance tax too when plant.,2025-10-20 09:02:42,Change all gun not community star guy as.
486,Write person sort whose simply group support outside particularly lot.,,761,6,2,465,62.81,192,239.48,Consider piece soldier exist night.,2024-08-27 06:43:29,Success carry success focus rock maybe toward value.
487,Book outside prevent they none language eat hand tend dog.,Such investment democratic deal about.,799,4,3,676,5.12,,143.63,,2023-12-02 09:41:13,Part teacher government yard themselves.
488,Some country other hear store hotel including audience girl.,Play study establish newspaper heavy market staff anything poor.,950,5,1,110,14.04,185,92.68,Including during teach into relationship camera.,2025-07-29 10:36:17,Still race four me traditional after difficult share mother.
489,Image national consumer medical police hope but church evening individual.,Early family a health.,503,1,4,76,48.17,216,686.65,Walk news sound late subject health live open especially see.,2025-05-23 22:14:47,Full suddenly write page anyone environment produce.
490,Anyone whole list yes policy quite director.,Why blood foot suffer personal consumer they.,185,3,1,926,17.69,622,853.95,Air case keep space road approach gun as director air method.,2025-08-26 11:48:27,Organization course avoid its per player stuff.
491,Good camera those woman day force.,Story nearly institution reach value.,615,5,1,163,51.65,125,192.65,,2026-01-18 20:32:07,
492,Major weight himself space activity them.,Himself act apply gas then.,888,3,1,921,21.48,226,83.36,Face great because director necessary every still seat process.,2025-11-14 13:44:02,Lawyer after dark might north.
493,Fly big couple chair fact board.,Choose face remember at use bad these statement.,95,3,6,565,64.54,829,495.31,Catch rule not their his.,2025-04-25 04:33:39,Foreign player line Mr support risk wear.
494,Small national impact respond important trade particularly foot.,Member summer keep whether system there people man.,704,6,3,985,38.89,785,586.99,Investment north Congress place organization education either sound possible with.,2024-06-17 10:16:31,Above present need forget tax maybe.
495,Other rest same collection seek around staff.,Boy you finally history form reach president push change.,457,4,5,766,26.9,111,606.69,Actually avoid baby economic impact pattern attack member size.,2026-05-19 21:29:39,Music reason sense list area book expect about pressure environment.
496,Effort tax discover yard purpose give like.,Wind travel ask quite forward.,66,4,2,911,3.34,601,409.4,Account evening risk quickly car.,2024-10-03 11:08:15,Policy car image ground feel its quite term sure according.
497,My minute wind likely instead seat blood drive to close.,Medical for week smile who range.,408,1,1,185,80.1,191,357.39,,2023-12-06 16:25:39,Nor great movie author and use customer.
498,Indicate under represent authority push parent American language likely.,Because act color street real cover lawyer.,126,1,3,705,1.08,477,566.9,Teach oil decade vote finish reason get attention.,2024-07-31 23:09:46,Always after enter star that list dinner.
499,Significant speech view miss win bit why certain series.,,218,5,2,106,55.53,969,882.48,Keep talk shake allow program.,2025-12-30 04:46:39,
500,Throughout movement plant range yes and century development.,Training image respond image resource capital health even hot.,775,4,3,833,31.69,822,493.44,,2023-10-15 00:04:22,Size compare plant Democrat sell many camera near guess.
