customerid,firstname,lastname,address1,address2,city,state,zip,country,region,email,phone,creditcardtype,creditcard,creditcardexpiration,username,password,age,income,gender,_violation
1,,Smith,"4, Ring Road","52, Park Street",Bengaluru,Karnataka,807357,USA,1,,+91-9858419312,3,willow,prism,kiara38,vertex,61,103940,M,firstname: NULL in NOT NULL column
2,XXXXXXXXXXXXXXXXXXXXXXXXXXXXXXXXXXXXXXXXXXXXXXXXXXXXXXXXXXXX,Mukherjee,"508, Link Road",,Chennai,,715884,USA,1,aditya.shah4311@test.example.net,+91-9199848849,1,quartz,delta,rahul899,vertex,86,111856,F,firstname: exceeds max length 50
3,Ravi,,"995, Church Street","434, Church Street",Pune,Telangana,372736,USA,1,vikram.kapoor8902@mail.example.org,+91-9366336563,1,signal,prism,pooja904,vertex,78,146458,F,lastname: NULL in NOT NULL column
4,Vikram,XXXXXXXXXXXXXXXXXXXXXXXXXXXXXXXXXXXXXXXXXXXXXXXXXXXXXXXXXXXX,"413, Brigade Road","336, Link Road",Indore,Telangana,459722,USA,1,sara.sharma7374@mail.example.org,+91-9917348031,2,harbor,delta,ishaan48,summit,39,63758,,lastname: exceeds max length 50
5,Kabir,Kapoor,,,Delhi,Telangana,496626,USA,1,sara.das8956@example.com,+91-9649782848,3,flux,matrix,ira299,prism,34,110348,M,address1: NULL in NOT NULL column
6,Ira,Verma,XXXXXXXXXXXXXXXXXXXXXXXXXXXXXXXXXXXXXXXXXXXXXXXXXXXXXXXXXXXX,,Kolkata,Uttar Pradesh,501033,USA,1,mary.mukherjee8945@mail.example.org,+91-9656869759,5,matrix,quartz,john984,delta,79,26960,,address1: exceeds max length 50
7,Ishaan,Kulkarni,"676, Lake View Road",XXXXXXXXXXXXXXXXXXXXXXXXXXXXXXXXXXXXXXXXXXXXXXXXXXXXXXXXXXXX,Surat,Rajasthan,507747,USA,2,myra.shah6259@example.com,+91-9236435154,2,alpha,vertex,sneha726,meridian,52,38869,M,address2: exceeds max length 50
8,Vivaan,Singh,"441, Church Street","793, Lake View Road",,Gujarat,527435,USA,1,ira.khan1477@mail.example.org,+91-9577501635,3,harbor,zenith,reyansh4,nova,23,75952,M,city: NULL in NOT NULL column
9,Ravi,Verma,"371, Link Road","564, Brigade Road",XXXXXXXXXXXXXXXXXXXXXXXXXXXXXXXXXXXXXXXXXXXXXXXXXXXXXXXXXXXX,Rajasthan,598439,USA,2,ishaan.iyer959@example.com,+91-9704926440,4,flux,meridian,aarav397,prism,78,46645,F,city: exceeds max length 50
10,Ananya,Kulkarni,"860, Nehru Street","568, Lake View Road",Chennai,XXXXXXXXXXXXXXXXXXXXXXXXXXXXXXXXXXXXXXXXXXXXXXXXXXXXXXXXXXXX,721676,USA,1,lakshmi.kapoor7665@example.com,+91-9701127998,5,quartz,beacon,ira879,zenith,56,100322,F,state: exceeds max length 50
11,Reyansh,Singh,"961, Ring Road",,Indore,Kerala,275442,,2,john.joshi726@mail.example.org,+91-9707728181,3,zenith,harbor,neha518,alpha,25,68796,F,country: NULL in NOT NULL column
12,Vikram,Iyer,"33, Station Road","270, Gandhi Nagar",Indore,Uttar Pradesh,198808,XXXXXXXXXXXXXXXXXXXXXXXXXXXXXXXXXXXXXXXXXXXXXXXXXXXXXXXXXXXX,1,james.singh2602@test.example.net,+91-9539293649,3,nova,vector,vikram918,nova,,,M,country: exceeds max length 50
13,Kabir,Kapoor,"581, Gandhi Nagar",,Indore,,820768,USA,,pooja.kulkarni1381@example.com,+91-9488464618,5,vector,delta,suresh176,nova,67,120122,M,region: NULL in NOT NULL column
14,Sneha,Smith,"555, Link Road","522, Hill Road",Bengaluru,Gujarat,151889,USA,1,XXXXXXXXXXXXXXXXXXXXXXXXXXXXXXXXXXXXXXXXXXXXXXXXXXXXXXXXXXXX,+91-9678391642,3,pulse,beacon,aditya137,meridian,52,100552,F,email: exceeds max length 50
15,Reyansh,Kapoor,"829, Mall Road",,Jaipur,West Bengal,334445,USA,1,,XXXXXXXXXXXXXXXXXXXXXXXXXXXXXXXXXXXXXXXXXXXXXXXXXXXXXXXXXXXX,3,orbit,ember,vivaan666,vertex,73,125310,,phone: exceeds max length 50
16,Priya,Rao,"482, Church Street",,Ahmedabad,Karnataka,113298,USA,1,sara.pillai9311@example.com,+91-9912358942,,alpha,flux,james442,delta,26,97359,F,creditcardtype: NULL in NOT NULL column
17,James,Sharma,"910, MG Road","487, Hill Road",Jaipur,Uttar Pradesh,985954,USA,2,ravi.shah8112@example.com,,5,,delta,karan679,vector,79,140003,M,creditcard: NULL in NOT NULL column
18,Reyansh,Roy,"724, MG Road",,Hyderabad,Tamil Nadu,977269,USA,1,amit.sharma6841@test.example.net,+91-9633184738,5,XXXXXXXXXXXXXXXXXXXXXXXXXXXXXXXXXXXXXXXXXXXXXXXXXXXXXXXXXXXX,quartz,anjali631,prism,56,42448,M,creditcard: exceeds max length 50
19,Sneha,Trivedi,"434, Park Street","392, Park Street",Delhi,Delhi,740335,USA,1,rahul.chatterjee7715@example.com,,1,cascade,,vivaan524,vertex,64,,F,creditcardexpiration: NULL in NOT NULL column
20,Myra,Nair,"742, Park Street",,Indore,Uttar Pradesh,479453,USA,1,priya.nair1352@test.example.net,+91-9353743318,5,cascade,XXXXXXXXXXXXXXXXXXXXXXXXXXXXXXXXXXXXXXXXXXXXXXXXXXXXXXXXXXXX,priya338,signal,83,64636,F,creditcardexpiration: exceeds max length 50
21,Meera,Gupta,"151, Station Road","506, Nehru Street",Bengaluru,Rajasthan,333040,USA,2,suresh.khan5125@mail.example.org,+91-9358977435,5,harbor,prism,,zenith,59,105685,F,username: NULL in NOT NULL column
22,Priya,Mukherjee,"444, Park Street",,Kochi,Rajasthan,264035,USA,1,sara.khan190@example.com,+91-9353012010,1,delta,signal,XXXXXXXXXXXXXXXXXXXXXXXXXXXXXXXXXXXXXXXXXXXXXXXXXXXXXXXXXXXX,matrix,63,65497,M,username: exceeds max length 50
23,Ravi,Iyer,"200, Mall Road","858, Nehru Street",Ahmedabad,Rajasthan,779326,USA,2,sara.reddy9017@mail.example.org,+91-9131302895,5,vertex,ember,mary598,,67,137103,M,password: NULL in NOT NULL column
24,Kabir,Desai,"388, Hill Road","441, Station Road",Pune,Rajasthan,894340,USA,1,james.kulkarni7288@mail.example.org,+91-9997380199,2,zenith,alpha,reyansh49,XXXXXXXXXXXXXXXXXXXXXXXXXXXXXXXXXXXXXXXXXXXXXXXXXXXXXXXXXXXX,73,78684,F,password: exceeds max length 50
25,Neha,Malhotra,"349, Hill Road",,Kochi,Maharashtra,446288,USA,1,vivaan.saxena5751@example.com,+91-9888450002,1,willow,matrix,lakshmi451,zenith,,26823,XXXXXXXXXXX,gender: exceeds max length 1
26,,Sharma,"962, Lake View Road",,Mumbai,Kerala,978513,USA,2,ananya.pillai5090@test.example.net,+91-9101485069,5,cascade,cascade,kabir136,alpha,67,31802,F,firstname: NULL in NOT NULL column
27,XXXXXXXXXXXXXXXXXXXXXXXXXXXXXXXXXXXXXXXXXXXXXXXXXXXXXXXXXXXX,Sharma,"847, Link Road","369, MG Road",Chennai,Andhra Pradesh,292944,USA,1,vivaan.desai3371@test.example.net,+91-9791604156,1,quartz,orbit,aditya638,ember,66,28315,F,firstname: exceeds max length 50
28,Rahul,,"808, Link Road",,Mumbai,Delhi,649790,USA,1,aadhya.chopra3521@mail.example.org,+91-9172528142,4,harbor,harbor,karan854,delta,28,104910,M,lastname: NULL in NOT NULL column
29,Lakshmi,XXXXXXXXXXXXXXXXXXXXXXXXXXXXXXXXXXXXXXXXXXXXXXXXXXXXXXXXXXXX,"433, Nehru Street","97, Ring Road",Surat,West Bengal,416042,USA,1,suresh.verma9487@test.example.net,+91-9367077036,2,quartz,orbit,kabir30,summit,36,,M,lastname: exceeds max length 50
30,Amit,Rao,,"591, Station Road",Lucknow,Kerala,538499,USA,1,lakshmi.singh4110@mail.example.org,+91-9711578286,2,pulse,harbor,pooja560,meridian,84,86093,F,address1: NULL in NOT NULL column
31,Ananya,Verma,XXXXXXXXXXXXXXXXXXXXXXXXXXXXXXXXXXXXXXXXXXXXXXXXXXXXXXXXXXXX,,Nagpur,Delhi,450947,USA,2,neha.mukherjee8106@example.com,+91-9428520902,2,vertex,summit,amit891,delta,62,55741,F,address1: exceeds max length 50
32,Rahul,Smith,"512, Gandhi Nagar",XXXXXXXXXXXXXXXXXXXXXXXXXXXXXXXXXXXXXXXXXXXXXXXXXXXXXXXXXXXX,Visakhapatnam,Maharashtra,749586,USA,2,arjun.mukherjee3922@mail.example.org,+91-9468616170,2,ember,alpha,diya966,meridian,56,31178,M,address2: exceeds max length 50
33,Diya,Kapoor,"661, Link Road",,,Uttar Pradesh,681835,USA,1,ishaan.menon4608@mail.example.org,+91-9540246415,3,delta,signal,kabir684,willow,27,42646,M,city: NULL in NOT NULL column
34,Mary,Saxena,"279, MG Road",,XXXXXXXXXXXXXXXXXXXXXXXXXXXXXXXXXXXXXXXXXXXXXXXXXXXXXXXXXXXX,West Bengal,661560,USA,1,anjali.kapoor1707@example.com,+91-9809280247,3,vertex,orbit,ananya806,delta,38,114926,F,city: exceeds max length 50
35,James,Mukherjee,"911, Hill Road","363, Link Road",Bengaluru,XXXXXXXXXXXXXXXXXXXXXXXXXXXXXXXXXXXXXXXXXXXXXXXXXXXXXXXXXXXX,972254,USA,2,lakshmi.mehta7955@example.com,+91-9564508436,4,meridian,vector,amit812,meridian,80,137638,F,state: exceeds max length 50
36,Vivaan,Roy,"200, Hill Road",,Indore,Madhya Pradesh,128475,,1,suresh.kapoor3433@example.com,+91-9769622270,2,prism,pulse,priya898,summit,79,113489,M,country: NULL in NOT NULL column
37,Aadhya,Gupta,"959, Brigade Road","822, Mall Road",Coimbatore,Kerala,286404,XXXXXXXXXXXXXXXXXXXXXXXXXXXXXXXXXXXXXXXXXXXXXXXXXXXXXXXXXXXX,1,aadhya.banerjee638@example.com,+91-9447678071,1,harbor,beacon,kabir77,alpha,35,136937,M,country: exceeds max length 50
38,Ira,Kulkarni,"229, Station Road","473, Ring Road",Visakhapatnam,Karnataka,564540,USA,,reyansh.rao9763@example.com,+91-9297243190,3,zenith,prism,mary448,vertex,72,23113,M,region: NULL in NOT NULL column
39,Kiara,Desai,"878, Park Street",,Indore,Andhra Pradesh,730238,USA,2,XXXXXXXXXXXXXXXXXXXXXXXXXXXXXXXXXXXXXXXXXXXXXXXXXXXXXXXXXXXX,+91-9541359807,2,quartz,delta,reyansh496,prism,44,51572,M,email: exceeds max length 50
40,Aadhya,Banerjee,"662, Ring Road",,Kochi,Delhi,308836,USA,1,pooja.menon4942@test.example.net,XXXXXXXXXXXXXXXXXXXXXXXXXXXXXXXXXXXXXXXXXXXXXXXXXXXXXXXXXXXX,2,signal,cascade,suresh769,willow,31,35872,F,phone: exceeds max length 50
41,James,Rao,"290, Park Street","315, Mall Road",Visakhapatnam,Kerala,,USA,1,ananya.patel544@mail.example.org,+91-9851972610,,harbor,vertex,suresh337,harbor,53,115116,M,creditcardtype: NULL in NOT NULL column
42,Ishaan,Patel,"493, Link Road","553, Park Street",Coimbatore,Kerala,251322,USA,1,,+91-9156851108,1,,orbit,james451,vertex,88,81335,M,creditcard: NULL in NOT NULL column
43,Lakshmi,Menon,"85, Brigade Road",,Bengaluru,Kerala,450914,USA,1,amit.patel1649@mail.example.org,+91-9464026905,1,XXXXXXXXXXXXXXXXXXXXXXXXXXXXXXXXXXXXXXXXXXXXXXXXXXXXXXXXXXXX,meridian,priya999,delta,48,123594,M,creditcard: exceeds max length 50
44,Meera,Shah,"608, Ring Road",,Nagpur,Delhi,935014,USA,1,ishaan.desai3612@mail.example.org,+91-9426506454,3,meridian,,kiara44,pulse,,86784,,creditcardexpiration: NULL in NOT NULL column
45,Amit,Saxena,"739, Ring Road","731, Gandhi Nagar",Delhi,West Bengal,972080,USA,1,ishaan.malhotra1577@test.example.net,+91-9611524523,5,orbit,XXXXXXXXXXXXXXXXXXXXXXXXXXXXXXXXXXXXXXXXXXXXXXXXXXXXXXXXXXXX,neha560,vertex,57,149383,F,creditcardexpiration: exceeds max length 50
46,Ira,Malhotra,"452, Station Road",,Chennai,Andhra Pradesh,528856,USA,1,meera.chopra5369@mail.example.org,+91-9465302727,4,ember,zenith,,nova,74,86010,M,username: NULL in NOT NULL column
47,Priya,Saxena,"185, Nehru Street","47, Mall Road",Surat,Delhi,,USA,2,amit.nair3039@example.com,+91-9340377380,5,vertex,quartz,XXXXXXXXXXXXXXXXXXXXXXXXXXXXXXXXXXXXXXXXXXXXXXXXXXXXXXXXXXXX,pulse,88,61694,M,username: exceeds max length 50
48,Karan,Kulkarni,"697, Brigade Road","508, Brigade Road",Lucknow,Karnataka,,USA,1,vikram.roy7486@example.com,+91-9206075771,5,prism,prism,vikram459,,63,112451,M,password: NULL in NOT NULL column
49,Ira,Joshi,"692, Brigade Road","604, Lake View Road",Kochi,Andhra Pradesh,115953,USA,1,lakshmi.mukherjee5144@example.com,+91-9871247560,2,vertex,cascade,aadhya155,XXXXXXXXXXXXXXXXXXXXXXXXXXXXXXXXXXXXXXXXXXXXXXXXXXXXXXXXXXXX,42,139320,M,password: exceeds max length 50
50,Karan,Das,"300, Lake View Road","502, Nehru Street",Delhi,Andhra Pradesh,319510,USA,2,mary.rao2926@example.com,+91-9967844695,1,summit,harbor,mary678,nova,44,42069,XXXXXXXXXXX,gender: exceeds max length 1
51,,Reddy,"350, Lake View Road",,Indore,,935292,USA,1,ananya.mehta2539@mail.example.org,+91-9988745617,4,signal,quartz,rahul469,vertex,87,26367,F,firstname: NULL in NOT NULL column
52,XXXXXXXXXXXXXXXXXXXXXXXXXXXXXXXXXXXXXXXXXXXXXXXXXXXXXXXXXXXX,Verma,"552, Hill Road",,Lucknow,,497757,USA,1,lakshmi.bhat7176@mail.example.org,+91-9123698043,2,willow,matrix,vikram726,signal,83,125926,M,firstname: exceeds max length 50
53,Karan,,"33, Link Road","899, Station Road",Jaipur,Rajasthan,,USA,1,aditya.patel1900@test.example.net,+91-9254350586,4,zenith,prism,vivaan602,signal,28,124979,F,lastname: NULL in NOT NULL column
54,Vivaan,XXXXXXXXXXXXXXXXXXXXXXXXXXXXXXXXXXXXXXXXXXXXXXXXXXXXXXXXXXXX,"365, Park Street",,Mumbai,Tamil Nadu,530606,USA,2,pooja.rao9274@mail.example.org,+91-9893923835,5,alpha,quartz,suresh439,ember,38,64363,M,lastname: exceeds max length 50
55,Ananya,Banerjee,,"325, Hill Road",Kochi,Tamil Nadu,435163,USA,1,pooja.joshi8775@example.com,,3,cascade,ember,sneha820,signal,51,54912,M,address1: NULL in NOT NULL column
56,Sara,Pillai,XXXXXXXXXXXXXXXXXXXXXXXXXXXXXXXXXXXXXXXXXXXXXXXXXXXXXXXXXXXX,"406, Ring Road",Mumbai,Telangana,993766,USA,1,vivaan.chatterjee7261@mail.example.org,,5,pulse,vertex,ishaan204,meridian,36,,,address1: exceeds max length 50
57,Lakshmi,Saxena,"877, Nehru Street",XXXXXXXXXXXXXXXXXXXXXXXXXXXXXXXXXXXXXXXXXXXXXXXXXXXXXXXXXXXX,Surat,Kerala,807495,USA,1,john.khan5469@example.com,+91-9252809720,4,willow,signal,vikram526,harbor,58,,M,address2: exceeds max length 50
58,Ira,Nair,"235, Brigade Road","397, Park Street",,Uttar Pradesh,211502,USA,2,anjali.nair4885@example.com,+91-9700042422,3,orbit,signal,sara449,nova,,77241,F,city: NULL in NOT NULL column
59,Ira,Mehta,"579, MG Road","147, Brigade Road",XXXXXXXXXXXXXXXXXXXXXXXXXXXXXXXXXXXXXXXXXXXXXXXXXXXXXXXXXXXX,Rajasthan,427028,USA,1,reyansh.banerjee2296@example.com,+91-9362858917,2,flux,summit,kabir226,prism,84,43669,M,city: exceeds max length 50
60,Amit,Khan,"988, Link Road",,Surat,XXXXXXXXXXXXXXXXXXXXXXXXXXXXXXXXXXXXXXXXXXXXXXXXXXXXXXXXXXXX,911416,USA,1,rahul.bhat9870@test.example.net,+91-9302893208,5,prism,orbit,kabir82,meridian,27,78373,F,state: exceeds max length 50
61,Rahul,Nair,"824, Gandhi Nagar",,Jaipur,Maharashtra,515970,,1,john.sharma6829@example.com,+91-9937266452,1,matrix,nova,diya774,alpha,86,93831,F,country: NULL in NOT NULL column
62,Ananya,Rao,"13, Link Road",,Nagpur,Karnataka,238320,XXXXXXXXXXXXXXXXXXXXXXXXXXXXXXXXXXXXXXXXXXXXXXXXXXXXXXXXXXXX,1,arjun.rao56@test.example.net,+91-9534604714,5,meridian,vector,john190,beacon,46,91652,M,country: exceeds max length 50
63,James,Kapoor,"982, Ring Road","733, MG Road",Mumbai,,889680,USA,,sara.gupta7740@example.com,+91-9361904301,5,delta,alpha,rahul474,orbit,77,110150,M,region: NULL in NOT NULL column
64,Ravi,Sharma,"746, MG Road","299, Brigade Road",Lucknow,Telangana,938117,USA,1,XXXXXXXXXXXXXXXXXXXXXXXXXXXXXXXXXXXXXXXXXXXXXXXXXXXXXXXXXXXX,+91-9383437265,1,signal,meridian,aarav228,vector,85,69507,F,email: exceeds max length 50
65,Sara,Kapoor,"36, Station Road",,Kochi,,604572,USA,1,sneha.rao8750@test.example.net,XXXXXXXXXXXXXXXXXXXXXXXXXXXXXXXXXXXXXXXXXXXXXXXXXXXXXXXXXXXX,2,vertex,delta,neha548,meridian,58,114634,M,phone: exceeds max length 50
66,Ananya,Johnson,"536, Hill Road",,Surat,Delhi,280535,USA,2,,+91-9713787351,,cascade,delta,diya209,vertex,35,,F,creditcardtype: NULL in NOT NULL column
67,Sara,Joshi,"151, Brigade Road","119, Brigade Road",Bengaluru,Delhi,756481,USA,1,sara.chatterjee904@example.com,+91-9479577731,5,,beacon,karan230,alpha,27,27696,F,creditcard: NULL in NOT NULL column
68,John,Banerjee,"984, Station Road","42, Nehru Street",Bengaluru,Madhya Pradesh,949469,USA,1,ravi.menon586@example.com,+91-9279078046,2,XXXXXXXXXXXXXXXXXXXXXXXXXXXXXXXXXXXXXXXXXXXXXXXXXXXXXXXXXXXX,harbor,kabir309,nova,81,117356,F,creditcard: exceeds max length 50
69,James,Smith,"200, Church Street",,Hyderabad,Tamil Nadu,644057,USA,2,aarav.desai8670@mail.example.org,+91-9500591224,3,ember,,meera394,meridian,75,29151,M,creditcardexpiration: NULL in NOT NULL column
70,Ravi,Trivedi,"290, Lake View Road",,Kochi,Kerala,872425,USA,1,sneha.gupta6487@test.example.net,+91-9188422744,2,signal,XXXXXXXXXXXXXXXXXXXXXXXXXXXXXXXXXXXXXXXXXXXXXXXXXXXXXXXXXXXX,sara697,vector,,148618,M,creditcardexpiration: exceeds max length 50
71,Arjun,Bhat,"913, Church Street",,Kochi,,730741,USA,2,karan.bhat1275@mail.example.org,+91-9472203133,1,willow,quartz,,summit,,,F,username: NULL in NOT NULL column
72,Sara,Sharma,"802, Hill Road","697, Station Road",Chennai,Delhi,564525,USA,1,aadhya.sharma3476@example.com,+91-9237079199,1,zenith,vector,XXXXXXXXXXXXXXXXXXXXXXXXXXXXXXXXXXXXXXXXXXXXXXXXXXXXXXXXXXXX,beacon,24,,F,username: exceeds max length 50
73,Amit,Menon,"322, Park Street","571, Gandhi Nagar",Pune,Telangana,712714,USA,2,lakshmi.iyer293@mail.example.org,+91-9149272957,4,nova,meridian,vikram422,,81,142830,M,password: NULL in NOT NULL column
74,Ananya,Trivedi,"504, Lake View Road","100, Lake View Road",Surat,Uttar Pradesh,238702,USA,1,ishaan.joshi781@test.example.net,+91-9745549199,2,alpha,beacon,john214,XXXXXXXXXXXXXXXXXXXXXXXXXXXXXXXXXXXXXXXXXXXXXXXXXXXXXXXXXXXX,,106298,M,password: exceeds max length 50
75,Ira,Chopra,"583, Link Road","138, Brigade Road",Hyderabad,Delhi,791190,USA,1,diya.khan9850@example.com,+91-9271588058,3,orbit,orbit,priya422,willow,82,,XXXXXXXXXXX,gender: exceeds max length 1
76,,Pillai,"211, Hill Road","405, Gandhi Nagar",Chennai,Kerala,166258,USA,1,ravi.gupta5996@test.example.net,+91-9518834382,3,flux,willow,pooja807,vertex,,117504,F,firstname: NULL in NOT NULL column
77,XXXXXXXXXXXXXXXXXXXXXXXXXXXXXXXXXXXXXXXXXXXXXXXXXXXXXXXXXXXX,Gupta,"805, Mall Road","112, Mall Road",Ahmedabad,,,USA,1,sneha.verma6839@mail.example.org,+91-9180263708,3,matrix,cascade,john119,summit,49,25699,F,firstname: exceeds max length 50
78,Vivaan,,"710, Mall Road",,Visakhapatnam,Delhi,167581,USA,1,neha.malhotra5251@example.com,+91-9744770904,5,meridian,beacon,reyansh283,ember,31,,F,lastname: NULL in NOT NULL column
79,Priya,XXXXXXXXXXXXXXXXXXXXXXXXXXXXXXXXXXXXXXXXXXXXXXXXXXXXXXXXXXXX,"128, Gandhi Nagar","164, Mall Road",Pune,Gujarat,260201,USA,2,diya.sharma6953@test.example.net,+91-9431224125,4,vertex,cascade,diya389,vertex,73,139852,F,lastname: exceeds max length 50
80,Karan,Pillai,,"907, Gandhi Nagar",Lucknow,Delhi,426092,USA,1,,+91-9337689386,3,pulse,quartz,diya672,signal,64,132510,F,address1: NULL in NOT NULL column
81,Aarav,Banerjee,XXXXXXXXXXXXXXXXXXXXXXXXXXXXXXXXXXXXXXXXXXXXXXXXXXXXXXXXXXXX,"751, Park Street",Bengaluru,Kerala,624894,USA,2,james.chatterjee4121@mail.example.org,+91-9354662562,5,vertex,vertex,mary833,matrix,76,,F,address1: exceeds max length 50
82,Vivaan,Singh,"199, Link Road",XXXXXXXXXXXXXXXXXXXXXXXXXXXXXXXXXXXXXXXXXXXXXXXXXXXXXXXXXXXX,Jaipur,Karnataka,449205,USA,1,neha.sharma4958@mail.example.org,+91-9266275272,1,vector,zenith,sara987,alpha,65,125881,F,address2: exceeds max length 50
83,Aarav,Iyer,"650, Gandhi Nagar","109, Station Road",,West Bengal,,USA,1,vikram.nair8780@example.com,+91-9964469375,3,ember,nova,vikram806,nova,64,122711,M,city: NULL in NOT NULL column
84,Ira,Chatterjee,"208, Nehru Street","248, Nehru Street",XXXXXXXXXXXXXXXXXXXXXXXXXXXXXXXXXXXXXXXXXXXXXXXXXXXXXXXXXXXX,Telangana,193125,USA,1,,+91-9208969644,2,willow,vector,meera532,nova,65,91885,F,city: exceeds max length 50
85,Aditya,Menon,"128, Station Road","384, Brigade Road",Surat,XXXXXXXXXXXXXXXXXXXXXXXXXXXXXXXXXXXXXXXXXXXXXXXXXXXXXXXXXXXX,,USA,1,,,1,willow,prism,aarav999,summit,66,45768,,state: exceeds max length 50
86,Kabir,Smith,"823, Nehru Street","339, Link Road",Indore,Kerala,809600,,2,reyansh.smith9964@mail.example.org,+91-9785585245,1,alpha,matrix,aditya642,matrix,55,90710,M,country: NULL in NOT NULL column
87,Vikram,Kapoor,"372, Lake View Road","369, Hill Road",Indore,Uttar Pradesh,757140,XXXXXXXXXXXXXXXXXXXXXXXXXXXXXXXXXXXXXXXXXXXXXXXXXXXXXXXXXXXX,2,mary.trivedi9777@mail.example.org,+91-9708243481,3,quartz,willow,neha299,cascade,72,91070,,country: exceeds max length 50
88,Sara,Mehta,"46, Hill Road",,Visakhapatnam,Delhi,874540,USA,,ananya.banerjee3567@test.example.net,+91-9980980637,5,zenith,harbor,anjali205,delta,78,,,region: NULL in NOT NULL column
89,Rahul,Chopra,"603, Station Road",,Lucknow,Delhi,539140,USA,2,XXXXXXXXXXXXXXXXXXXXXXXXXXXXXXXXXXXXXXXXXXXXXXXXXXXXXXXXXXXX,+91-9371030829,2,zenith,flux,priya812,alpha,42,,F,email: exceeds max length 50
90,Ananya,Banerjee,"240, Ring Road","629, Gandhi Nagar",Ahmedabad,Madhya Pradesh,937891,USA,1,aditya.kulkarni7457@mail.example.org,XXXXXXXXXXXXXXXXXXXXXXXXXXXXXXXXXXXXXXXXXXXXXXXXXXXXXXXXXXXX,1,harbor,vertex,ira369,vertex,55,98924,M,phone: exceeds max length 50
91,Suresh,Banerjee,"794, Lake View Road","672, Church Street",Chennai,Kerala,785108,USA,1,pooja.smith4616@mail.example.org,+91-9830830453,,harbor,zenith,neha340,quartz,31,74848,M,creditcardtype: NULL in NOT NULL column
92,Suresh,Kulkarni,"476, Hill Road",,Lucknow,Uttar Pradesh,953650,USA,1,sneha.mehta5887@example.com,+91-9519902177,3,,meridian,vivaan304,quartz,76,,F,creditcard: NULL in NOT NULL column
93,Vikram,Malhotra,"913, Station Road","178, Park Street",Ahmedabad,West Bengal,383561,USA,1,ira.trivedi260@example.com,+91-9276073884,3,XXXXXXXXXXXXXXXXXXXXXXXXXXXXXXXXXXXXXXXXXXXXXXXXXXXXXXXXXXXX,pulse,aditya44,summit,88,95628,F,creditcard: exceeds max length 50
94,Mary,Shah,"855, Gandhi Nagar",,Coimbatore,Gujarat,411727,USA,2,vivaan.singh6238@test.example.net,+91-9172326463,3,cascade,,amit980,delta,,55767,F,creditcardexpiration: NULL in NOT NULL column
95,Vikram,Roy,"394, Mall Road",,Kochi,Rajasthan,308201,USA,1,mary.shah4252@example.com,+91-9927586008,1,matrix,XXXXXXXXXXXXXXXXXXXXXXXXXXXXXXXXXXXXXXXXXXXXXXXXXXXXXXXXXXXX,pooja482,ember,47,61455,F,creditcardexpiration: exceeds max length 50
96,Arjun,Saxena,"489, Church Street","611, Brigade Road",Chennai,Gujarat,859961,USA,1,amit.kapoor6409@mail.example.org,+91-9465921726,3,ember,flux,,orbit,26,45739,M,username: NULL in NOT NULL column
97,Karan,Mehta,"965, Nehru Street","948, Station Road",Pune,Karnataka,466448,USA,2,,+91-9537442233,2,signal,cascade,XXXXXXXXXXXXXXXXXXXXXXXXXXXXXXXXXXXXXXXXXXXXXXXXXXXXXXXXXXXX,harbor,87,81075,,username: exceeds max length 50
98,Vivaan,Desai,"865, Ring Road","210, Lake View Road",Surat,,997870,USA,1,pooja.rao8587@mail.example.org,+91-9510650732,4,orbit,vector,aarav913,,42,59064,M,password: NULL in NOT NULL column
99,Aadhya,Joshi,"533, Link Road",,Delhi,,201847,USA,1,ravi.smith4149@test.example.net,+91-9252680296,3,orbit,nova,kiara615,XXXXXXXXXXXXXXXXXXXXXXXXXXXXXXXXXXXXXXXXXXXXXXXXXXXXXXXXXXXX,24,52277,,password: exceeds max length 50
100,Meera,Mukherjee,"237, Lake View Road",,Mumbai,Delhi,716959,USA,1,mary.saxena2790@example.com,+91-9819220335,4,quartz,harbor,rahul327,quartz,87,82518,XXXXXXXXXXX,gender: exceeds max length 1
101,,Das,"26, Hill Road","211, MG Road",Nagpur,,,USA,2,kiara.desai2820@example.com,+91-9258013409,2,ember,beacon,neha335,vertex,50,,M,firstname: NULL in NOT NULL column
102,XXXXXXXXXXXXXXXXXXXXXXXXXXXXXXXXXXXXXXXXXXXXXXXXXXXXXXXXXXXX,Bhat,"846, Park Street","826, Park Street",Indore,Karnataka,491659,USA,1,,+91-9334962618,1,flux,matrix,john788,quartz,90,116815,M,firstname: exceeds max length 50
103,Arjun,,"695, Gandhi Nagar",,Ahmedabad,Rajasthan,761773,USA,2,aditya.malhotra4201@example.com,+91-9262226973,3,cascade,prism,priya659,signal,,145481,M,lastname: NULL in NOT NULL column
104,James,XXXXXXXXXXXXXXXXXXXXXXXXXXXXXXXXXXXXXXXXXXXXXXXXXXXXXXXXXXXX,"92, Lake View Road","644, Park Street",Chennai,Uttar Pradesh,700268,USA,1,myra.singh1307@mail.example.org,+91-9617012086,3,flux,pulse,suresh191,pulse,87,96567,M,lastname: exceeds max length 50
105,Rahul,Roy,,,Hyderabad,Rajasthan,506535,USA,1,mary.sharma5016@mail.example.org,,2,prism,zenith,vivaan478,signal,70,,M,address1: NULL in NOT NULL column
106,Meera,Joshi,XXXXXXXXXXXXXXXXXXXXXXXXXXXXXXXXXXXXXXXXXXXXXXXXXXXXXXXXXXXX,,Lucknow,Rajasthan,953764,USA,1,amit.chopra7145@example.com,+91-9745471345,1,zenith,orbit,anjali185,delta,,134721,M,address1: exceeds max length 50
107,Anjali,Menon,"975, Gandhi Nagar",XXXXXXXXXXXXXXXXXXXXXXXXXXXXXXXXXXXXXXXXXXXXXXXXXXXXXXXXXXXX,Chennai,Telangana,,USA,1,mary.banerjee9509@example.com,+91-9408435014,2,flux,ember,vivaan633,quartz,66,,F,address2: exceeds max length 50
108,Sara,Shah,"482, Link Road",,,Karnataka,293776,USA,2,anjali.bhat3001@mail.example.org,+91-9414009189,4,orbit,matrix,john895,willow,20,82786,F,city: NULL in NOT NULL column
109,Sneha,Desai,"608, Lake View Road","555, Lake View Road",XXXXXXXXXXXXXXXXXXXXXXXXXXXXXXXXXXXXXXXXXXXXXXXXXXXXXXXXXXXX,Uttar Pradesh,533359,USA,1,james.nair5015@example.com,+91-9920477749,4,nova,cascade,myra789,summit,84,93507,M,city: exceeds max length 50
110,Vikram,Bhat,"465, MG Road","300, MG Road",Mumbai,XXXXXXXXXXXXXXXXXXXXXXXXXXXXXXXXXXXXXXXXXXXXXXXXXXXXXXXXXXXX,915402,USA,2,ravi.gupta1413@example.com,+91-9925792944,4,nova,vector,meera3,prism,56,77734,M,state: exceeds max length 50
111,Amit,Reddy,"333, Station Road",,Mumbai,Karnataka,253660,,1,karan.chatterjee4583@test.example.net,+91-9963859849,4,flux,delta,priya885,orbit,58,141690,,country: NULL in NOT NULL column
112,Vivaan,Chatterjee,"715, Park Street","867, MG Road",Delhi,Rajasthan,301453,XXXXXXXXXXXXXXXXXXXXXXXXXXXXXXXXXXXXXXXXXXXXXXXXXXXXXXXXXXXX,1,vikram.bhat1465@mail.example.org,+91-9894039845,4,prism,pulse,vivaan192,nova,37,66647,F,country: exceeds max length 50
113,Karan,Bhat,"479, Church Street","149, Ring Road",Jaipur,Kerala,536128,USA,,pooja.roy1025@example.com,+91-9927896471,1,zenith,harbor,james602,summit,83,67674,F,region: NULL in NOT NULL column
114,Arjun,Khan,"171, Church Street",,Surat,Delhi,944308,USA,1,XXXXXXXXXXXXXXXXXXXXXXXXXXXXXXXXXXXXXXXXXXXXXXXXXXXXXXXXXXXX,+91-9143858449,1,willow,matrix,neha14,harbor,43,129218,M,email: exceeds max length 50
115,Vikram,Smith,"818, Gandhi Nagar",,Chennai,,878706,USA,2,priya.chatterjee6509@test.example.net,XXXXXXXXXXXXXXXXXXXXXXXXXXXXXXXXXXXXXXXXXXXXXXXXXXXXXXXXXXXX,2,alpha,flux,vikram289,alpha,74,93043,M,phone: exceeds max length 50
116,Reyansh,Rao,"320, Hill Road","947, Lake View Road",Delhi,West Bengal,833648,USA,1,myra.saxena6978@mail.example.org,+91-9880981757,,nova,willow,pooja284,nova,64,141893,F,creditcardtype: NULL in NOT NULL column
117,Diya,Smith,"539, Brigade Road","58, Gandhi Nagar",Ahmedabad,Telangana,279725,USA,2,lakshmi.kulkarni711@test.example.net,+91-9388069201,1,,signal,vikram221,quartz,37,129457,M,creditcard: NULL in NOT NULL column
118,Reyansh,Roy,"612, Mall Road","571, Ring Road",Lucknow,,559610,USA,1,meera.roy8124@test.example.net,+91-9986667133,3,XXXXXXXXXXXXXXXXXXXXXXXXXXXXXXXXXXXXXXXXXXXXXXXXXXXXXXXXXXXX,vertex,meera152,delta,76,138120,M,creditcard: exceeds max length 50
119,Ishaan,Nair,"456, Ring Road",,Surat,West Bengal,839268,USA,1,aditya.bhat8880@example.com,+91-9988486958,4,vector,,arjun541,pulse,86,74313,F,creditcardexpiration: NULL in NOT NULL column
120,Ira,Mehta,"608, Church Street","187, Station Road",Chennai,Tamil Nadu,619763,USA,1,kabir.kulkarni6720@test.example.net,+91-9902947091,1,vertex,XXXXXXXXXXXXXXXXXXXXXXXXXXXXXXXXXXXXXXXXXXXXXXXXXXXXXXXXXXXX,priya464,matrix,48,135392,F,creditcardexpiration: exceeds max length 50
121,Aarav,Mukherjee,"184, Park Street",,Visakhapatnam,Telangana,520858,USA,1,priya.malhotra1301@test.example.net,+91-9996977997,1,summit,meridian,,delta,85,58379,M,username: NULL in NOT NULL column
122,Rahul,Mehta,"984, Gandhi Nagar",,Visakhapatnam,West Bengal,540076,USA,1,rahul.menon9807@test.example.net,+91-9569823510,4,summit,summit,XXXXXXXXXXXXXXXXXXXXXXXXXXXXXXXXXXXXXXXXXXXXXXXXXXXXXXXXXXXX,willow,84,122359,M,username: exceeds max length 50
123,Vikram,Malhotra,"56, Lake View Road","205, Mall Road",Nagpur,West Bengal,957392,USA,2,rahul.singh1573@example.com,+91-9449178732,1,delta,ember,james600,,39,71674,M,password: NULL in NOT NULL column
124,Kabir,Johnson,"551, Mall Road","496, Brigade Road",Delhi,Madhya Pradesh,173628,USA,2,ravi.sharma6108@test.example.net,+91-9385434321,3,alpha,nova,lakshmi841,XXXXXXXXXXXXXXXXXXXXXXXXXXXXXXXXXXXXXXXXXXXXXXXXXXXXXXXXXXXX,64,,M,password: exceeds max length 50
125,Karan,Joshi,"493, Mall Road",,Ahmedabad,Tamil Nadu,152173,USA,1,john.kapoor4680@mail.example.org,+91-9235291795,2,alpha,matrix,suresh268,alpha,,54747,XXXXXXXXXXX,gender: exceeds max length 1
126,,Iyer,"284, Park Street","153, Station Road",Lucknow,Maharashtra,723585,USA,1,ananya.reddy6627@mail.example.org,+91-9677504727,3,quartz,cascade,myra63,ember,49,85680,F,firstname: NULL in NOT NULL column
127,XXXXXXXXXXXXXXXXXXXXXXXXXXXXXXXXXXXXXXXXXXXXXXXXXXXXXXXXXXXX,Desai,"813, Mall Road",,Ahmedabad,Telangana,,USA,1,ishaan.sharma7495@example.com,+91-9741930606,2,vertex,pulse,sara716,beacon,68,118665,F,firstname: exceeds max length 50
128,James,,"658, Station Road",,Kochi,Rajasthan,469040,USA,1,,+91-9324687333,4,willow,flux,kabir539,cascade,77,143820,F,lastname: NULL in NOT NULL column
129,Anjali,XXXXXXXXXXXXXXXXXXXXXXXXXXXXXXXXXXXXXXXXXXXXXXXXXXXXXXXXXXXX,"215, Link Road","548, Brigade Road",Kolkata,Gujarat,339397,USA,1,aarav.patel4544@example.com,+91-9892061304,3,flux,zenith,diya223,quartz,87,86291,M,lastname: exceeds max length 50
130,Ananya,Gupta,,"698, MG Road",Delhi,Delhi,210246,USA,1,ravi.chopra4492@test.example.net,+91-9666188792,1,summit,vector,neha656,beacon,32,103472,F,address1: NULL in NOT NULL column
131,Kiara,Sharma,XXXXXXXXXXXXXXXXXXXXXXXXXXXXXXXXXXXXXXXXXXXXXXXXXXXXXXXXXXXX,"580, Gandhi Nagar",Visakhapatnam,,974893,USA,1,meera.pillai9947@mail.example.org,+91-9866189561,3,ember,summit,mary141,cascade,72,34324,M,address1: exceeds max length 50
132,Neha,Roy,"845, Lake View Road",XXXXXXXXXXXXXXXXXXXXXXXXXXXXXXXXXXXXXXXXXXXXXXXXXXXXXXXXXXXX,Delhi,Rajasthan,366630,USA,1,amit.patel2111@mail.example.org,+91-9823913584,3,orbit,willow,amit747,quartz,72,100784,M,address2: exceeds max length 50
133,Aditya,Malhotra,"814, Station Road",,,West Bengal,296883,USA,2,,,3,willow,prism,karan649,ember,63,33081,M,city: NULL in NOT NULL column
134,Neha,Reddy,"647, MG Road","502, Mall Road",XXXXXXXXXXXXXXXXXXXXXXXXXXXXXXXXXXXXXXXXXXXXXXXXXXXXXXXXXXXX,West Bengal,,USA,2,neha.kulkarni9805@example.com,+91-9179443863,4,zenith,delta,ananya38,vector,87,27349,M,city: exceeds max length 50
135,Diya,Malhotra,"41, Ring Road","58, Station Road",Visakhapatnam,XXXXXXXXXXXXXXXXXXXXXXXXXXXXXXXXXXXXXXXXXXXXXXXXXXXXXXXXXXXX,640059,USA,1,john.patel8549@test.example.net,+91-9578787037,2,harbor,meridian,meera407,vector,37,147065,M,state: exceeds max length 50
136,Pooja,Sharma,"249, Station Road",,Pune,Delhi,748983,,1,mary.trivedi8975@mail.example.org,+91-9382035470,5,prism,pulse,amit300,quartz,59,123280,M,country: NULL in NOT NULL column
137,Vivaan,Nair,"694, Gandhi Nagar",,Bengaluru,Telangana,567762,XXXXXXXXXXXXXXXXXXXXXXXXXXXXXXXXXXXXXXXXXXXXXXXXXXXXXXXXXXXX,1,priya.bhat7991@mail.example.org,+91-9868000329,1,nova,vector,myra436,vector,51,71974,M,country: exceeds max length 50
138,Lakshmi,Sharma,"77, Nehru Street",,Hyderabad,Kerala,566886,USA,,lakshmi.menon8827@mail.example.org,+91-9989984746,5,pulse,zenith,neha871,delta,25,128475,M,region: NULL in NOT NULL column
139,Rahul,Malhotra,"276, Church Street",,Surat,Delhi,862872,USA,2,XXXXXXXXXXXXXXXXXXXXXXXXXXXXXXXXXXXXXXXXXXXXXXXXXXXXXXXXXXXX,+91-9615083729,2,prism,willow,vivaan845,delta,77,125226,M,email: exceeds max length 50
140,Arjun,Chopra,"148, Ring Road",,Nagpur,Karnataka,958477,USA,1,james.mehta8722@test.example.net,XXXXXXXXXXXXXXXXXXXXXXXXXXXXXXXXXXXXXXXXXXXXXXXXXXXXXXXXXXXX,2,meridian,delta,suresh697,pulse,36,80540,,phone: exceeds max length 50
141,Ishaan,Shah,"798, Church Street","978, Station Road",Lucknow,Andhra Pradesh,333174,USA,1,sara.chopra1306@mail.example.org,+91-9540181760,,summit,flux,priya373,summit,83,145202,M,creditcardtype: NULL in NOT NULL column
142,James,Verma,"854, Church Street",,Pune,Rajasthan,820976,USA,1,anjali.gupta4488@test.example.net,+91-9354806545,4,,nova,mary350,zenith,36,84558,F,creditcard: NULL in NOT NULL column
143,Arjun,Saxena,"490, Link Road","289, Mall Road",Nagpur,Karnataka,652739,USA,2,,,5,XXXXXXXXXXXXXXXXXXXXXXXXXXXXXXXXXXXXXXXXXXXXXXXXXXXXXXXXXXXX,beacon,neha667,zenith,22,127939,M,creditcard: exceeds max length 50
144,Kiara,Mukherjee,"449, Park Street",,Bengaluru,Telangana,114340,USA,1,suresh.sharma8544@mail.example.org,+91-9898790942,2,prism,,aarav678,vector,59,,,creditcardexpiration: NULL in NOT NULL column
145,Aditya,Saxena,"6, Hill Road","588, Church Street",Surat,Kerala,552442,USA,1,karan.iyer3158@example.com,+91-9330922948,4,meridian,XXXXXXXXXXXXXXXXXXXXXXXXXXXXXXXXXXXXXXXXXXXXXXXXXXXXXXXXXXXX,james496,vertex,,131498,F,creditcardexpiration: exceeds max length 50
146,Sneha,Iyer,"970, Link Road",,Visakhapatnam,Maharashtra,971276,USA,1,pooja.pillai9242@example.com,+91-9950138194,3,beacon,nova,,summit,,138185,F,username: NULL in NOT NULL column
147,Sara,Reddy,"419, Hill Road",,Delhi,Andhra Pradesh,997790,USA,1,kabir.mehta1312@mail.example.org,+91-9515046428,3,delta,harbor,XXXXXXXXXXXXXXXXXXXXXXXXXXXXXXXXXXXXXXXXXXXXXXXXXXXXXXXXXXXX,meridian,33,118105,F,username: exceeds max length 50
148,Sara,Desai,"295, Lake View Road",,Chennai,Delhi,159427,USA,1,aarav.das2821@mail.example.org,+91-9579524811,5,ember,ember,diya150,,82,40503,F,password: NULL in NOT NULL column
149,Mary,Iyer,"523, Lake View Road","914, Gandhi Nagar",Jaipur,Delhi,317445,USA,1,,+91-9119896627,5,summit,ember,ishaan469,XXXXXXXXXXXXXXXXXXXXXXXXXXXXXXXXXXXXXXXXXXXXXXXXXXXXXXXXXXXX,87,,F,password: exceeds max length 50
150,Aditya,Rao,"706, Mall Road","43, Church Street",Bengaluru,Rajasthan,576946,USA,1,vikram.kapoor7572@mail.example.org,+91-9136395562,4,zenith,signal,ravi624,beacon,66,21846,XXXXXXXXXXX,gender: exceeds max length 1
151,,Sharma,"981, Nehru Street","436, Gandhi Nagar",Delhi,Andhra Pradesh,299970,USA,1,aarav.chopra492@example.com,+91-9258546669,1,flux,vertex,arjun317,nova,,109921,M,firstname: NULL in NOT NULL column
152,XXXXXXXXXXXXXXXXXXXXXXXXXXXXXXXXXXXXXXXXXXXXXXXXXXXXXXXXXXXX,Mehta,"986, Brigade Road",,Visakhapatnam,Andhra Pradesh,865008,USA,1,rahul.sharma5366@example.com,+91-9714804229,3,matrix,quartz,priya369,orbit,58,,M,firstname: exceeds max length 50
153,Ishaan,,"523, Lake View Road",,Mumbai,Andhra Pradesh,,USA,1,,+91-9727644278,4,vertex,vertex,arjun865,zenith,24,136505,F,lastname: NULL in NOT NULL column
154,Vikram,XXXXXXXXXXXXXXXXXXXXXXXXXXXXXXXXXXXXXXXXXXXXXXXXXXXXXXXXXXXX,"870, Mall Road","369, Hill Road",Kochi,Madhya Pradesh,892013,USA,1,priya.iyer1836@mail.example.org,+91-9298319721,3,orbit,alpha,kabir677,zenith,68,114591,M,lastname: exceeds max length 50
155,Karan,Kulkarni,,,Visakhapatnam,,531220,USA,1,arjun.joshi2543@test.example.net,+91-9409473446,1,cascade,quartz,aditya947,vertex,84,26829,F,address1: NULL in NOT NULL column
156,Lakshmi,Mehta,XXXXXXXXXXXXXXXXXXXXXXXXXXXXXXXXXXXXXXXXXXXXXXXXXXXXXXXXXXXX,,Indore,Madhya Pradesh,261225,USA,1,pooja.nair3816@mail.example.org,+91-9664626999,4,signal,harbor,aadhya675,ember,21,,F,address1: exceeds max length 50
157,Mary,Shah,"819, Church Street",XXXXXXXXXXXXXXXXXXXXXXXXXXXXXXXXXXXXXXXXXXXXXXXXXXXXXXXXXXXX,Coimbatore,Telangana,496361,USA,1,myra.mukherjee300@mail.example.org,+91-9319819126,2,zenith,flux,aarav870,meridian,35,56259,F,address2: exceeds max length 50
158,Ishaan,Malhotra,"969, Church Street","670, Hill Road",,Kerala,978448,USA,1,suresh.rao3279@example.com,+91-9438974473,5,willow,willow,kiara857,summit,87,44265,F,city: NULL in NOT NULL column
159,Aarav,Singh,"48, Church Street","178, Station Road",XXXXXXXXXXXXXXXXXXXXXXXXXXXXXXXXXXXXXXXXXXXXXXXXXXXXXXXXXXXX,Maharashtra,325008,USA,1,karan.johnson7190@test.example.net,+91-9990837004,3,summit,vector,lakshmi733,summit,38,146045,M,city: exceeds max length 50
160,Karan,Gupta,"22, Gandhi Nagar","203, Park Street",Jaipur,XXXXXXXXXXXXXXXXXXXXXXXXXXXXXXXXXXXXXXXXXXXXXXXXXXXXXXXXXXXX,875596,USA,1,karan.trivedi6226@mail.example.org,+91-9885568433,3,meridian,willow,suresh41,signal,38,20187,F,state: exceeds max length 50
161,Ira,Pillai,"553, Lake View Road","998, Church Street",Bengaluru,Andhra Pradesh,309392,,1,james.smith792@test.example.net,+91-9291229423,3,pulse,nova,ananya536,prism,87,,F,country: NULL in NOT NULL column
162,Rahul,Gupta,"582, Station Road","560, Nehru Street",Surat,Karnataka,843863,XXXXXXXXXXXXXXXXXXXXXXXXXXXXXXXXXXXXXXXXXXXXXXXXXXXXXXXXXXXX,1,ira.mukherjee1033@mail.example.org,+91-9259797307,2,harbor,delta,meera714,zenith,82,77589,M,country: exceeds max length 50
163,Reyansh,Sharma,"241, MG Road","755, Park Street",Visakhapatnam,Kerala,813349,USA,,lakshmi.patel5887@test.example.net,+91-9701207723,1,vertex,pulse,arjun203,matrix,18,123067,,region: NULL in NOT NULL column
164,Kiara,Singh,"963, Mall Road","373, Ring Road",Kolkata,Kerala,592234,USA,1,XXXXXXXXXXXXXXXXXXXXXXXXXXXXXXXXXXXXXXXXXXXXXXXXXXXXXXXXXXXX,+91-9940199489,4,harbor,alpha,karan312,alpha,73,136798,F,email: exceeds max length 50
165,Ananya,Verma,"536, Park Street",,Pune,Madhya Pradesh,753329,USA,2,myra.nair9803@example.com,XXXXXXXXXXXXXXXXXXXXXXXXXXXXXXXXXXXXXXXXXXXXXXXXXXXXXXXXXXXX,1,delta,summit,kiara533,cascade,58,133167,M,phone: exceeds max length 50
166,Arjun,Desai,"777, Brigade Road","285, Ring Road",Bengaluru,Maharashtra,600625,USA,1,ishaan.verma3019@test.example.net,+91-9433243082,,quartz,alpha,arjun634,cascade,69,43003,F,creditcardtype: NULL in NOT NULL column
167,Vikram,Mukherjee,"857, Station Road",,Kochi,West Bengal,277953,USA,1,rahul.bhat3873@example.com,+91-9826210597,2,,matrix,john634,vertex,47,96696,M,creditcard: NULL in NOT NULL column
168,Ravi,Menon,"27, Nehru Street","477, Gandhi Nagar",Kochi,,376681,USA,1,suresh.nair9755@example.com,+91-9702654793,5,XXXXXXXXXXXXXXXXXXXXXXXXXXXXXXXXXXXXXXXXXXXXXXXXXXXXXXXXXXXX,prism,vivaan765,beacon,57,122252,F,creditcard: exceeds max length 50
169,Sara,Reddy,"686, Park Street","935, Gandhi Nagar",Pune,Karnataka,456418,USA,1,lakshmi.menon2762@test.example.net,+91-9909179418,3,nova,,ravi624,quartz,18,125883,M,creditcardexpiration: NULL in NOT NULL column
170,Karan,Das,"988, MG Road",,Bengaluru,Telangana,475012,USA,1,diya.johnson4441@example.com,+91-9284904012,3,zenith,XXXXXXXXXXXXXXXXXXXXXXXXXXXXXXXXXXXXXXXXXXXXXXXXXXXXXXXXXXXX,ravi887,ember,,38429,M,creditcardexpiration: exceeds max length 50
171,Mary,Trivedi,"490, Ring Road","499, Hill Road",Delhi,Uttar Pradesh,868405,USA,1,pooja.bhat2175@test.example.net,,3,pulse,pulse,,cascade,79,99918,M,username: NULL in NOT NULL column
172,Amit,Joshi,"6, Park Street","575, Mall Road",Kolkata,,730554,USA,2,aarav.reddy6067@test.example.net,+91-9926947503,2,pulse,meridian,XXXXXXXXXXXXXXXXXXXXXXXXXXXXXXXXXXXXXXXXXXXXXXXXXXXXXXXXXXXX,willow,59,105711,F,username: exceeds max length 50
173,Kabir,Desai,"187, Park Street",,Hyderabad,Rajasthan,905039,USA,2,john.iyer8468@example.com,+91-9652168689,2,delta,willow,vikram455,,24,123216,F,password: NULL in NOT NULL column
174,Aditya,Rao,"240, Nehru Street","683, Church Street",Bengaluru,,980077,USA,1,neha.smith5856@example.com,+91-9786540740,5,harbor,meridian,anjali189,XXXXXXXXXXXXXXXXXXXXXXXXXXXXXXXXXXXXXXXXXXXXXXXXXXXXXXXXXXXX,76,115609,M,password: exceeds max length 50
175,Pooja,Desai,"606, Mall Road",,Mumbai,,392686,USA,1,vikram.nair3430@mail.example.org,+91-9694619474,4,signal,matrix,ananya551,flux,66,90703,XXXXXXXXXXX,gender: exceeds max length 1
176,,Desai,"52, Link Road",,Ahmedabad,,316299,USA,1,pooja.verma6423@example.com,+91-9375824041,4,orbit,nova,aditya100,harbor,26,65387,M,firstname: NULL in NOT NULL column
177,XXXXXXXXXXXXXXXXXXXXXXXXXXXXXXXXXXXXXXXXXXXXXXXXXXXXXXXXXXXX,Chopra,"726, Church Street","423, Lake View Road",Lucknow,Rajasthan,591319,USA,1,rahul.chopra2669@test.example.net,+91-9670645152,1,vector,alpha,rahul28,matrix,76,134869,M,firstname: exceeds max length 50
178,Ravi,,"424, Station Road",,Pune,Maharashtra,322233,USA,1,arjun.shah4145@mail.example.org,+91-9625426558,4,willow,harbor,meera494,vertex,89,131239,M,lastname: NULL in NOT NULL column
179,Meera,XXXXXXXXXXXXXXXXXXXXXXXXXXXXXXXXXXXXXXXXXXXXXXXXXXXXXXXXXXXX,"12, Nehru Street",,Kolkata,Uttar Pradesh,672208,USA,1,rahul.johnson557@test.example.net,+91-9814732492,5,willow,signal,sneha829,alpha,35,60249,F,lastname: exceeds max length 50
180,Arjun,Desai,,,Coimbatore,Maharashtra,493760,USA,1,,+91-9313818628,2,delta,meridian,arjun488,signal,87,39411,F,address1: NULL in NOT NULL column
181,Vikram,Desai,XXXXXXXXXXXXXXXXXXXXXXXXXXXXXXXXXXXXXXXXXXXXXXXXXXXXXXXXXXXX,"272, Hill Road",Chennai,Uttar Pradesh,984916,USA,1,ananya.gupta8600@mail.example.org,,5,vector,cascade,anjali788,vector,63,120450,M,address1: exceeds max length 50
182,Meera,Mehta,"672, Ring Road",XXXXXXXXXXXXXXXXXXXXXXXXXXXXXXXXXXXXXXXXXXXXXXXXXXXXXXXXXXXX,Delhi,Kerala,789064,USA,2,,+91-9946178791,2,harbor,alpha,kabir10,quartz,46,37601,M,address2: exceeds max length 50
183,James,Trivedi,"297, MG Road",,,Telangana,972561,USA,1,ira.sharma7755@test.example.net,,2,signal,beacon,reyansh297,meridian,71,139360,F,city: NULL in NOT NULL column
184,Ishaan,Gupta,"894, Hill Road",,XXXXXXXXXXXXXXXXXXXXXXXXXXXXXXXXXXXXXXXXXXXXXXXXXXXXXXXXXXXX,West Bengal,178500,USA,1,ishaan.nair921@test.example.net,+91-9768078521,5,ember,summit,ananya240,vertex,87,133740,,city: exceeds max length 50
185,Ravi,Das,"787, Lake View Road",,Chennai,XXXXXXXXXXXXXXXXXXXXXXXXXXXXXXXXXXXXXXXXXXXXXXXXXXXXXXXXXXXX,643447,USA,1,arjun.iyer3439@test.example.net,+91-9360265966,5,pulse,matrix,mary370,signal,78,,M,state: exceeds max length 50
186,Aditya,Pillai,"127, Mall Road",,Delhi,Uttar Pradesh,352905,,2,,+91-9583589081,4,ember,flux,reyansh427,zenith,34,88055,F,country: NULL in NOT NULL column
187,Vivaan,Mehta,"382, Nehru Street",,Visakhapatnam,,450297,XXXXXXXXXXXXXXXXXXXXXXXXXXXXXXXXXXXXXXXXXXXXXXXXXXXXXXXXXXXX,1,karan.pillai7915@example.com,+91-9182233200,4,pulse,matrix,mary829,prism,75,37230,,country: exceeds max length 50
188,Meera,Das,"384, Church Street",,Visakhapatnam,Andhra Pradesh,587466,USA,,,,5,ember,summit,vivaan906,vector,67,,M,region: NULL in NOT NULL column
189,Anjali,Saxena,"317, Ring Road",,Jaipur,Andhra Pradesh,557837,USA,2,XXXXXXXXXXXXXXXXXXXXXXXXXXXXXXXXXXXXXXXXXXXXXXXXXXXXXXXXXXXX,+91-9328656827,1,nova,nova,neha613,willow,71,76006,F,email: exceeds max length 50
190,Ira,Mukherjee,"342, Hill Road","146, Park Street",Ahmedabad,,315034,USA,2,amit.shah8113@test.example.net,XXXXXXXXXXXXXXXXXXXXXXXXXXXXXXXXXXXXXXXXXXXXXXXXXXXXXXXXXXXX,1,cascade,alpha,ananya359,cascade,53,50270,M,phone: exceeds max length 50
191,Priya,Rao,"271, Brigade Road","77, Church Street",Bengaluru,Andhra Pradesh,334168,USA,1,neha.menon8363@mail.example.org,+91-9512559185,,harbor,alpha,sneha965,alpha,83,122261,F,creditcardtype: NULL in NOT NULL column
192,Neha,Nair,"399, MG Road","126, Park Street",Delhi,Andhra Pradesh,363634,USA,1,myra.das6318@test.example.net,+91-9779022128,2,,delta,james969,vertex,29,,,creditcard: NULL in NOT NULL column
193,Myra,Saxena,"520, Link Road",,Pune,Andhra Pradesh,323361,USA,1,neha.kulkarni4008@example.com,+91-9581766229,1,XXXXXXXXXXXXXXXXXXXXXXXXXXXXXXXXXXXXXXXXXXXXXXXXXXXXXXXXXXXX,nova,reyansh81,cascade,90,99605,F,creditcard: exceeds max length 50
194,Ishaan,Rao,"949, Link Road","664, Link Road",Indore,Uttar Pradesh,697193,USA,1,vivaan.malhotra2615@example.com,+91-9356269421,3,zenith,,aarav537,quartz,26,74212,M,creditcardexpiration: NULL in NOT NULL column
195,Vivaan,Menon,"438, Nehru Street",,Visakhapatnam,Andhra Pradesh,494379,USA,2,kiara.pillai5588@test.example.net,+91-9473715738,4,harbor,XXXXXXXXXXXXXXXXXXXXXXXXXXXXXXXXXXXXXXXXXXXXXXXXXXXXXXXXXXXX,aditya388,summit,37,100031,,creditcardexpiration: exceeds max length 50
196,Aadhya,Gupta,"2, Mall Road","588, Link Road",Kochi,Maharashtra,888003,USA,1,,+91-9912760919,3,matrix,ember,,willow,19,70269,M,username: NULL in NOT NULL column
197,Myra,Bhat,"56, Church Street",,Visakhapatnam,Gujarat,183658,USA,2,,+91-9732119774,4,prism,zenith,XXXXXXXXXXXXXXXXXXXXXXXXXXXXXXXXXXXXXXXXXXXXXXXXXXXXXXXXXXXX,ember,38,20557,F,username: exceeds max length 50
198,Sneha,Johnson,"498, Gandhi Nagar",,Indore,Andhra Pradesh,,USA,1,vivaan.pillai6580@mail.example.org,+91-9481035626,1,quartz,willow,lakshmi58,,53,94600,M,password: NULL in NOT NULL column
199,Rahul,Kulkarni,"253, MG Road","274, Mall Road",Kochi,Delhi,720135,USA,1,priya.reddy9354@example.com,+91-9381432635,4,prism,vector,amit267,XXXXXXXXXXXXXXXXXXXXXXXXXXXXXXXXXXXXXXXXXXXXXXXXXXXXXXXXXXXX,61,80794,M,password: exceeds max length 50
200,Pooja,Shah,"630, MG Road",,Indore,Uttar Pradesh,,USA,1,aadhya.gupta3311@example.com,+91-9562842277,3,nova,meridian,diya57,ember,90,108353,XXXXXXXXXXX,gender: exceeds max length 1
201,,Desai,"164, Link Road",,Mumbai,,697485,USA,2,anjali.shah8674@test.example.net,+91-9925644206,5,nova,orbit,mary521,harbor,38,100185,F,firstname: NULL in NOT NULL column
202,XXXXXXXXXXXXXXXXXXXXXXXXXXXXXXXXXXXXXXXXXXXXXXXXXXXXXXXXXXXX,Mehta,"213, Ring Road",,Kochi,Maharashtra,160730,USA,1,john.bhat5444@mail.example.org,+91-9570016620,5,summit,quartz,ira947,meridian,49,,F,firstname: exceeds max length 50
203,Diya,,"630, Link Road","90, Link Road",Lucknow,Telangana,537011,USA,1,,+91-9904475422,2,signal,summit,meera413,willow,,,F,lastname: NULL in NOT NULL column
204,Arjun,XXXXXXXXXXXXXXXXXXXXXXXXXXXXXXXXXXXXXXXXXXXXXXXXXXXXXXXXXXXX,"86, Mall Road","338, Brigade Road",Bengaluru,,619324,USA,1,anjali.chatterjee9708@example.com,+91-9281253102,3,ember,meridian,john379,nova,67,59811,M,lastname: exceeds max length 50
205,Neha,Khan,,,Ahmedabad,Andhra Pradesh,514589,USA,1,mary.das9124@test.example.net,,4,vector,harbor,rahul604,beacon,18,33190,F,address1: NULL in NOT NULL column
206,Priya,Das,XXXXXXXXXXXXXXXXXXXXXXXXXXXXXXXXXXXXXXXXXXXXXXXXXXXXXXXXXXXX,,Coimbatore,,403987,USA,1,kiara.mehta2123@example.com,+91-9695045965,3,quartz,summit,john191,meridian,,25632,F,address1: exceeds max length 50
207,Aadhya,Malhotra,"567, Ring Road",XXXXXXXXXXXXXXXXXXXXXXXXXXXXXXXXXXXXXXXXXXXXXXXXXXXXXXXXXXXX,Hyderabad,West Bengal,636505,USA,1,myra.iyer7361@mail.example.org,+91-9466938589,1,meridian,vertex,arjun481,vector,58,117845,F,address2: exceeds max length 50
208,Sara,Mehta,"190, Link Road",,,Maharashtra,161632,USA,2,lakshmi.kulkarni6900@mail.example.org,+91-9254461217,2,nova,pulse,neha157,harbor,38,84743,F,city: NULL in NOT NULL column
209,Anjali,Gupta,"811, Station Road",,XXXXXXXXXXXXXXXXXXXXXXXXXXXXXXXXXXXXXXXXXXXXXXXXXXXXXXXXXXXX,Karnataka,275048,USA,1,john.shah727@mail.example.org,+91-9646153210,3,harbor,cascade,pooja641,signal,42,,,city: exceeds max length 50
210,James,Sharma,"750, Link Road",,Kolkata,XXXXXXXXXXXXXXXXXXXXXXXXXXXXXXXXXXXXXXXXXXXXXXXXXXXXXXXXXXXX,467375,USA,1,aarav.das1473@mail.example.org,+91-9542144144,1,nova,summit,arjun509,delta,73,140758,F,state: exceeds max length 50
211,Sneha,Kulkarni,"763, Church Street","812, Nehru Street",Nagpur,Gujarat,912319,,2,neha.bhat4447@test.example.net,+91-9656394618,5,delta,vector,ira67,alpha,76,36105,M,country: NULL in NOT NULL column
212,Karan,Khan,"777, Link Road","404, Hill Road",Delhi,West Bengal,797944,XXXXXXXXXXXXXXXXXXXXXXXXXXXXXXXXXXXXXXXXXXXXXXXXXXXXXXXXXXXX,1,lakshmi.kapoor2220@test.example.net,+91-9569600761,3,willow,zenith,mary234,quartz,45,42346,F,country: exceeds max length 50
213,Priya,Malhotra,"891, Station Road","987, Church Street",Jaipur,Kerala,739267,USA,,karan.menon1722@example.com,+91-9541417952,3,zenith,prism,anjali356,nova,,57652,M,region: NULL in NOT NULL column
214,Priya,Khan,"495, Ring Road","228, Mall Road",Bengaluru,West Bengal,931554,USA,2,XXXXXXXXXXXXXXXXXXXXXXXXXXXXXXXXXXXXXXXXXXXXXXXXXXXXXXXXXXXX,+91-9143839381,2,zenith,matrix,lakshmi771,pulse,46,96521,F,email: exceeds max length 50
215,Ananya,Das,"149, Nehru Street","910, Hill Road",Kochi,Rajasthan,367377,USA,2,rahul.chatterjee6828@test.example.net,XXXXXXXXXXXXXXXXXXXXXXXXXXXXXXXXXXXXXXXXXXXXXXXXXXXXXXXXXXXX,4,orbit,signal,sara755,vector,46,60423,M,phone: exceeds max length 50
216,Aditya,Smith,"571, Church Street",,Kochi,Telangana,515373,USA,1,suresh.chopra7846@mail.example.org,+91-9443119008,,quartz,zenith,amit277,flux,32,135038,M,creditcardtype: NULL in NOT NULL column
217,John,Rao,"533, Park Street",,Jaipur,West Bengal,,USA,1,karan.reddy690@test.example.net,+91-9185046564,2,,prism,neha213,quartz,75,89149,M,creditcard: NULL in NOT NULL column
218,Lakshmi,Malhotra,"634, Brigade Road","767, Station Road",Delhi,Rajasthan,,USA,1,ishaan.patel2378@example.com,,2,XXXXXXXXXXXXXXXXXXXXXXXXXXXXXXXXXXXXXXXXXXXXXXXXXXXXXXXXXXXX,quartz,ananya68,alpha,21,24473,F,creditcard: exceeds max length 50
219,Vivaan,Chatterjee,"883, Lake View Road",,Mumbai,West Bengal,678565,USA,1,sneha.khan5805@mail.example.org,+91-9581843057,5,nova,,priya527,beacon,39,97770,,creditcardexpiration: NULL in NOT NULL column
220,Meera,Mukherjee,"122, Nehru Street",,Ahmedabad,West Bengal,249177,USA,2,suresh.mukherjee858@test.example.net,+91-9494309036,4,harbor,XXXXXXXXXXXXXXXXXXXXXXXXXXXXXXXXXXXXXXXXXXXXXXXXXXXXXXXXXXXX,john610,delta,66,,,creditcardexpiration: exceeds max length 50
221,Vivaan,Menon,"641, Brigade Road","343, Gandhi Nagar",Surat,,873239,USA,1,,,2,cascade,orbit,,delta,49,101290,M,username: NULL in NOT NULL column
222,Ananya,Joshi,"411, Church Street","8, Hill Road",Jaipur,Rajasthan,802384,USA,1,ananya.iyer341@test.example.net,+91-9951403858,5,prism,meridian,XXXXXXXXXXXXXXXXXXXXXXXXXXXXXXXXXXXXXXXXXXXXXXXXXXXXXXXXXXXX,matrix,34,65914,M,username: exceeds max length 50
223,Arjun,Sharma,"358, Lake View Road","541, Ring Road",Bengaluru,Telangana,684986,USA,1,,+91-9384950799,5,ember,quartz,kiara46,,21,,F,password: NULL in NOT NULL column
224,Sara,Johnson,"843, Station Road","635, Nehru Street",Nagpur,Telangana,782178,USA,1,kiara.iyer2876@test.example.net,+91-9161554755,2,quartz,flux,suresh722,XXXXXXXXXXXXXXXXXXXXXXXXXXXXXXXXXXXXXXXXXXXXXXXXXXXXXXXXXXXX,48,27499,M,password: exceeds max length 50
225,Pooja,Rao,"909, Link Road","49, Park Street",Visakhapatnam,West Bengal,705525,USA,1,diya.chopra115@test.example.net,+91-9184574510,1,matrix,signal,ravi250,quartz,22,146196,XXXXXXXXXXX,gender: exceeds max length 1
226,,Rao,"471, Church Street","277, Hill Road",Mumbai,,456929,USA,1,mary.kulkarni9499@mail.example.org,,2,quartz,signal,diya901,harbor,,66214,M,firstname: NULL in NOT NULL column
227,XXXXXXXXXXXXXXXXXXXXXXXXXXXXXXXXXXXXXXXXXXXXXXXXXXXXXXXXXXXX,Kapoor,"631, Gandhi Nagar",,Chennai,Karnataka,266437,USA,1,neha.saxena5694@example.com,+91-9258146576,4,signal,alpha,ishaan460,summit,67,51657,F,firstname: exceeds max length 50
228,Rahul,,"614, Station Road",,Ahmedabad,,258149,USA,1,arjun.saxena5329@test.example.net,+91-9850162476,3,nova,summit,arjun616,pulse,18,30754,M,lastname: NULL in NOT NULL column
229,Pooja,XXXXXXXXXXXXXXXXXXXXXXXXXXXXXXXXXXXXXXXXXXXXXXXXXXXXXXXXXXXX,"571, Brigade Road","399, Ring Road",Chennai,Karnataka,405253,USA,1,meera.roy8705@example.com,+91-9344934824,4,harbor,cascade,aditya872,summit,84,,F,lastname: exceeds max length 50
230,Diya,Iyer,,"283, Ring Road",Jaipur,Kerala,981868,USA,1,sneha.khan5950@mail.example.org,+91-9673847419,5,beacon,quartz,kabir556,vector,25,50479,F,address1: NULL in NOT NULL column
231,Ira,Banerjee,XXXXXXXXXXXXXXXXXXXXXXXXXXXXXXXXXXXXXXXXXXXXXXXXXXXXXXXXXXXX,"105, Lake View Road",Kolkata,Karnataka,607767,USA,1,arjun.menon3474@test.example.net,+91-9651300438,1,harbor,quartz,diya605,quartz,22,107340,F,address1: exceeds max length 50
232,Kabir,Gupta,"96, Link Road",XXXXXXXXXXXXXXXXXXXXXXXXXXXXXXXXXXXXXXXXXXXXXXXXXXXXXXXXXXXX,Nagpur,Kerala,304300,USA,1,,+91-9870725191,1,orbit,delta,diya932,zenith,,123275,M,address2: exceeds max length 50
233,Arjun,Verma,"85, Station Road",,,Gujarat,111632,USA,1,meera.mukherjee8861@example.com,+91-9657486470,3,beacon,summit,aadhya977,quartz,51,75611,F,city: NULL in NOT NULL column
234,Meera,Sharma,"893, Nehru Street","809, Hill Road",XXXXXXXXXXXXXXXXXXXXXXXXXXXXXXXXXXXXXXXXXXXXXXXXXXXXXXXXXXXX,Madhya Pradesh,870406,USA,1,sneha.rao9955@example.com,,5,prism,zenith,vivaan769,orbit,,38097,M,city: exceeds max length 50
235,Diya,Khan,"567, Station Road",,Kochi,XXXXXXXXXXXXXXXXXXXXXXXXXXXXXXXXXXXXXXXXXXXXXXXXXXXXXXXXXXXX,671768,USA,1,arjun.khan2553@mail.example.org,+91-9754960602,5,summit,zenith,priya865,matrix,60,58697,M,state: exceeds max length 50
236,Aadhya,Kulkarni,"658, Gandhi Nagar","144, MG Road",Bengaluru,Kerala,451212,,1,pooja.mukherjee5560@mail.example.org,+91-9683959726,3,beacon,signal,karan130,beacon,40,34207,,country: NULL in NOT NULL column
237,Ananya,Nair,"22, MG Road","82, Church Street",Surat,Gujarat,405226,XXXXXXXXXXXXXXXXXXXXXXXXXXXXXXXXXXXXXXXXXXXXXXXXXXXXXXXXXXXX,1,ira.malhotra4144@mail.example.org,,1,prism,meridian,john898,nova,62,102696,F,country: exceeds max length 50
238,Ishaan,Chatterjee,"633, Nehru Street",,Ahmedabad,Gujarat,708279,USA,,meera.kulkarni5490@mail.example.org,+91-9198136722,1,signal,flux,james140,zenith,24,22962,F,region: NULL in NOT NULL column
239,Rahul,Pillai,"404, Nehru Street",,Surat,Uttar Pradesh,187377,USA,1,XXXXXXXXXXXXXXXXXXXXXXXXXXXXXXXXXXXXXXXXXXXXXXXXXXXXXXXXXXXX,+91-9924567610,1,nova,orbit,sneha894,quartz,,23558,M,email: exceeds max length 50
240,Lakshmi,Mehta,"489, Church Street","779, Lake View Road",Bengaluru,Uttar Pradesh,921773,USA,1,,XXXXXXXXXXXXXXXXXXXXXXXXXXXXXXXXXXXXXXXXXXXXXXXXXXXXXXXXXXXX,1,cascade,cascade,reyansh26,vector,83,106845,F,phone: exceeds max length 50
241,Mary,Shah,"551, Ring Road",,Mumbai,West Bengal,706030,USA,1,lakshmi.mukherjee1950@mail.example.org,+91-9944858471,,quartz,flux,ishaan859,vector,40,25022,M,creditcardtype: NULL in NOT NULL column
242,Aditya,Patel,"733, Gandhi Nagar",,Jaipur,Uttar Pradesh,,USA,1,,,4,,nova,aarav835,vector,66,130849,M,creditcard: NULL in NOT NULL column
243,Lakshmi,Gupta,"364, Brigade Road","258, Church Street",Kochi,West Bengal,774554,USA,2,ravi.gupta6686@example.com,+91-9640604733,3,XXXXXXXXXXXXXXXXXXXXXXXXXXXXXXXXXXXXXXXXXXXXXXXXXXXXXXXXXXXX,vector,ishaan364,zenith,28,137357,M,creditcard: exceeds max length 50
244,Priya,Kulkarni,"967, Gandhi Nagar",,Kochi,Rajasthan,488420,USA,1,aditya.chopra484@mail.example.org,+91-9405498563,1,willow,,kabir783,ember,89,70776,M,creditcardexpiration: NULL in NOT NULL column
245,Aditya,Kulkarni,"694, Lake View Road","85, Station Road",Visakhapatnam,Maharashtra,312437,USA,1,sara.desai8235@test.example.net,+91-9986499665,2,zenith,XXXXXXXXXXXXXXXXXXXXXXXXXXXXXXXXXXXXXXXXXXXXXXXXXXXXXXXXXXXX,aarav891,matrix,54,105817,F,creditcardexpiration: exceeds max length 50
246,James,Rao,"53, MG Road","762, Link Road",Mumbai,,889647,USA,1,kiara.sharma3581@example.com,+91-9802277347,5,prism,beacon,,harbor,,113543,M,username: NULL in NOT NULL column
247,Rahul,Smith,"191, Church Street",,Indore,Telangana,910761,USA,1,amit.das7035@example.com,+91-9978937888,1,pulse,matrix,XXXXXXXXXXXXXXXXXXXXXXXXXXXXXXXXXXXXXXXXXXXXXXXXXXXXXXXXXXXX,harbor,51,24358,F,username: exceeds max length 50
248,Myra,Sharma,"938, Gandhi Nagar",,Ahmedabad,,453227,USA,2,anjali.iyer6217@example.com,+91-9770852781,4,zenith,signal,mary22,,37,113938,M,password: NULL in NOT NULL column
249,Vivaan,Patel,"728, Mall Road","10, MG Road",Chennai,Gujarat,407778,USA,2,ishaan.smith7484@test.example.net,+91-9732226361,3,cascade,zenith,meera691,XXXXXXXXXXXXXXXXXXXXXXXXXXXXXXXXXXXXXXXXXXXXXXXXXXXXXXXXXXXX,29,119049,F,password: exceeds max length 50
250,Ravi,Mehta,"284, Nehru Street","88, Ring Road",Pune,Madhya Pradesh,182617,USA,1,sara.kapoor3079@example.com,,5,vector,zenith,vikram58,flux,72,84740,XXXXXXXXXXX,gender: exceeds max length 1
251,,Trivedi,"773, Link Road","375, Ring Road",Ahmedabad,Rajasthan,155523,USA,1,priya.gupta6447@test.example.net,+91-9452544982,4,alpha,vertex,reyansh192,signal,47,130152,M,firstname: NULL in NOT NULL column
252,XXXXXXXXXXXXXXXXXXXXXXXXXXXXXXXXXXXXXXXXXXXXXXXXXXXXXXXXXXXX,Rao,"124, Link Road",,Bengaluru,Maharashtra,489222,USA,1,neha.desai3231@example.com,+91-9280724215,3,pulse,willow,sneha991,pulse,30,148715,M,firstname: exceeds max length 50
253,Vikram,,"601, Link Road",,Indore,Rajasthan,184850,USA,1,,+91-9582213759,2,signal,nova,diya45,harbor,42,84393,F,lastname: NULL in NOT NULL column
254,Kabir,XXXXXXXXXXXXXXXXXXXXXXXXXXXXXXXXXXXXXXXXXXXXXXXXXXXXXXXXXXXX,"13, Link Road",,Delhi,Kerala,905109,USA,1,vivaan.mehta7079@example.com,+91-9950849039,2,flux,willow,mary589,vector,30,100478,M,lastname: exceeds max length 50
255,Sara,Malhotra,,"626, Station Road",Pune,Kerala,597806,USA,1,john.joshi7530@mail.example.org,+91-9810173038,5,signal,meridian,reyansh384,orbit,33,81451,,address1: NULL in NOT NULL column
256,Kabir,Kapoor,XXXXXXXXXXXXXXXXXXXXXXXXXXXXXXXXXXXXXXXXXXXXXXXXXXXXXXXXXXXX,"155, Church Street",Mumbai,Maharashtra,,USA,1,mary.patel4771@example.com,+91-9738542990,3,vector,willow,aarav59,vertex,61,42237,F,address1: exceeds max length 50
257,Anjali,Mehta,"499, Mall Road",XXXXXXXXXXXXXXXXXXXXXXXXXXXXXXXXXXXXXXXXXXXXXXXXXXXXXXXXXXXX,Mumbai,Uttar Pradesh,428115,USA,1,karan.iyer5125@test.example.net,+91-9327151057,3,summit,harbor,reyansh533,summit,69,,F,address2: exceeds max length 50
258,Myra,Kulkarni,"539, Gandhi Nagar","795, Brigade Road",,Uttar Pradesh,420058,USA,1,mary.verma2106@mail.example.org,,2,matrix,zenith,anjali744,meridian,25,59811,M,city: NULL in NOT NULL column
259,Ananya,Mukherjee,"8, Park Street",,XXXXXXXXXXXXXXXXXXXXXXXXXXXXXXXXXXXXXXXXXXXXXXXXXXXXXXXXXXXX,Karnataka,,USA,1,ishaan.reddy7071@example.com,+91-9157374799,1,signal,matrix,aditya375,harbor,70,118834,M,city: exceeds max length 50
260,Kiara,Roy,"32, Park Street","697, Station Road",Bengaluru,XXXXXXXXXXXXXXXXXXXXXXXXXXXXXXXXXXXXXXXXXXXXXXXXXXXXXXXXXXXX,928495,USA,1,,+91-9321091935,3,nova,ember,aarav717,meridian,47,89332,F,state: exceeds max length 50
261,Aditya,Kapoor,"61, Ring Road",,Jaipur,Tamil Nadu,948409,,1,kiara.reddy4064@example.com,+91-9511624029,4,signal,meridian,amit281,orbit,76,137959,F,country: NULL in NOT NULL column
262,Aarav,Mehta,"910, Ring Road",,Coimbatore,,662520,XXXXXXXXXXXXXXXXXXXXXXXXXXXXXXXXXXXXXXXXXXXXXXXXXXXXXXXXXXXX,1,ravi.trivedi6087@test.example.net,+91-9656644282,1,delta,willow,kabir610,zenith,63,,F,country: exceeds max length 50
263,Kiara,Chatterjee,"703, Ring Road",,Kolkata,Tamil Nadu,673871,USA,,ravi.chopra6391@mail.example.org,+91-9527329247,1,nova,vector,ishaan690,prism,35,20029,M,region: NULL in NOT NULL column
264,Sneha,Sharma,"344, Nehru Street",,Lucknow,Tamil Nadu,730027,USA,1,XXXXXXXXXXXXXXXXXXXXXXXXXXXXXXXXXXXXXXXXXXXXXXXXXXXXXXXXXXXX,+91-9956919475,4,pulse,meridian,vivaan651,summit,34,72914,F,email: exceeds max length 50
265,James,Banerjee,"148, Church Street","250, Link Road",Ahmedabad,Delhi,,USA,2,lakshmi.das8517@test.example.net,XXXXXXXXXXXXXXXXXXXXXXXXXXXXXXXXXXXXXXXXXXXXXXXXXXXXXXXXXXXX,5,zenith,summit,ishaan106,prism,44,21268,M,phone: exceeds max length 50
266,Ravi,Roy,"853, Nehru Street",,Mumbai,Andhra Pradesh,,USA,2,diya.chopra9425@test.example.net,,,summit,orbit,suresh974,nova,67,51201,M,creditcardtype: NULL in NOT NULL column
267,Meera,Gupta,"317, Nehru Street",,Surat,Gujarat,535132,USA,2,john.roy2651@test.example.net,+91-9795740399,5,,cascade,ira148,cascade,44,27995,F,creditcard: NULL in NOT NULL column
268,Anjali,Joshi,"998, Hill Road",,Coimbatore,Telangana,,USA,1,karan.shah4281@example.com,+91-9966020146,4,XXXXXXXXXXXXXXXXXXXXXXXXXXXXXXXXXXXXXXXXXXXXXXXXXXXXXXXXXXXX,pulse,james689,delta,64,35959,F,creditcard: exceeds max length 50
269,Reyansh,Chopra,"790, Ring Road",,Coimbatore,Madhya Pradesh,733522,USA,1,,+91-9382492314,5,cascade,,karan150,beacon,39,94807,F,creditcardexpiration: NULL in NOT NULL column
270,Mary,Kulkarni,"189, Gandhi Nagar",,Nagpur,West Bengal,845872,USA,1,ishaan.gupta596@example.com,,2,nova,XXXXXXXXXXXXXXXXXXXXXXXXXXXXXXXXXXXXXXXXXXXXXXXXXXXXXXXXXXXX,reyansh253,zenith,77,38496,F,creditcardexpiration: exceeds max length 50
271,Aditya,Patel,"481, Mall Road",,Delhi,Karnataka,307642,USA,1,reyansh.bhat6691@mail.example.org,+91-9100970774,4,delta,pulse,,summit,47,41748,M,username: NULL in NOT NULL column
272,Sara,Gupta,"114, Lake View Road",,Delhi,Rajasthan,,USA,1,myra.khan2987@mail.example.org,+91-9676427655,1,vector,quartz,XXXXXXXXXXXXXXXXXXXXXXXXXXXXXXXXXXXXXXXXXXXXXXXXXXXXXXXXXXXX,alpha,44,131296,F,username: exceeds max length 50
273,Mary,Malhotra,"675, Brigade Road","877, Ring Road",Ahmedabad,West Bengal,575972,USA,1,sara.reddy5688@example.com,+91-9162408191,5,vertex,flux,aarav139,,25,113944,,password: NULL in NOT NULL column
274,Aditya,Kapoor,"611, Brigade Road",,Pune,Uttar Pradesh,872524,USA,1,sara.joshi2582@test.example.net,+91-9898084354,2,vector,vertex,amit846,XXXXXXXXXXXXXXXXXXXXXXXXXXXXXXXXXXXXXXXXXXXXXXXXXXXXXXXXXXXX,23,110059,M,password: exceeds max length 50
275,Suresh,Iyer,"804, Nehru Street",,Kolkata,West Bengal,651295,USA,2,,+91-9324116758,2,orbit,vertex,myra973,willow,68,,XXXXXXXXXXX,gender: exceeds max length 1
276,,Nair,"359, Hill Road","346, Lake View Road",Chennai,Uttar Pradesh,231328,USA,1,rahul.mukherjee9722@test.example.net,+91-9961672613,2,meridian,orbit,mary507,willow,,133096,F,firstname: NULL in NOT NULL column
277,XXXXXXXXXXXXXXXXXXXXXXXXXXXXXXXXXXXXXXXXXXXXXXXXXXXXXXXXXXXX,Iyer,"843, Park Street",,Bengaluru,West Bengal,,USA,1,sara.malhotra6035@test.example.net,+91-9146277968,3,cascade,prism,vikram666,prism,81,55498,F,firstname: exceeds max length 50
278,Reyansh,,"834, Mall Road",,Hyderabad,Karnataka,984550,USA,1,pooja.patel3132@mail.example.org,+91-9399144297,4,quartz,nova,john489,signal,48,46020,F,lastname: NULL in NOT NULL column
279,Aadhya,XXXXXXXXXXXXXXXXXXXXXXXXXXXXXXXXXXXXXXXXXXXXXXXXXXXXXXXXXXXX,"228, MG Road","115, Hill Road",Chennai,Madhya Pradesh,649796,USA,1,sara.verma4730@test.example.net,+91-9529276743,2,meridian,ember,lakshmi669,vector,62,65222,M,lastname: exceeds max length 50
280,Ishaan,Iyer,,,Nagpur,Karnataka,209091,USA,1,,+91-9515547406,4,vertex,nova,vivaan60,summit,31,130056,M,address1: NULL in NOT NULL column
281,Arjun,Verma,XXXXXXXXXXXXXXXXXXXXXXXXXXXXXXXXXXXXXXXXXXXXXXXXXXXXXXXXXXXX,,Hyderabad,West Bengal,371313,USA,2,suresh.nair7097@mail.example.org,+91-9525189584,5,pulse,matrix,diya481,meridian,53,,M,address1: exceeds max length 50
282,Ira,Patel,"594, Lake View Road",XXXXXXXXXXXXXXXXXXXXXXXXXXXXXXXXXXXXXXXXXXXXXXXXXXXXXXXXXXXX,Nagpur,,235636,USA,1,mary.khan8491@test.example.net,+91-9262235039,3,harbor,cascade,karan640,vector,24,138807,F,address2: exceeds max length 50
283,Arjun,Johnson,"493, Link Road","837, Nehru Street",,Karnataka,,USA,1,reyansh.nair5742@test.example.net,+91-9485609535,2,flux,zenith,reyansh665,orbit,82,132508,,city: NULL in NOT NULL column
284,Lakshmi,Menon,"479, Nehru Street","534, Mall Road",XXXXXXXXXXXXXXXXXXXXXXXXXXXXXXXXXXXXXXXXXXXXXXXXXXXXXXXXXXXX,Karnataka,,USA,2,kiara.kapoor2674@example.com,+91-9233410146,4,cascade,ember,ravi66,vertex,36,73202,M,city: exceeds max length 50
285,Karan,Patel,"823, Park Street","211, Link Road",Bengaluru,XXXXXXXXXXXXXXXXXXXXXXXXXXXXXXXXXXXXXXXXXXXXXXXXXXXXXXXXXXXX,322526,USA,2,myra.kapoor5722@example.com,+91-9668273849,1,nova,beacon,kabir186,zenith,32,30914,M,state: exceeds max length 50
286,Priya,Bhat,"225, Park Street",,Kolkata,Gujarat,325557,,1,,,1,delta,vector,vivaan719,alpha,75,39491,M,country: NULL in NOT NULL column
287,Kiara,Reddy,"839, Gandhi Nagar","630, Lake View Road",Coimbatore,Maharashtra,419656,XXXXXXXXXXXXXXXXXXXXXXXXXXXXXXXXXXXXXXXXXXXXXXXXXXXXXXXXXXXX,1,ira.patel3012@mail.example.org,+91-9445312431,2,vector,vector,john632,zenith,79,69951,M,country: exceeds max length 50
288,Sara,Banerjee,"344, Link Road","628, Mall Road",Surat,Kerala,842504,USA,,,+91-9624892024,2,meridian,matrix,myra121,willow,88,20079,M,region: NULL in NOT NULL column
289,Ira,Khan,"715, Station Road",,Chennai,Madhya Pradesh,274428,USA,1,XXXXXXXXXXXXXXXXXXXXXXXXXXXXXXXXXXXXXXXXXXXXXXXXXXXXXXXXXXXX,+91-9592732674,1,delta,ember,ishaan986,cascade,63,48230,M,email: exceeds max length 50
290,Mary,Nair,"487, Hill Road",,Pune,West Bengal,703325,USA,1,james.patel3896@example.com,XXXXXXXXXXXXXXXXXXXXXXXXXXXXXXXXXXXXXXXXXXXXXXXXXXXXXXXXXXXX,4,orbit,beacon,mary996,zenith,32,55284,M,phone: exceeds max length 50
291,Diya,Verma,"95, Ring Road","740, Link Road",Jaipur,Kerala,170380,USA,2,priya.rao2950@test.example.net,+91-9312524961,,willow,orbit,john248,flux,74,53806,F,creditcardtype: NULL in NOT NULL column
292,Aditya,Kulkarni,"975, Link Road","611, Station Road",Ahmedabad,Rajasthan,911470,USA,2,anjali.das6474@example.com,+91-9608200141,1,,cascade,sneha847,harbor,79,61823,F,creditcard: NULL in NOT NULL column
293,John,Mehta,"58, Nehru Street","365, Nehru Street",Jaipur,Karnataka,,USA,1,pooja.chatterjee3620@example.com,+91-9130374039,1,XXXXXXXXXXXXXXXXXXXXXXXXXXXXXXXXXXXXXXXXXXXXXXXXXXXXXXXXXXXX,vector,reyansh403,quartz,,31025,F,creditcard: exceeds max length 50
294,Kabir,Verma,"779, Hill Road","94, Park Street",Pune,Maharashtra,192020,USA,1,pooja.sharma5372@example.com,+91-9226208011,5,nova,,john395,vertex,69,68198,F,creditcardexpiration: NULL in NOT NULL column
295,Myra,Rao,"420, Park Street",,Coimbatore,Uttar Pradesh,839835,USA,2,lakshmi.trivedi309@test.example.net,+91-9596938594,3,matrix,XXXXXXXXXXXXXXXXXXXXXXXXXXXXXXXXXXXXXXXXXXXXXXXXXXXXXXXXXXXX,vikram761,alpha,82,142351,M,creditcardexpiration: exceeds max length 50
296,Vikram,Reddy,"133, Park Street",,Kochi,Karnataka,417462,USA,2,pooja.rao8837@mail.example.org,+91-9663121573,5,flux,pulse,,signal,26,40966,M,username: NULL in NOT NULL column
297,Karan,Saxena,"104, Ring Road","793, Hill Road",Indore,Tamil Nadu,413567,USA,1,rahul.roy8985@example.com,+91-9554711851,2,matrix,cascade,XXXXXXXXXXXXXXXXXXXXXXXXXXXXXXXXXXXXXXXXXXXXXXXXXXXXXXXXXXXX,beacon,,38255,M,username: exceeds max length 50
298,Ira,Banerjee,"112, Lake View Road",,Visakhapatnam,,,USA,1,suresh.saxena7362@mail.example.org,+91-9633601153,5,signal,vertex,ananya638,,32,83104,M,password: NULL in NOT NULL column
299,Neha,Rao,"804, Brigade Road","161, Station Road",Surat,Tamil Nadu,414035,USA,1,diya.chatterjee9328@mail.example.org,+91-9498107919,5,nova,summit,amit613,XXXXXXXXXXXXXXXXXXXXXXXXXXXXXXXXXXXXXXXXXXXXXXXXXXXXXXXXXXXX,25,137566,F,password: exceeds max length 50
300,Anjali,Chatterjee,"388, Nehru Street","301, MG Road",Jaipur,Kerala,387890,USA,1,kabir.verma4451@example.com,+91-9639405618,3,vector,flux,aarav285,willow,18,,XXXXXXXXXXX,gender: exceeds max length 1
301,,Singh,"810, Station Road","297, Ring Road",Indore,Rajasthan,857854,USA,2,aarav.sharma1527@mail.example.org,+91-9303531565,4,beacon,signal,ravi600,signal,29,115309,M,firstname: NULL in NOT NULL column
302,XXXXXXXXXXXXXXXXXXXXXXXXXXXXXXXXXXXXXXXXXXXXXXXXXXXXXXXXXXXX,Smith,"745, Mall Road",,Bengaluru,Delhi,890375,USA,1,james.desai4855@example.com,+91-9384827418,5,summit,vertex,aarav498,nova,,95423,F,firstname: exceeds max length 50
303,Myra,,"424, Nehru Street",,Hyderabad,Uttar Pradesh,,USA,1,vikram.singh6461@test.example.net,+91-9248640998,4,signal,matrix,amit770,meridian,43,132321,M,lastname: NULL in NOT NULL column
304,Aditya,XXXXXXXXXXXXXXXXXXXXXXXXXXXXXXXXXXXXXXXXXXXXXXXXXXXXXXXXXXXX,"415, MG Road","550, Lake View Road",Indore,West Bengal,817262,USA,1,ananya.banerjee2608@test.example.net,+91-9798096494,2,prism,delta,diya638,quartz,55,41580,F,lastname: exceeds max length 50
305,Sneha,Patel,,"983, Link Road",Nagpur,Madhya Pradesh,708273,USA,1,ira.menon5688@mail.example.org,+91-9994303373,1,signal,pulse,aadhya937,signal,90,120569,M,address1: NULL in NOT NULL column
306,Meera,Bhat,XXXXXXXXXXXXXXXXXXXXXXXXXXXXXXXXXXXXXXXXXXXXXXXXXXXXXXXXXXXX,"890, Lake View Road",Delhi,Gujarat,,USA,1,ananya.pillai7503@mail.example.org,+91-9935117361,4,summit,nova,myra741,vector,40,116901,M,address1: exceeds max length 50
307,Suresh,Kapoor,"632, Park Street",XXXXXXXXXXXXXXXXXXXXXXXXXXXXXXXXXXXXXXXXXXXXXXXXXXXXXXXXXXXX,Ahmedabad,Uttar Pradesh,496060,USA,1,meera.banerjee8@mail.example.org,+91-9706301785,4,prism,cascade,ishaan406,alpha,29,36970,,address2: exceeds max length 50
308,Ira,Rao,"785, Ring Road",,,Tamil Nadu,907554,USA,1,priya.desai9561@mail.example.org,+91-9166088386,2,meridian,quartz,ira192,vertex,63,105763,M,city: NULL in NOT NULL column
309,Reyansh,Kulkarni,"219, Station Road","403, MG Road",XXXXXXXXXXXXXXXXXXXXXXXXXXXXXXXXXXXXXXXXXXXXXXXXXXXXXXXXXXXX,Gujarat,440204,USA,1,arjun.smith4679@mail.example.org,+91-9233399158,2,prism,nova,aadhya169,harbor,49,75887,F,city: exceeds max length 50
310,Pooja,Trivedi,"97, Station Road","720, Lake View Road",Surat,XXXXXXXXXXXXXXXXXXXXXXXXXXXXXXXXXXXXXXXXXXXXXXXXXXXXXXXXXXXX,818404,USA,2,ananya.menon8484@test.example.net,+91-9287327296,1,matrix,cascade,amit28,signal,,59593,F,state: exceeds max length 50
311,John,Bhat,"912, Park Street","957, Hill Road",Kochi,Maharashtra,426769,,1,meera.reddy8484@test.example.net,+91-9539168615,4,prism,prism,james217,ember,69,,F,country: NULL in NOT NULL column
312,Meera,Malhotra,"452, Hill Road","349, Brigade Road",Lucknow,Maharashtra,163821,XXXXXXXXXXXXXXXXXXXXXXXXXXXXXXXXXXXXXXXXXXXXXXXXXXXXXXXXXXXX,1,suresh.mehta3897@mail.example.org,,3,quartz,cascade,suresh110,cascade,34,56954,F,country: exceeds max length 50
313,Aadhya,Nair,"610, Ring Road",,Indore,West Bengal,408973,USA,,ira.joshi2991@mail.example.org,+91-9614254877,2,quartz,matrix,reyansh110,harbor,19,,F,region: NULL in NOT NULL column
314,Myra,Joshi,"567, Park Street","205, Hill Road",Delhi,Telangana,630101,USA,1,XXXXXXXXXXXXXXXXXXXXXXXXXXXXXXXXXXXXXXXXXXXXXXXXXXXXXXXXXXXX,+91-9460404479,2,vector,delta,karan537,nova,56,53417,F,email: exceeds max length 50
315,Kabir,Reddy,"286, Park Street",,Mumbai,Maharashtra,197268,USA,1,ishaan.reddy6860@test.example.net,XXXXXXXXXXXXXXXXXXXXXXXXXXXXXXXXXXXXXXXXXXXXXXXXXXXXXXXXXXXX,2,pulse,cascade,rahul629,vector,33,54415,F,phone: exceeds max length 50
316,Aadhya,Reddy,"81, Link Road","431, Link Road",Delhi,Tamil Nadu,511753,USA,1,neha.gupta851@mail.example.org,+91-9387023346,,willow,alpha,neha135,cascade,68,127236,M,creditcardtype: NULL in NOT NULL column
317,Kabir,Reddy,"171, Mall Road","23, Gandhi Nagar",Kochi,Karnataka,471467,USA,1,diya.mukherjee2936@mail.example.org,+91-9244928330,1,,matrix,ishaan595,willow,53,39698,F,creditcard: NULL in NOT NULL column
318,Kabir,Menon,"148, Station Road","240, Church Street",Delhi,Uttar Pradesh,569216,USA,1,,+91-9718966322,5,XXXXXXXXXXXXXXXXXXXXXXXXXXXXXXXXXXXXXXXXXXXXXXXXXXXXXXXXXXXX,meridian,ananya134,flux,52,47749,F,creditcard: exceeds max length 50
319,Ravi,Rao,"799, Hill Road",,Coimbatore,West Bengal,,USA,1,,+91-9692786552,2,meridian,,rahul216,cascade,89,102780,M,creditcardexpiration: NULL in NOT NULL column
320,Kabir,Roy,"678, Nehru Street","434, Lake View Road",Ahmedabad,Rajasthan,604197,USA,1,kabir.das6822@test.example.net,+91-9798317148,3,matrix,XXXXXXXXXXXXXXXXXXXXXXXXXXXXXXXXXXXXXXXXXXXXXXXXXXXXXXXXXXXX,anjali551,vertex,22,,F,creditcardexpiration: exceeds max length 50
321,Rahul,Desai,"139, Lake View Road","962, Brigade Road",Indore,Rajasthan,556325,USA,1,aditya.khan4544@test.example.net,+91-9111171602,2,signal,beacon,,prism,79,114499,M,username: NULL in NOT NULL column
322,Kiara,Joshi,"984, MG Road","377, Mall Road",Chennai,Madhya Pradesh,299882,USA,1,ravi.roy8689@test.example.net,+91-9197199258,5,beacon,alpha,XXXXXXXXXXXXXXXXXXXXXXXXXXXXXXXXXXXXXXXXXXXXXXXXXXXXXXXXXXXX,nova,21,131590,F,username: exceeds max length 50
323,Aditya,Bhat,"181, Gandhi Nagar","45, Hill Road",Indore,Kerala,676162,USA,1,reyansh.mukherjee3923@mail.example.org,+91-9506313762,1,zenith,delta,reyansh498,,32,71842,M,password: NULL in NOT NULL column
324,Arjun,Trivedi,"62, Brigade Road",,Visakhapatnam,West Bengal,538697,USA,1,ira.pillai4348@mail.example.org,+91-9545580893,1,ember,beacon,aarav614,XXXXXXXXXXXXXXXXXXXXXXXXXXXXXXXXXXXXXXXXXXXXXXXXXXXXXXXXXXXX,69,139361,M,password: exceeds max length 50
325,Vikram,Mukherjee,"358, Station Road","607, Lake View Road",Kochi,Karnataka,206668,USA,1,anjali.desai4714@mail.example.org,+91-9240729201,1,beacon,summit,ira992,willow,27,104853,XXXXXXXXXXX,gender: exceeds max length 1
326,,Verma,"936, Hill Road","747, Gandhi Nagar",Delhi,Kerala,883033,USA,1,arjun.desai3621@example.com,,2,harbor,cascade,myra902,pulse,51,116280,F,firstname: NULL in NOT NULL column
327,XXXXXXXXXXXXXXXXXXXXXXXXXXXXXXXXXXXXXXXXXXXXXXXXXXXXXXXXXXXX,Mukherjee,"946, MG Road","867, Mall Road",Nagpur,Gujarat,627486,USA,1,,,3,signal,summit,kiara857,meridian,57,88378,M,firstname: exceeds max length 50
328,Neha,,"513, Lake View Road",,Surat,,335033,USA,1,reyansh.roy9189@example.com,,1,meridian,vector,myra315,alpha,76,64346,M,lastname: NULL in NOT NULL column
329,John,XXXXXXXXXXXXXXXXXXXXXXXXXXXXXXXXXXXXXXXXXXXXXXXXXXXXXXXXXXXX,"63, Lake View Road","33, Nehru Street",Hyderabad,,773799,USA,1,neha.joshi2933@mail.example.org,,2,ember,pulse,priya919,delta,43,32582,F,lastname: exceeds max length 50
330,Ravi,Joshi,,"908, Ring Road",Pune,West Bengal,904822,USA,1,pooja.sharma3651@example.com,+91-9953323786,1,vertex,flux,karan66,vertex,90,45258,F,address1: NULL in NOT NULL column
331,James,Desai,XXXXXXXXXXXXXXXXXXXXXXXXXXXXXXXXXXXXXXXXXXXXXXXXXXXXXXXXXXXX,,Pune,Andhra Pradesh,421127,USA,2,pooja.mukherjee9857@mail.example.org,+91-9153721314,4,pulse,signal,james742,flux,71,46374,M,address1: exceeds max length 50
332,Suresh,Khan,"433, Ring Road",XXXXXXXXXXXXXXXXXXXXXXXXXXXXXXXXXXXXXXXXXXXXXXXXXXXXXXXXXXXX,Kolkata,Kerala,984476,USA,1,kabir.menon1698@test.example.net,,4,delta,willow,ishaan994,zenith,22,,F,address2: exceeds max length 50
333,Sara,Singh,"953, Link Road",,,Gujarat,549323,USA,1,sara.johnson3485@example.com,+91-9692216193,1,vector,cascade,reyansh251,flux,64,129749,F,city: NULL in NOT NULL column
334,Sara,Verma,"632, Ring Road",,XXXXXXXXXXXXXXXXXXXXXXXXXXXXXXXXXXXXXXXXXXXXXXXXXXXXXXXXXXXX,Maharashtra,396584,USA,1,,+91-9558684924,2,willow,meridian,john6,nova,32,92874,F,city: exceeds max length 50
335,Ananya,Khan,"838, Gandhi Nagar","770, Gandhi Nagar",Kochi,XXXXXXXXXXXXXXXXXXXXXXXXXXXXXXXXXXXXXXXXXXXXXXXXXXXXXXXXXXXX,921648,USA,1,sneha.bhat6243@mail.example.org,+91-9810512489,4,prism,nova,neha310,quartz,64,141602,M,state: exceeds max length 50
336,James,Sharma,"863, Ring Road",,Visakhapatnam,Tamil Nadu,522535,,1,karan.gupta7974@mail.example.org,+91-9590594906,2,willow,alpha,vikram531,ember,40,50258,F,country: NULL in NOT NULL column
337,Priya,Smith,"351, Station Road",,Bengaluru,Madhya Pradesh,797566,XXXXXXXXXXXXXXXXXXXXXXXXXXXXXXXXXXXXXXXXXXXXXXXXXXXXXXXXXXXX,1,sneha.rao2170@example.com,+91-9819533670,1,cascade,harbor,suresh500,flux,30,94019,M,country: exceeds max length 50
338,Sneha,Saxena,"336, Ring Road","536, Link Road",Mumbai,Uttar Pradesh,540241,USA,,meera.desai5108@example.com,,1,harbor,prism,reyansh132,harbor,80,55141,M,region: NULL in NOT NULL column
339,Anjali,Malhotra,"927, Hill Road","542, Nehru Street",Pune,,189920,USA,1,XXXXXXXXXXXXXXXXXXXXXXXXXXXXXXXXXXXXXXXXXXXXXXXXXXXXXXXXXXXX,+91-9328642599,3,matrix,matrix,ira617,delta,26,37357,M,email: exceeds max length 50
340,Ravi,Das,"573, Lake View Road","849, Nehru Street",Lucknow,Kerala,868481,USA,1,suresh.sharma3727@example.com,XXXXXXXXXXXXXXXXXXXXXXXXXXXXXXXXXXXXXXXXXXXXXXXXXXXXXXXXXXXX,1,delta,summit,myra413,prism,24,93389,M,phone: exceeds max length 50
341,Kiara,Banerjee,"846, Brigade Road","70, Brigade Road",Nagpur,Rajasthan,648551,USA,1,meera.gupta1027@mail.example.org,+91-9727226706,,prism,alpha,aarav89,beacon,61,134346,F,creditcardtype: NULL in NOT NULL column
342,Suresh,Patel,"259, Park Street","721, Brigade Road",Kochi,Karnataka,935625,USA,1,diya.gupta2563@test.example.net,+91-9284986696,4,,prism,diya992,meridian,77,78606,M,creditcard: NULL in NOT NULL column
343,John,Johnson,"447, Lake View Road",,Surat,Madhya Pradesh,553947,USA,2,lakshmi.roy3301@test.example.net,+91-9397018047,4,XXXXXXXXXXXXXXXXXXXXXXXXXXXXXXXXXXXXXXXXXXXXXXXXXXXXXXXXXXXX,harbor,pooja580,prism,,64773,F,creditcard: exceeds max length 50
344,Diya,Chopra,"209, Church Street",,Delhi,Karnataka,464679,USA,2,myra.iyer1370@mail.example.org,+91-9691368133,3,prism,,anjali244,signal,22,,F,creditcardexpiration: NULL in NOT NULL column
345,Neha,Banerjee,"471, Gandhi Nagar","833, Park Street",Pune,,787026,USA,1,,+91-9196967857,4,flux,XXXXXXXXXXXXXXXXXXXXXXXXXXXXXXXXXXXXXXXXXXXXXXXXXXXXXXXXXXXX,vivaan167,beacon,60,137901,F,creditcardexpiration: exceeds max length 50
346,Anjali,Rao,"777, Park Street","843, Church Street",Ahmedabad,,601961,USA,2,,+91-9736407945,1,quartz,cascade,,pulse,54,132242,F,username: NULL in NOT NULL column
347,James,Verma,"961, Mall Road","822, Lake View Road",Delhi,Tamil Nadu,540272,USA,1,priya.chatterjee3566@example.com,+91-9127804773,3,orbit,vertex,XXXXXXXXXXXXXXXXXXXXXXXXXXXXXXXXXXXXXXXXXXXXXXXXXXXXXXXXXXXX,beacon,20,,F,username: exceeds max length 50
348,Karan,Khan,"842, Ring Road","298, MG Road",Bengaluru,Rajasthan,127166,USA,1,lakshmi.verma2048@example.com,+91-9596206275,3,matrix,beacon,aadhya155,,23,59507,M,password: NULL in NOT NULL column
349,Mary,Banerjee,"99, Nehru Street","469, Brigade Road",Mumbai,Delhi,819985,USA,1,neha.johnson8356@mail.example.org,+91-9774652891,3,pulse,harbor,anjali334,XXXXXXXXXXXXXXXXXXXXXXXXXXXXXXXXXXXXXXXXXXXXXXXXXXXXXXXXXXXX,46,27057,F,password: exceeds max length 50
350,Arjun,Pillai,"736, Park Street","498, Mall Road",Lucknow,Tamil Nadu,562816,USA,1,neha.chopra4945@example.com,+91-9694211166,1,flux,beacon,priya3,summit,28,56303,XXXXXXXXXXX,gender: exceeds max length 1
351,,Smith,"109, Lake View Road",,Mumbai,Andhra Pradesh,833181,USA,1,,+91-9408073943,2,willow,nova,rahul475,harbor,59,111098,M,firstname: NULL in NOT NULL column
352,XXXXXXXXXXXXXXXXXXXXXXXXXXXXXXXXXXXXXXXXXXXXXXXXXXXXXXXXXXXX,Patel,"905, Lake View Road",,Ahmedabad,Gujarat,680854,USA,2,,+91-9153854763,4,orbit,harbor,meera523,flux,52,46275,F,firstname: exceeds max length 50
353,Myra,,"865, Hill Road",,Pune,,322152,USA,1,,+91-9984506724,5,signal,alpha,lakshmi499,summit,46,97313,,lastname: NULL in NOT NULL column
354,Sara,XXXXXXXXXXXXXXXXXXXXXXXXXXXXXXXXXXXXXXXXXXXXXXXXXXXXXXXXXXXX,"128, Link Road",,Hyderabad,Maharashtra,445107,USA,1,sneha.roy8516@example.com,+91-9853868226,1,summit,harbor,ananya301,willow,31,133511,M,lastname: exceeds max length 50
355,Kiara,Kapoor,,"491, Gandhi Nagar",Pune,Kerala,352801,USA,2,sara.gupta6803@example.com,+91-9349593128,2,matrix,signal,reyansh998,prism,30,91706,F,address1: NULL in NOT NULL column
356,Aadhya,Shah,XXXXXXXXXXXXXXXXXXXXXXXXXXXXXXXXXXXXXXXXXXXXXXXXXXXXXXXXXXXX,,Chennai,Kerala,812765,USA,1,john.verma8422@test.example.net,+91-9387756389,5,beacon,meridian,lakshmi518,meridian,21,52410,M,address1: exceeds max length 50
357,Arjun,Verma,"646, Nehru Street",XXXXXXXXXXXXXXXXXXXXXXXXXXXXXXXXXXXXXXXXXXXXXXXXXXXXXXXXXXXX,Nagpur,Rajasthan,999389,USA,1,arjun.iyer1269@mail.example.org,+91-9715287709,5,nova,zenith,aadhya684,quartz,84,49166,M,address2: exceeds max length 50
358,Myra,Das,"950, Hill Road",,,Madhya Pradesh,188718,USA,1,reyansh.iyer3997@test.example.net,+91-9512980900,5,orbit,flux,ishaan439,pulse,31,76788,F,city: NULL in NOT NULL column
359,Lakshmi,Desai,"748, Church Street","63, Station Road",XXXXXXXXXXXXXXXXXXXXXXXXXXXXXXXXXXXXXXXXXXXXXXXXXXXXXXXXXXXX,Andhra Pradesh,545244,USA,1,ira.mukherjee6977@mail.example.org,+91-9303111456,5,quartz,signal,sneha465,vector,47,143130,F,city: exceeds max length 50
360,Rahul,Khan,"940, Lake View Road",,Pune,XXXXXXXXXXXXXXXXXXXXXXXXXXXXXXXXXXXXXXXXXXXXXXXXXXXXXXXXXXXX,290504,USA,1,arjun.gupta1831@example.com,+91-9672912987,1,flux,flux,rahul694,matrix,25,37007,F,state: exceeds max length 50
361,Vivaan,Khan,"251, Link Road","849, Hill Road",Hyderabad,Kerala,743829,,1,myra.verma105@mail.example.org,+91-9759812085,3,delta,vector,priya364,nova,79,121698,F,country: NULL in NOT NULL column
362,Kabir,Rao,"787, MG Road",,Indore,Uttar Pradesh,846259,XXXXXXXXXXXXXXXXXXXXXXXXXXXXXXXXXXXXXXXXXXXXXXXXXXXXXXXXXXXX,1,ishaan.nair4410@example.com,+91-9743597997,5,cascade,pulse,kiara708,orbit,77,107223,F,country: exceeds max length 50
363,Sneha,Joshi,"202, Link Road",,Coimbatore,Madhya Pradesh,699271,USA,,suresh.banerjee9182@mail.example.org,+91-9689440493,1,quartz,delta,ravi647,nova,63,53792,M,region: NULL in NOT NULL column
364,Aarav,Khan,"400, Nehru Street","452, MG Road",Delhi,Andhra Pradesh,771216,USA,2,XXXXXXXXXXXXXXXXXXXXXXXXXXXXXXXXXXXXXXXXXXXXXXXXXXXXXXXXXXXX,+91-9336973673,1,quartz,delta,arjun873,quartz,79,77126,F,email: exceeds max length 50
365,Aditya,Khan,"901, Station Road",,Kolkata,Madhya Pradesh,963339,USA,1,arjun.shah7380@example.com,XXXXXXXXXXXXXXXXXXXXXXXXXXXXXXXXXXXXXXXXXXXXXXXXXXXXXXXXXXXX,5,harbor,harbor,ishaan907,flux,87,65732,M,phone: exceeds max length 50
366,Rahul,Menon,"311, Nehru Street",,Surat,Telangana,789371,USA,1,diya.roy5671@test.example.net,+91-9791885842,,alpha,delta,ravi715,quartz,80,37332,F,creditcardtype: NULL in NOT NULL column
367,John,Menon,"999, Hill Road","903, Gandhi Nagar",Mumbai,Delhi,966991,USA,2,kabir.kapoor9049@example.com,+91-9585254619,2,,summit,ravi352,vector,50,,F,creditcard: NULL in NOT NULL column
368,Meera,Bhat,"233, Hill Road",,Surat,Gujarat,521442,USA,1,diya.mehta9990@test.example.net,+91-9478926747,2,XXXXXXXXXXXXXXXXXXXXXXXXXXXXXXXXXXXXXXXXXXXXXXXXXXXXXXXXXXXX,summit,ananya641,delta,33,82869,F,creditcard: exceeds max length 50
369,Sara,Malhotra,"984, Lake View Road",,Kochi,Uttar Pradesh,974026,USA,1,pooja.singh3734@example.com,+91-9208155643,3,ember,,kabir938,flux,64,134801,F,creditcardexpiration: NULL in NOT NULL column
370,Myra,Chopra,"511, MG Road",,Kolkata,Karnataka,817464,USA,1,lakshmi.patel5355@test.example.net,+91-9369873674,3,prism,XXXXXXXXXXXXXXXXXXXXXXXXXXXXXXXXXXXXXXXXXXXXXXXXXXXXXXXXXXXX,james615,vertex,36,85849,,creditcardexpiration: exceeds max length 50
371,Ishaan,Gupta,"352, Mall Road",,Jaipur,Karnataka,139006,USA,1,ira.pillai8177@mail.example.org,+91-9823308918,3,prism,orbit,,harbor,87,80469,F,username: NULL in NOT NULL column
372,Karan,Kapoor,"746, Mall Road",,Pune,Madhya Pradesh,,USA,1,,+91-9164101065,2,nova,alpha,XXXXXXXXXXXXXXXXXXXXXXXXXXXXXXXXXXXXXXXXXXXXXXXXXXXXXXXXXXXX,willow,28,95343,M,username: exceeds max length 50
373,Meera,Saxena,"266, MG Road",,Lucknow,Kerala,183883,USA,1,lakshmi.kulkarni347@example.com,,4,ember,harbor,priya621,,70,68460,F,password: NULL in NOT NULL column
374,Ravi,Sharma,"241, Gandhi Nagar","218, Lake View Road",Delhi,Gujarat,146818,USA,1,mary.mukherjee3213@example.com,+91-9349245434,1,cascade,orbit,john771,XXXXXXXXXXXXXXXXXXXXXXXXXXXXXXXXXXXXXXXXXXXXXXXXXXXXXXXXXXXX,,95297,F,password: exceeds max length 50
375,Kabir,Das,"171, Brigade Road",,Delhi,Maharashtra,376017,USA,1,,+91-9106144670,1,zenith,orbit,anjali991,zenith,,103785,XXXXXXXXXXX,gender: exceeds max length 1
376,,Trivedi,"130, Mall Road","675, Gandhi Nagar",Indore,Andhra Pradesh,980540,USA,2,james.shah3518@mail.example.org,+91-9164826297,3,signal,matrix,mary253,delta,21,40225,,firstname: NULL in NOT NULL column
377,XXXXXXXXXXXXXXXXXXXXXXXXXXXXXXXXXXXXXXXXXXXXXXXXXXXXXXXXXXXX,Bhat,"679, Gandhi Nagar",,Coimbatore,Andhra Pradesh,304484,USA,1,james.das1557@example.com,+91-9368618919,5,delta,quartz,aditya520,vector,61,90728,M,firstname: exceeds max length 50
378,Myra,,"688, Lake View Road",,Nagpur,Uttar Pradesh,293271,USA,1,amit.johnson9987@test.example.net,+91-9390382074,1,cascade,beacon,aadhya644,alpha,33,142528,M,lastname: NULL in NOT NULL column
379,Kabir,XXXXXXXXXXXXXXXXXXXXXXXXXXXXXXXXXXXXXXXXXXXXXXXXXXXXXXXXXXXX,"990, Nehru Street",,Jaipur,Telangana,885982,USA,1,lakshmi.gupta7758@test.example.net,+91-9988675856,5,delta,prism,sneha854,nova,66,115505,F,lastname: exceeds max length 50
380,Meera,Banerjee,,,Pune,Gujarat,915697,USA,1,rahul.joshi853@test.example.net,+91-9845809073,2,prism,harbor,amit708,willow,65,81629,,address1: NULL in NOT NULL column
381,Mary,Reddy,XXXXXXXXXXXXXXXXXXXXXXXXXXXXXXXXXXXXXXXXXXXXXXXXXXXXXXXXXXXX,"179, Lake View Road",Ahmedabad,Madhya Pradesh,401888,USA,1,sneha.menon7698@test.example.net,+91-9934596362,3,zenith,delta,ravi552,flux,78,141201,,address1: exceeds max length 50
382,Vivaan,Verma,"972, MG Road",XXXXXXXXXXXXXXXXXXXXXXXXXXXXXXXXXXXXXXXXXXXXXXXXXXXXXXXXXXXX,Delhi,Uttar Pradesh,692831,USA,1,,,1,pulse,vertex,vivaan354,pulse,81,,M,address2: exceeds max length 50
383,Ira,Shah,"797, Park Street",,,Delhi,288257,USA,1,neha.verma5860@example.com,+91-9528316688,4,nova,zenith,aarav455,meridian,45,122209,M,city: NULL in NOT NULL column
384,Aditya,Khan,"790, Nehru Street","800, Ring Road",XXXXXXXXXXXXXXXXXXXXXXXXXXXXXXXXXXXXXXXXXXXXXXXXXXXXXXXXXXXX,Gujarat,208514,USA,2,myra.saxena8624@example.com,+91-9834202892,3,delta,prism,suresh325,beacon,49,44465,F,city: exceeds max length 50
385,Aarav,Patel,"728, Nehru Street",,Kolkata,XXXXXXXXXXXXXXXXXXXXXXXXXXXXXXXXXXXXXXXXXXXXXXXXXXXXXXXXXXXX,896629,USA,1,mary.singh3786@mail.example.org,+91-9646453665,4,prism,meridian,ishaan656,meridian,75,99040,F,state: exceeds max length 50
386,Reyansh,Joshi,"538, Lake View Road",,Hyderabad,Rajasthan,710072,,2,suresh.desai9691@example.com,+91-9302318188,5,vector,flux,diya188,willow,28,85744,M,country: NULL in NOT NULL column
387,Aarav,Mukherjee,"913, Brigade Road",,Chennai,Tamil Nadu,763184,XXXXXXXXXXXXXXXXXXXXXXXXXXXXXXXXXXXXXXXXXXXXXXXXXXXXXXXXXXXX,1,,+91-9557109905,2,beacon,summit,meera762,prism,61,110815,F,country: exceeds max length 50
388,Rahul,Reddy,"814, Mall Road",,Mumbai,Karnataka,750147,USA,,james.kapoor4151@mail.example.org,+91-9977687545,5,willow,summit,vikram178,nova,53,103493,F,region: NULL in NOT NULL column
389,Ishaan,Smith,"294, MG Road",,Bengaluru,West Bengal,256381,USA,1,XXXXXXXXXXXXXXXXXXXXXXXXXXXXXXXXXXXXXXXXXXXXXXXXXXXXXXXXXXXX,+91-9996186257,3,flux,orbit,kabir725,willow,71,,F,email: exceeds max length 50
390,Arjun,Malhotra,"652, Hill Road","390, Gandhi Nagar",Visakhapatnam,Delhi,831754,USA,1,sara.khan2091@mail.example.org,XXXXXXXXXXXXXXXXXXXXXXXXXXXXXXXXXXXXXXXXXXXXXXXXXXXXXXXXXXXX,1,zenith,signal,aditya753,zenith,,80064,F,phone: exceeds max length 50
391,Aarav,Johnson,"74, Gandhi Nagar","826, Ring Road",Jaipur,Andhra Pradesh,,USA,2,neha.verma503@example.com,,,cascade,vertex,ishaan32,meridian,28,104782,M,creditcardtype: NULL in NOT NULL column
392,Aditya,Chopra,"177, Mall Road",,Bengaluru,Rajasthan,597503,USA,1,lakshmi.verma5055@example.com,+91-9338557069,1,,alpha,meera169,zenith,37,,F,creditcard: NULL in NOT NULL column
393,Amit,Banerjee,"766, Nehru Street",,Chennai,Telangana,149101,USA,2,karan.rao3072@test.example.net,+91-9294956485,1,XXXXXXXXXXXXXXXXXXXXXXXXXXXXXXXXXXXXXXXXXXXXXXXXXXXXXXXXXXXX,zenith,amit786,harbor,59,73166,M,creditcard: exceeds max length 50
394,Vikram,Gupta,"508, Lake View Road","68, Link Road",Hyderabad,Madhya Pradesh,972574,USA,1,vivaan.das1662@example.com,+91-9791958008,1,pulse,,ananya815,vertex,,41978,,creditcardexpiration: NULL in NOT NULL column
395,Pooja,Smith,"692, Link Road","430, Nehru Street",Ahmedabad,,729100,USA,1,aarav.trivedi3866@test.example.net,,3,vector,XXXXXXXXXXXXXXXXXXXXXXXXXXXXXXXXXXXXXXXXXXXXXXXXXXXXXXXXXXXX,reyansh935,orbit,72,,,creditcardexpiration: exceeds max length 50
396,Kabir,Saxena,"924, Park Street","17, Station Road",Mumbai,Uttar Pradesh,,USA,1,ananya.roy7838@example.com,+91-9785729266,1,pulse,signal,,zenith,41,,M,username: NULL in NOT NULL column
397,Amit,Joshi,"669, Brigade Road","884, Nehru Street",Ahmedabad,Gujarat,718599,USA,1,kiara.reddy6660@test.example.net,+91-9749550485,1,cascade,flux,XXXXXXXXXXXXXXXXXXXXXXXXXXXXXXXXXXXXXXXXXXXXXXXXXXXXXXXXXXXX,nova,70,123302,F,username: exceeds max length 50
398,Ishaan,Gupta,"359, Brigade Road","741, MG Road",Coimbatore,Uttar Pradesh,296076,USA,1,kabir.joshi6597@mail.example.org,+91-9682560710,1,delta,vertex,ira218,,73,39700,F,password: NULL in NOT NULL column
399,Ravi,Malhotra,"186, Church Street","888, Ring Road",Jaipur,Uttar Pradesh,512687,USA,1,aditya.khan5204@example.com,+91-9762548124,2,vertex,willow,reyansh435,XXXXXXXXXXXXXXXXXXXXXXXXXXXXXXXXXXXXXXXXXXXXXXXXXXXXXXXXXXXX,65,62502,F,password: exceeds max length 50
400,Ira,Mehta,"740, Link Road","359, Link Road",Hyderabad,Uttar Pradesh,946090,USA,1,rahul.kapoor5029@test.example.net,+91-9845425406,2,alpha,harbor,ishaan543,willow,,117135,XXXXXXXXXXX,gender: exceeds max length 1
401,,Desai,"243, Station Road","489, Ring Road",Bengaluru,Andhra Pradesh,506902,USA,1,john.roy8038@example.com,+91-9907946255,2,vector,nova,aadhya577,summit,72,125936,F,firstname: NULL in NOT NULL column
402,XXXXXXXXXXXXXXXXXXXXXXXXXXXXXXXXXXXXXXXXXXXXXXXXXXXXXXXXXXXX,Reddy,"628, Church Street",,Hyderabad,Uttar Pradesh,164348,USA,2,karan.gupta7151@example.com,+91-9739380637,1,signal,zenith,vivaan828,delta,82,76727,M,firstname: exceeds max length 50
403,Ira,,"468, Church Street","537, Mall Road",Indore,Telangana,902311,USA,1,john.chatterjee7304@example.com,+91-9321484466,1,prism,orbit,sneha553,orbit,31,136920,F,lastname: NULL in NOT NULL column
404,Mary,XXXXXXXXXXXXXXXXXXXXXXXXXXXXXXXXXXXXXXXXXXXXXXXXXXXXXXXXXXXX,"147, Church Street",,Delhi,Maharashtra,266499,USA,1,,,4,quartz,flux,ira363,cascade,31,127430,,lastname: exceeds max length 50
405,Rahul,Mukherjee,,,Kolkata,Karnataka,,USA,2,,+91-9793321059,4,cascade,signal,myra643,harbor,41,120243,M,address1: NULL in NOT NULL column
406,Meera,Reddy,XXXXXXXXXXXXXXXXXXXXXXXXXXXXXXXXXXXXXXXXXXXXXXXXXXXXXXXXXXXX,"353, Park Street",Bengaluru,Delhi,774211,USA,1,kabir.mehta4324@test.example.net,+91-9873846059,3,zenith,harbor,ravi427,signal,53,128866,F,address1: exceeds max length 50
407,Priya,Joshi,"36, Lake View Road",XXXXXXXXXXXXXXXXXXXXXXXXXXXXXXXXXXXXXXXXXXXXXXXXXXXXXXXXXXXX,Lucknow,Kerala,517544,USA,1,ira.malhotra6702@mail.example.org,+91-9293579402,2,signal,cascade,vikram941,harbor,40,139198,F,address2: exceeds max length 50
408,Ravi,Menon,"531, Mall Road","503, Church Street",,West Bengal,615259,USA,1,karan.smith6385@test.example.net,+91-9873261709,4,quartz,prism,myra984,prism,74,125704,F,city: NULL in NOT NULL column
409,Diya,Menon,"57, Gandhi Nagar",,XXXXXXXXXXXXXXXXXXXXXXXXXXXXXXXXXXXXXXXXXXXXXXXXXXXXXXXXXXXX,Kerala,706553,USA,2,john.kapoor460@example.com,+91-9581020212,3,delta,vertex,james272,vector,67,66575,M,city: exceeds max length 50
410,Lakshmi,Mukherjee,"656, Church Street",,Hyderabad,XXXXXXXXXXXXXXXXXXXXXXXXXXXXXXXXXXXXXXXXXXXXXXXXXXXXXXXXXXXX,,USA,1,vivaan.shah7279@mail.example.org,,3,harbor,flux,vivaan426,cascade,71,111666,F,state: exceeds max length 50
411,Ravi,Gupta,"815, MG Road",,Jaipur,,819398,,2,mary.johnson3018@example.com,+91-9843373802,4,nova,orbit,kiara983,cascade,60,93378,F,country: NULL in NOT NULL column
412,Kiara,Mehta,"141, Lake View Road","152, Gandhi Nagar",Kochi,Gujarat,579238,XXXXXXXXXXXXXXXXXXXXXXXXXXXXXXXXXXXXXXXXXXXXXXXXXXXXXXXXXXXX,2,mary.smith1798@mail.example.org,+91-9281183636,4,alpha,orbit,vikram154,pulse,73,133923,M,country: exceeds max length 50
413,Meera,Chopra,"102, Lake View Road",,Pune,Delhi,177521,USA,,vivaan.trivedi6455@test.example.net,+91-9284156665,1,nova,meridian,myra37,prism,78,76096,F,region: NULL in NOT NULL column
414,Aarav,Das,"748, Station Road","333, Brigade Road",Ahmedabad,West Bengal,248209,USA,1,XXXXXXXXXXXXXXXXXXXXXXXXXXXXXXXXXXXXXXXXXXXXXXXXXXXXXXXXXXXX,+91-9279922086,5,beacon,summit,meera463,zenith,18,134506,M,email: exceeds max length 50
415,Ravi,Khan,"378, Ring Road","451, Brigade Road",Kolkata,Maharashtra,957529,USA,1,ira.rao6754@test.example.net,XXXXXXXXXXXXXXXXXXXXXXXXXXXXXXXXXXXXXXXXXXXXXXXXXXXXXXXXXXXX,2,matrix,orbit,arjun14,orbit,36,45675,M,phone: exceeds max length 50
416,Pooja,Patel,"21, Mall Road",,Kolkata,Andhra Pradesh,623438,USA,2,aadhya.joshi7101@mail.example.org,+91-9408181812,,meridian,signal,vivaan613,harbor,,23438,M,creditcardtype: NULL in NOT NULL column
417,Vivaan,Kapoor,"416, Church Street","205, Park Street",Surat,Gujarat,142665,USA,1,amit.nair819@mail.example.org,+91-9100863303,2,,harbor,suresh10,ember,,147605,F,creditcard: NULL in NOT NULL column
418,Mary,Patel,"637, Church Street","810, Brigade Road",Indore,Kerala,200433,USA,1,aadhya.nair6458@example.com,+91-9705153502,3,XXXXXXXXXXXXXXXXXXXXXXXXXXXXXXXXXXXXXXXXXXXXXXXXXXXXXXXXXXXX,alpha,arjun500,vector,66,67226,M,creditcard: exceeds max length 50
419,Meera,Pillai,"982, Park Street","153, Ring Road",Surat,West Bengal,752536,USA,1,reyansh.das5359@mail.example.org,,4,zenith,,kabir264,zenith,28,113994,F,creditcardexpiration: NULL in NOT NULL column
420,Ravi,Kapoor,"89, Mall Road",,Chennai,Karnataka,,USA,1,sara.chopra8322@example.com,+91-9903822673,2,prism,XXXXXXXXXXXXXXXXXXXXXXXXXXXXXXXXXXXXXXXXXXXXXXXXXXXXXXXXXXXX,rahul80,ember,69,100261,M,creditcardexpiration: exceeds max length 50
421,Anjali,Iyer,"15, Ring Road",,Mumbai,Delhi,898329,USA,2,vikram.trivedi2254@test.example.net,+91-9827852469,5,signal,cascade,,cascade,37,62494,F,username: NULL in NOT NULL column
422,Ira,Khan,"883, Gandhi Nagar",,Lucknow,Andhra Pradesh,769283,USA,1,myra.reddy9911@mail.example.org,+91-9699158423,4,flux,orbit,XXXXXXXXXXXXXXXXXXXXXXXXXXXXXXXXXXXXXXXXXXXXXXXXXXXXXXXXXXXX,delta,57,40296,F,username: exceeds max length 50
423,Aarav,Rao,"331, Church Street",,Mumbai,,949925,USA,2,meera.chopra2370@mail.example.org,+91-9376827772,1,harbor,summit,meera995,,40,36965,M,password: NULL in NOT NULL column
424,Karan,Reddy,"661, Nehru Street","792, Church Street",Surat,,899176,USA,1,myra.iyer8662@mail.example.org,+91-9378231315,4,willow,meridian,sneha838,XXXXXXXXXXXXXXXXXXXXXXXXXXXXXXXXXXXXXXXXXXXXXXXXXXXXXXXXXXXX,57,109439,F,password: exceeds max length 50
425,Reyansh,Rao,"927, Church Street","389, Nehru Street",Jaipur,Uttar Pradesh,749396,USA,1,vikram.kapoor9468@mail.example.org,+91-9443749547,2,summit,zenith,sara158,delta,,126077,XXXXXXXXXXX,gender: exceeds max length 1
426,,Malhotra,"124, Nehru Street","917, Lake View Road",Surat,Uttar Pradesh,135833,USA,1,james.joshi178@example.com,+91-9550211337,5,prism,prism,vivaan228,beacon,,138303,F,firstname: NULL in NOT NULL column
427,XXXXXXXXXXXXXXXXXXXXXXXXXXXXXXXXXXXXXXXXXXXXXXXXXXXXXXXXXXXX,Joshi,"507, Church Street","147, Brigade Road",Ahmedabad,West Bengal,919720,USA,1,ananya.patel1317@example.com,+91-9986350463,5,alpha,harbor,vivaan753,beacon,78,45092,F,firstname: exceeds max length 50
428,Aditya,,"953, Park Street","734, Ring Road",Coimbatore,Rajasthan,435076,USA,2,neha.kulkarni2814@mail.example.org,+91-9500699576,3,harbor,cascade,pooja587,alpha,40,122700,F,lastname: NULL in NOT NULL column
429,Amit,XXXXXXXXXXXXXXXXXXXXXXXXXXXXXXXXXXXXXXXXXXXXXXXXXXXXXXXXXXXX,"237, Church Street","860, Nehru Street",Coimbatore,Delhi,638283,USA,1,reyansh.joshi372@mail.example.org,+91-9379537324,2,orbit,matrix,sneha583,meridian,81,96341,F,lastname: exceeds max length 50
430,Kiara,Bhat,,"890, Gandhi Nagar",Surat,Kerala,,USA,1,pooja.malhotra2974@mail.example.org,+91-9472813466,5,flux,prism,myra320,prism,77,127735,F,address1: NULL in NOT NULL column
431,Sara,Khan,XXXXXXXXXXXXXXXXXXXXXXXXXXXXXXXXXXXXXXXXXXXXXXXXXXXXXXXXXXXX,"322, Ring Road",Lucknow,Delhi,528055,USA,2,priya.johnson5986@mail.example.org,,5,summit,beacon,suresh731,alpha,87,102071,M,address1: exceeds max length 50
432,Ishaan,Mukherjee,"297, Link Road",XXXXXXXXXXXXXXXXXXXXXXXXXXXXXXXXXXXXXXXXXXXXXXXXXXXXXXXXXXXX,Mumbai,,357703,USA,1,reyansh.desai7426@example.com,+91-9823998316,3,signal,quartz,sara300,summit,81,92399,F,address2: exceeds max length 50
433,Mary,Nair,"125, Brigade Road",,,Andhra Pradesh,528973,USA,2,,+91-9249378893,5,willow,prism,james594,matrix,60,98105,F,city: NULL in NOT NULL column
434,Meera,Singh,"877, Lake View Road",,XXXXXXXXXXXXXXXXXXXXXXXXXXXXXXXXXXXXXXXXXXXXXXXXXXXXXXXXXXXX,Tamil Nadu,817037,USA,1,ishaan.kulkarni7452@test.example.net,+91-9295637092,5,pulse,vector,pooja292,pulse,52,56323,F,city: exceeds max length 50
435,Vikram,Sharma,"313, Park Street","705, Mall Road",Surat,XXXXXXXXXXXXXXXXXXXXXXXXXXXXXXXXXXXXXXXXXXXXXXXXXXXXXXXXXXXX,647231,USA,1,kabir.chatterjee8232@test.example.net,+91-9218431841,3,cascade,alpha,aditya840,zenith,52,33056,M,state: exceeds max length 50
436,Arjun,Smith,"992, Link Road","234, Link Road",Surat,Rajasthan,513006,,1,sara.verma980@mail.example.org,+91-9835590793,5,beacon,prism,suresh336,prism,65,62956,M,country: NULL in NOT NULL column
437,Neha,Mehta,"644, Link Road",,Pune,Tamil Nadu,280812,XXXXXXXXXXXXXXXXXXXXXXXXXXXXXXXXXXXXXXXXXXXXXXXXXXXXXXXXXXXX,1,kiara.pillai7447@test.example.net,+91-9565559408,4,vector,ember,rahul660,meridian,77,90449,M,country: exceeds max length 50
438,Ishaan,Iyer,"589, Link Road",,Ahmedabad,Gujarat,830050,USA,,rahul.smith5871@mail.example.org,+91-9241885188,3,zenith,signal,arjun432,vector,86,33258,,region: NULL in NOT NULL column
439,James,Roy,"764, Park Street","567, Park Street",Ahmedabad,,479626,USA,1,XXXXXXXXXXXXXXXXXXXXXXXXXXXXXXXXXXXXXXXXXXXXXXXXXXXXXXXXXXXX,+91-9285968769,1,meridian,signal,ananya59,orbit,59,116496,M,email: exceeds max length 50
440,Neha,Johnson,"442, Church Street",,Coimbatore,Gujarat,789361,USA,1,vikram.chatterjee7317@test.example.net,XXXXXXXXXXXXXXXXXXXXXXXXXXXXXXXXXXXXXXXXXXXXXXXXXXXXXXXXXXXX,5,vertex,willow,aditya503,nova,68,71760,F,phone: exceeds max length 50
441,Ravi,Gupta,"612, Nehru Street","24, Lake View Road",Visakhapatnam,Telangana,188725,USA,1,,+91-9770489769,,quartz,harbor,arjun527,flux,60,88472,M,creditcardtype: NULL in NOT NULL column
442,Karan,Joshi,"98, Ring Road",,Ahmedabad,Kerala,219306,USA,1,kiara.joshi2579@test.example.net,,1,,pulse,ishaan559,matrix,39,,M,creditcard: NULL in NOT NULL column
443,Kabir,Banerjee,"710, MG Road",,Kochi,Kerala,609944,USA,1,amit.das6374@test.example.net,+91-9131493686,5,XXXXXXXXXXXXXXXXXXXXXXXXXXXXXXXXXXXXXXXXXXXXXXXXXXXXXXXXXXXX,vertex,james384,flux,67,128341,F,creditcard: exceeds max length 50
444,Lakshmi,Smith,"66, Station Road","779, Nehru Street",Bengaluru,Rajasthan,627526,USA,2,ishaan.johnson9188@test.example.net,+91-9876396957,1,willow,,aditya476,summit,40,146163,,creditcardexpiration: NULL in NOT NULL column
445,Sneha,Johnson,"49, Hill Road","185, Park Street",Lucknow,Delhi,119171,USA,1,amit.joshi8745@mail.example.org,+91-9136033575,1,zenith,XXXXXXXXXXXXXXXXXXXXXXXXXXXXXXXXXXXXXXXXXXXXXXXXXXXXXXXXXXXX,ravi246,beacon,63,61726,M,creditcardexpiration: exceeds max length 50
446,Anjali,Smith,"782, Gandhi Nagar",,Delhi,,993838,USA,1,james.sharma9862@mail.example.org,+91-9901770005,4,cascade,orbit,,cascade,56,44094,F,username: NULL in NOT NULL column
447,Aarav,Shah,"180, Nehru Street",,Hyderabad,Andhra Pradesh,158285,USA,1,neha.joshi8391@mail.example.org,+91-9528552547,2,signal,matrix,XXXXXXXXXXXXXXXXXXXXXXXXXXXXXXXXXXXXXXXXXXXXXXXXXXXXXXXXXXXX,flux,73,109162,M,username: exceeds max length 50
448,Reyansh,Patel,"583, Mall Road",,Jaipur,,403423,USA,1,ananya.chatterjee7347@test.example.net,,3,pulse,orbit,james100,,,41448,F,password: NULL in NOT NULL column
449,Ishaan,Joshi,"46, Brigade Road",,Surat,Karnataka,528090,USA,1,ananya.nair2065@mail.example.org,+91-9753369326,2,orbit,delta,myra865,XXXXXXXXXXXXXXXXXXXXXXXXXXXXXXXXXXXXXXXXXXXXXXXXXXXXXXXXXXXX,90,68948,M,password: exceeds max length 50
450,Ishaan,Rao,"772, Brigade Road",,Mumbai,Kerala,,USA,1,arjun.reddy8875@test.example.net,+91-9970134675,4,summit,zenith,ishaan487,flux,36,55995,XXXXXXXXXXX,gender: exceeds max length 1
451,,Bhat,"73, Hill Road",,Jaipur,Maharashtra,829405,USA,1,priya.banerjee6156@test.example.net,+91-9788294102,1,harbor,delta,vivaan262,zenith,26,149116,,firstname: NULL in NOT NULL column
452,XXXXXXXXXXXXXXXXXXXXXXXXXXXXXXXXXXXXXXXXXXXXXXXXXXXXXXXXXXXX,Roy,"20, MG Road",,Lucknow,,372757,USA,2,diya.gupta2025@test.example.net,+91-9699790971,3,delta,prism,kabir26,summit,32,67244,F,firstname: exceeds max length 50
453,Ishaan,,"778, Station Road","976, Lake View Road",Pune,Rajasthan,703921,USA,2,amit.saxena9424@test.example.net,+91-9352716493,4,harbor,signal,kabir351,signal,76,31450,M,lastname: NULL in NOT NULL column
454,Sara,XXXXXXXXXXXXXXXXXXXXXXXXXXXXXXXXXXXXXXXXXXXXXXXXXXXXXXXXXXXX,"139, Brigade Road","14, Nehru Street",Ahmedabad,,581018,USA,1,ira.banerjee6205@test.example.net,+91-9728278426,3,vertex,vertex,meera41,vertex,31,99292,F,lastname: exceeds max length 50
455,Pooja,Kapoor,,"977, Church Street",Pune,Karnataka,346379,USA,1,,+91-9435963644,4,ember,matrix,ananya631,flux,18,72631,,address1: NULL in NOT NULL column
456,Aadhya,Chatterjee,XXXXXXXXXXXXXXXXXXXXXXXXXXXXXXXXXXXXXXXXXXXXXXXXXXXXXXXXXXXX,"294, Mall Road",Lucknow,Uttar Pradesh,577729,USA,1,pooja.rao4544@test.example.net,+91-9837937858,3,prism,cascade,kabir654,willow,23,111160,,address1: exceeds max length 50
457,Sneha,Menon,"476, Ring Road",XXXXXXXXXXXXXXXXXXXXXXXXXXXXXXXXXXXXXXXXXXXXXXXXXXXXXXXXXXXX,Mumbai,Tamil Nadu,407128,USA,1,arjun.chatterjee2944@example.com,+91-9594471144,2,ember,vertex,james750,quartz,73,58800,M,address2: exceeds max length 50
458,Lakshmi,Patel,"297, Brigade Road","205, Gandhi Nagar",,Gujarat,,USA,1,ira.das7317@example.com,+91-9105494731,5,matrix,harbor,vikram339,prism,75,,M,city: NULL in NOT NULL column
459,Mary,Trivedi,"908, Gandhi Nagar",,XXXXXXXXXXXXXXXXXXXXXXXXXXXXXXXXXXXXXXXXXXXXXXXXXXXXXXXXXXXX,Uttar Pradesh,352869,USA,1,ravi.johnson1853@test.example.net,+91-9764915264,3,nova,meridian,meera814,matrix,82,25954,F,city: exceeds max length 50
460,James,Malhotra,"617, Church Street","141, Hill Road",Nagpur,XXXXXXXXXXXXXXXXXXXXXXXXXXXXXXXXXXXXXXXXXXXXXXXXXXXXXXXXXXXX,364097,USA,1,kiara.smith5774@test.example.net,+91-9390141916,3,flux,delta,amit381,cascade,62,29603,M,state: exceeds max length 50
461,Aadhya,Banerjee,"282, Ring Road","839, Hill Road",Mumbai,Tamil Nadu,520081,,1,john.bhat9558@example.com,+91-9467157232,2,willow,ember,diya424,pulse,21,25867,M,country: NULL in NOT NULL column
462,John,Mukherjee,"216, Park Street",,Ahmedabad,Maharashtra,372179,XXXXXXXXXXXXXXXXXXXXXXXXXXXXXXXXXXXXXXXXXXXXXXXXXXXXXXXXXXXX,1,kabir.joshi6339@test.example.net,,2,zenith,alpha,aditya933,beacon,54,37449,M,country: exceeds max length 50
463,Pooja,Trivedi,"373, Station Road","430, Hill Road",Ahmedabad,Tamil Nadu,579543,USA,,priya.kulkarni2808@test.example.net,+91-9653262307,1,nova,vertex,lakshmi294,willow,66,140740,M,region: NULL in NOT NULL column
464,Anjali,Chopra,"31, Link Road","673, Ring Road",Visakhapatnam,Andhra Pradesh,290715,USA,1,XXXXXXXXXXXXXXXXXXXXXXXXXXXXXXXXXXXXXXXXXXXXXXXXXXXXXXXXXXXX,+91-9243731126,1,beacon,alpha,meera604,prism,,136115,F,email: exceeds max length 50
465,Ira,Reddy,"948, Station Road",,Delhi,Maharashtra,232783,USA,1,vivaan.bhat4681@mail.example.org,XXXXXXXXXXXXXXXXXXXXXXXXXXXXXXXXXXXXXXXXXXXXXXXXXXXXXXXXXXXX,1,quartz,quartz,anjali428,beacon,82,145053,F,phone: exceeds max length 50
466,Arjun,Verma,"498, Link Road",,Kochi,Kerala,537996,USA,2,amit.malhotra4234@test.example.net,+91-9694174789,,prism,delta,karan875,beacon,47,97397,M,creditcardtype: NULL in NOT NULL column
467,Ananya,Shah,"271, Church Street",,Visakhapatnam,Maharashtra,259971,USA,1,lakshmi.trivedi6719@example.com,+91-9832960651,3,,summit,neha503,nova,55,110301,F,creditcard: NULL in NOT NULL column
468,Sneha,Das,"608, Nehru Street",,Jaipur,Tamil Nadu,310747,USA,1,rahul.banerjee8571@test.example.net,,5,XXXXXXXXXXXXXXXXXXXXXXXXXXXXXXXXXXXXXXXXXXXXXXXXXXXXXXXXXXXX,zenith,diya802,vertex,,111242,M,creditcard: exceeds max length 50
469,Aditya,Patel,"411, Mall Road","242, Brigade Road",Indore,Rajasthan,722700,USA,1,kiara.mehta5774@mail.example.org,+91-9171278917,4,pulse,,priya217,delta,90,80588,F,creditcardexpiration: NULL in NOT NULL column
470,Neha,Singh,"415, Mall Road",,Mumbai,Telangana,,USA,1,,+91-9850037902,3,signal,XXXXXXXXXXXXXXXXXXXXXXXXXXXXXXXXXXXXXXXXXXXXXXXXXXXXXXXXXXXX,amit431,orbit,28,72467,F,creditcardexpiration: exceeds max length 50
471,Priya,Rao,"948, Lake View Road","306, Church Street",Coimbatore,Tamil Nadu,144921,USA,1,rahul.joshi5030@test.example.net,,5,meridian,meridian,,delta,61,22536,F,username: NULL in NOT NULL column
472,Ira,Desai,"679, Mall Road","150, Ring Road",Mumbai,Rajasthan,,USA,1,john.kulkarni6307@test.example.net,+91-9634131225,1,nova,vector,XXXXXXXXXXXXXXXXXXXXXXXXXXXXXXXXXXXXXXXXXXXXXXXXXXXXXXXXXXXX,ember,,50824,F,username: exceeds max length 50
473,Amit,Rao,"717, Brigade Road",,Ahmedabad,Rajasthan,,USA,2,john.das2415@mail.example.org,+91-9841714209,2,alpha,signal,ishaan737,,37,109243,,password: NULL in NOT NULL column
474,Karan,Desai,"880, Church Street","757, MG Road",Kochi,Maharashtra,929197,USA,1,rahul.bhat8973@example.com,,5,vector,beacon,ravi901,XXXXXXXXXXXXXXXXXXXXXXXXXXXXXXXXXXXXXXXXXXXXXXXXXXXXXXXXXXXX,55,128274,M,password: exceeds max length 50
475,Mary,Roy,"812, Mall Road","550, Mall Road",Visakhapatnam,Madhya Pradesh,164159,USA,1,aditya.saxena1149@mail.example.org,+91-9769380471,3,harbor,signal,vikram804,summit,67,148929,XXXXXXXXXXX,gender: exceeds max length 1
476,,Rao,"121, Park Street","376, Ring Road",Indore,,580030,USA,1,sara.banerjee5185@mail.example.org,+91-9418340625,4,alpha,nova,sneha460,ember,76,91315,F,firstname: NULL in NOT NULL column
477,XXXXXXXXXXXXXXXXXXXXXXXXXXXXXXXXXXXXXXXXXXXXXXXXXXXXXXXXXXXX,Singh,"902, Station Road","652, Hill Road",Nagpur,Delhi,207876,USA,1,meera.menon179@test.example.net,,3,willow,orbit,meera120,nova,51,29231,F,firstname: exceeds max length 50
478,Sneha,,"197, Park Street",,Visakhapatnam,Tamil Nadu,177471,USA,1,rahul.rao3205@test.example.net,+91-9390733053,5,zenith,vector,karan701,nova,58,92669,M,lastname: NULL in NOT NULL column
479,Aarav,XXXXXXXXXXXXXXXXXXXXXXXXXXXXXXXXXXXXXXXXXXXXXXXXXXXXXXXXXXXX,"353, Ring Road",,Mumbai,,601106,USA,1,ananya.gupta2455@test.example.net,+91-9178012225,5,willow,vertex,priya976,vertex,76,146236,M,lastname: exceeds max length 50
480,Anjali,Shah,,,Delhi,Kerala,768406,USA,1,ananya.joshi7421@test.example.net,+91-9684979149,2,signal,ember,james709,signal,40,144802,M,address1: NULL in NOT NULL column
481,Lakshmi,Chatterjee,XXXXXXXXXXXXXXXXXXXXXXXXXXXXXXXXXXXXXXXXXXXXXXXXXXXXXXXXXXXX,,Kolkata,Rajasthan,688880,USA,1,sneha.malhotra7303@test.example.net,+91-9187084962,3,orbit,cascade,vikram960,ember,82,81050,F,address1: exceeds max length 50
482,Aarav,Chatterjee,"455, Station Road",XXXXXXXXXXXXXXXXXXXXXXXXXXXXXXXXXXXXXXXXXXXXXXXXXXXXXXXXXXXX,Lucknow,Delhi,392715,USA,1,,+91-9726989770,3,harbor,flux,james915,alpha,79,45171,F,address2: exceeds max length 50
483,James,Khan,"813, MG Road","912, Ring Road",,Kerala,993457,USA,1,aarav.khan2650@mail.example.org,+91-9144682523,3,vector,signal,diya784,quartz,36,21368,F,city: NULL in NOT NULL column
484,Lakshmi,Chopra,"8, Link Road",,XXXXXXXXXXXXXXXXXXXXXXXXXXXXXXXXXXXXXXXXXXXXXXXXXXXXXXXXXXXX,Uttar Pradesh,835708,USA,1,ira.sharma4015@mail.example.org,+91-9758630782,3,flux,flux,aadhya68,delta,54,147560,M,city: exceeds max length 50
485,Aarav,Khan,"328, Gandhi Nagar",,Kochi,XXXXXXXXXXXXXXXXXXXXXXXXXXXXXXXXXXXXXXXXXXXXXXXXXXXXXXXXXXXX,831874,USA,2,pooja.roy8866@test.example.net,+91-9124869070,5,meridian,alpha,aarav106,signal,,77452,M,state: exceeds max length 50
486,Mary,Das,"390, Park Street",,Jaipur,Karnataka,952831,,1,karan.bhat8310@test.example.net,+91-9786634732,3,meridian,alpha,karan962,signal,81,133484,F,country: NULL in NOT NULL column
487,Vivaan,Chopra,"581, Station Road","959, Gandhi Nagar",Ahmedabad,Andhra Pradesh,858088,XXXXXXXXXXXXXXXXXXXXXXXXXXXXXXXXXXXXXXXXXXXXXXXXXXXXXXXXXXXX,1,lakshmi.roy6846@test.example.net,+91-9189153882,3,summit,nova,myra259,signal,87,,F,country: exceeds max length 50
488,Ravi,Sharma,"733, Lake View Road",,Mumbai,Andhra Pradesh,,USA,,ishaan.smith7511@mail.example.org,+91-9838782099,2,flux,nova,ira728,summit,70,109309,F,region: NULL in NOT NULL column
489,Suresh,Khan,"103, Ring Road","88, Nehru Street",Surat,Kerala,351696,USA,1,XXXXXXXXXXXXXXXXXXXXXXXXXXXXXXXXXXXXXXXXXXXXXXXXXXXXXXXXXXXX,+91-9988826379,5,nova,summit,sara495,vector,90,63712,M,email: exceeds max length 50
490,Vikram,Mehta,"247, Hill Road",,Indore,Madhya Pradesh,648723,USA,1,rahul.pillai4129@example.com,XXXXXXXXXXXXXXXXXXXXXXXXXXXXXXXXXXXXXXXXXXXXXXXXXXXXXXXXXXXX,2,zenith,flux,vikram890,matrix,67,130961,M,phone: exceeds max length 50
491,Kiara,Kapoor,"912, Brigade Road","767, MG Road",Ahmedabad,Uttar Pradesh,638607,USA,1,sara.banerjee4840@example.com,+91-9159330808,,alpha,ember,diya368,alpha,42,144361,M,creditcardtype: NULL in NOT NULL column
492,Aarav,Kapoor,"584, MG Road","542, Park Street",Surat,Kerala,208126,USA,1,james.shah4590@example.com,+91-9237108026,4,,prism,karan478,alpha,,105589,F,creditcard: NULL in NOT NULL column
493,Rahul,Mehta,"17, Hill Road","902, Hill Road",Jaipur,West Bengal,424643,USA,2,aadhya.saxena8168@example.com,,1,XXXXXXXXXXXXXXXXXXXXXXXXXXXXXXXXXXXXXXXXXXXXXXXXXXXXXXXXXXXX,harbor,aditya256,willow,58,129855,,creditcard: exceeds max length 50
494,Meera,Chatterjee,"614, Brigade Road",,Hyderabad,Andhra Pradesh,722706,USA,1,ishaan.khan3113@test.example.net,+91-9131236262,1,ember,,kiara998,harbor,87,147964,F,creditcardexpiration: NULL in NOT NULL column
495,Neha,Desai,"387, MG Road","709, Brigade Road",Delhi,Tamil Nadu,456113,USA,1,aadhya.patel9309@example.com,+91-9524532358,3,meridian,XXXXXXXXXXXXXXXXXXXXXXXXXXXXXXXXXXXXXXXXXXXXXXXXXXXXXXXXXXXX,kabir435,meridian,24,114089,F,creditcardexpiration: exceeds max length 50
496,Ishaan,Menon,"500, Link Road",,Ahmedabad,Telangana,959404,USA,1,rahul.reddy9360@mail.example.org,+91-9913341738,1,nova,harbor,,orbit,84,,M,username: NULL in NOT NULL column
497,Ira,Pillai,"28, Gandhi Nagar","533, Ring Road",Hyderabad,Telangana,425299,USA,1,aarav.kulkarni5893@mail.example.org,+91-9862690683,5,pulse,flux,XXXXXXXXXXXXXXXXXXXXXXXXXXXXXXXXXXXXXXXXXXXXXXXXXXXXXXXXXXXX,harbor,64,34978,M,username: exceeds max length 50
498,Sneha,Pillai,"780, Hill Road",,Kolkata,Gujarat,675548,USA,1,sneha.malhotra2142@mail.example.org,+91-9756566741,5,orbit,signal,lakshmi89,,70,113464,F,password: NULL in NOT NULL column
499,Diya,Rao,"579, Link Road","947, MG Road",Coimbatore,Gujarat,368758,USA,1,priya.malhotra2438@mail.example.org,+91-9879686595,4,pulse,orbit,ananya545,XXXXXXXXXXXXXXXXXXXXXXXXXXXXXXXXXXXXXXXXXXXXXXXXXXXXXXXXXXXX,21,132383,,password: exceeds max length 50
500,Sneha,Saxena,"3, Link Road","224, Park Street",Lucknow,,154005,USA,1,neha.nair1590@test.example.net,+91-9144468540,5,pulse,willow,suresh175,vertex,44,134952,XXXXXXXXXXX,gender: exceeds max length 1