film_id,title,description,release_year,language_id,original_language_id,rental_duration,rental_rate,length,replacement_cost,rating,last_update,special_features
1,Zenith zenith nova pulse meridian vertex vector.,Alpha vertex willow vertex pulse orbit.,2006,6,,4,0.99,84,28.67,PG-13,2025-12-31 12:56:24,Prism matrix alpha summit quartz pulse meridian quartz nova.
2,Pulse beacon vector orbit meridian meridian willow quartz quartz flux matrix.,Cascade summit summit cascade vector willow orbit harbor harbor signal matrix quartz.,2006,5,5,4,0.99,122,10.34,PG-13,2026-03-18 20:06:18,
3,Vector alpha cascade delta alpha vector ember.,Prism willow harbor vector beacon signal flux vertex vertex cascade.,2006,1,,5,0.99,112,22.2,PG,2026-02-08 02:50:46,Orbit vertex willow meridian flux prism vector alpha pulse orbit quartz alpha.
4,Quartz signal ember matrix orbit harbor flux vector alpha matrix zenith alpha.,Vector signal willow orbit zenith vector prism beacon quartz ember delta orbit.,2006,5,3,6,0.99,159,19.49,PG-13,2026-05-13 23:12:54,
5,Willow nova vertex signal summit vertex harbor flux delta zenith.,Ember quartz zenith prism summit cascade.,2006,1,2,3,0.99,126,16.07,PG-13,2025-02-04 04:34:03,Quartz vector vector ember orbit willow prism meridian nova orbit vertex.
6,Matrix beacon nova nova ember alpha quartz delta prism prism.,Prism alpha cascade matrix harbor signal prism.,2006,2,5,3,4.99,79,20.29,R,2026-05-12 22:22:29,Matrix vector cascade quartz orbit matrix.
7,Willow signal pulse meridian prism summit zenith.,,2006,6,5,4,2.99,166,23.78,G,2026-04-27 07:54:01,Delta harbor ember flux nova summit signal pulse beacon.
8,Orbit quartz ember zenith harbor flux signal matrix prism delta flux delta.,Cascade harbor harbor matrix vertex ember quartz zenith.,2006,5,,5,4.99,161,24.08,G,2025-07-09 10:35:22,Delta harbor signal ember signal meridian prism vector zenith matrix willow ember.
9,Zenith pulse zenith alpha flux alpha meridian orbit.,Matrix signal matrix delta vector pulse cascade orbit harbor orbit matrix.,2006,3,5,3,2.99,114,10.21,G,2026-05-26 16:56:00,Ember flux nova beacon delta vector vector quartz orbit vector zenith.
10,Delta willow quartz vector ember prism willow flux ember orbit.,Harbor nova nova vertex meridian orbit willow delta signal pulse cascade.,2006,4,,7,2.99,63,13.37,PG-13,2026-01-03 23:09:43,Pulse meridian beacon matrix quartz willow nova meridian meridian quartz willow pulse.
11,Beacon alpha cascade harbor prism vertex.,Cascade meridian prism nova cascade prism delta nova signal nova harbor nova.,2006,2,1,6,2.99,134,15.75,PG-13,2025-02-12 06:23:01,Beacon zenith beacon delta beacon vector meridian beacon.
12,Nova vertex delta matrix nova flux delta summit willow delta willow.,Zenith zenith meridian harbor signal prism prism delta beacon beacon beacon.,2006,3,,6,2.99,151,15.62,PG,2026-05-28 05:05:27,
13,Vertex cascade prism nova summit pulse harbor willow meridian.,Alpha harbor willow delta orbit summit summit ember nova harbor.,2006,4,5,7,2.99,136,17.21,R,2026-06-19 01:48:33,
14,Delta prism summit matrix nova matrix harbor willow beacon.,Beacon signal zenith orbit willow vertex.,2006,1,,6,2.99,67,11.94,PG,2025-08-13 15:36:49,Matrix vertex signal prism harbor meridian signal ember willow delta matrix flux.
15,Pulse vertex vector pulse prism flux matrix delta ember.,Delta flux willow summit orbit zenith quartz zenith vertex zenith prism.,2006,1,,3,2.99,160,21.53,R,2025-03-15 21:03:37,Orbit matrix nova zenith zenith summit meridian flux ember.
16,Willow ember prism flux beacon orbit prism harbor alpha flux beacon harbor.,Willow alpha cascade meridian meridian alpha meridian delta ember.,2006,4,,3,2.99,150,16.34,NC-17,2026-01-07 08:19:15,Nova zenith nova cascade flux alpha orbit matrix flux ember harbor.
17,Summit flux vertex nova vector alpha willow ember alpha orbit matrix.,Summit ember summit nova vertex delta orbit harbor vertex beacon.,2006,5,3,4,2.99,126,26.48,PG-13,2025-01-18 08:09:36,Summit willow pulse orbit orbit signal alpha.
18,Cascade beacon flux beacon vector alpha harbor harbor nova quartz cascade orbit.,Signal beacon alpha alpha beacon vector beacon willow cascade cascade.,2006,5,5,7,0.99,92,20.54,PG-13,2026-03-21 02:27:32,Ember quartz cascade pulse vector signal vertex delta matrix vertex summit.
19,Quartz pulse summit flux harbor signal.,Summit matrix signal meridian meridian quartz pulse zenith ember nova harbor.,2006,6,,5,2.99,70,23.25,PG-13,2025-05-02 11:15:42,Willow ember quartz flux quartz signal alpha nova.
20,Delta ember willow willow nova ember delta flux alpha orbit.,Vector signal summit summit summit pulse orbit.,2006,1,5,7,2.99,62,24.11,G,2025-09-05 01:02:56,Cascade nova nova beacon delta zenith vertex vector.
21,Harbor prism pulse flux nova meridian matrix quartz vector vertex orbit orbit.,Prism summit quartz prism beacon zenith vector beacon summit.,2006,1,,5,2.99,127,21.47,G,2025-01-03 05:06:39,
22,Zenith quartz vertex vertex pulse flux flux flux.,Matrix cascade prism vertex cascade willow vertex.,2006,4,1,6,4.99,105,29.42,R,2025-07-04 03:52:52,Delta prism delta pulse harbor signal beacon summit summit prism orbit delta.
23,Vector willow harbor matrix signal ember delta summit signal quartz prism.,Meridian quartz meridian beacon cascade matrix orbit zenith meridian harbor beacon signal.,2006,3,,6,2.99,148,24.03,PG-13,2025-02-22 22:16:39,Cascade signal meridian ember beacon beacon summit.
24,Orbit willow alpha beacon delta prism prism vector flux.,Prism flux vertex harbor signal flux harbor flux delta.,2006,6,,5,4.99,89,13.87,NC-17,2026-06-06 13:36:35,Willow vertex summit cascade delta vector quartz summit.
25,Meridian matrix quartz alpha prism orbit harbor flux alpha ember.,Orbit vector quartz quartz orbit summit alpha orbit beacon meridian.,2006,3,,4,2.99,143,17.69,R,2026-04-08 18:15:36,Delta prism alpha zenith zenith flux summit ember flux flux.
26,Vertex delta matrix delta zenith meridian nova nova.,,2006,2,,7,0.99,130,11.7,R,2026-03-20 16:02:32,Vector quartz beacon willow ember alpha cascade meridian alpha alpha nova.
27,Vertex willow zenith matrix pulse ember quartz quartz harbor vertex.,Vertex summit cascade quartz quartz beacon signal willow cascade orbit.,2006,5,,7,0.99,167,29.26,R,2025-04-26 07:40:07,Beacon pulse ember alpha zenith flux prism signal meridian cascade zenith signal.
28,Prism willow quartz zenith meridian quartz signal willow quartz vertex delta summit.,,2006,3,,6,2.99,174,10.34,PG,2025-12-20 16:46:43,Summit willow delta vertex pulse meridian.
29,Meridian willow pulse harbor vector ember.,Orbit flux nova prism summit summit cascade summit meridian signal cascade.,2006,4,2,3,2.99,152,11.75,NC-17,2026-03-23 00:59:34,
30,Orbit orbit harbor orbit alpha alpha pulse zenith ember meridian.,Summit quartz delta vector ember meridian signal.,2006,3,1,6,0.99,89,23.97,PG,2025-12-28 00:50:14,Meridian harbor matrix cascade harbor summit zenith prism beacon summit prism.
31,Flux signal beacon matrix meridian signal zenith beacon.,Delta meridian cascade vertex signal vector alpha.,2006,3,,7,2.99,131,14.73,PG-13,2025-08-04 12:14:00,Matrix signal vertex vertex alpha ember orbit quartz alpha.
32,Prism flux meridian ember pulse alpha meridian flux alpha.,Signal willow flux summit matrix nova summit pulse delta.,2006,6,,3,2.99,78,23.9,PG,2025-07-10 00:58:45,Alpha vertex willow signal nova beacon harbor matrix alpha.
33,Beacon cascade signal ember zenith delta zenith quartz beacon flux zenith.,Orbit vertex nova zenith harbor vertex orbit willow delta flux zenith.,2006,6,,7,4.99,134,12.75,PG-13,2025-05-02 12:24:28,
34,Summit signal nova ember pulse prism prism beacon harbor alpha vertex ember.,Meridian harbor vector meridian meridian meridian signal signal summit.,2006,6,,3,4.99,145,12.56,PG,2025-12-28 16:52:11,Quartz ember matrix zenith nova cascade nova prism delta zenith.
35,Flux matrix zenith meridian zenith vertex matrix summit harbor vector pulse flux.,Prism delta pulse orbit willow meridian prism.,2006,3,1,7,2.99,135,28.07,G,2025-03-07 11:39:57,Vector orbit willow cascade alpha ember pulse.
36,Summit alpha beacon ember ember delta matrix summit.,Quartz harbor prism alpha ember flux zenith flux willow willow.,2006,2,1,3,2.99,132,22.66,PG,2025-03-05 00:36:35,Harbor summit vector summit pulse quartz nova.
37,Flux harbor vertex zenith harbor delta matrix quartz signal.,Orbit signal meridian vertex vertex vector summit nova summit willow flux orbit.,2006,4,2,6,4.99,65,28.2,PG-13,2025-10-20 13:01:36,Signal vector flux delta matrix ember prism beacon.
38,Pulse orbit matrix ember zenith harbor alpha vector beacon alpha signal.,Matrix beacon matrix flux vector vertex.,2006,1,,6,4.99,146,13.39,PG,2026-03-24 06:55:29,Beacon pulse willow meridian pulse vertex.
39,Quartz signal beacon zenith orbit cascade pulse orbit orbit.,Matrix alpha alpha quartz beacon beacon meridian.,2006,6,,4,2.99,174,29.78,PG,2026-03-02 07:44:55,Zenith vertex vector quartz meridian delta prism ember cascade nova quartz matrix.
40,Nova flux alpha vector quartz pulse flux ember.,Matrix matrix vertex ember orbit meridian zenith orbit.,2006,6,6,3,2.99,120,11.72,R,2025-10-06 21:43:00,Ember vertex pulse pulse delta quartz.
41,Matrix ember orbit cascade prism meridian beacon alpha pulse harbor flux.,Nova vertex summit prism vertex delta matrix summit.,2006,2,,3,0.99,60,12.91,R,2025-07-31 01:19:32,Harbor prism meridian nova zenith harbor nova zenith ember pulse willow quartz.
42,Prism ember vector alpha cascade harbor pulse pulse.,Alpha summit signal quartz zenith beacon harbor.,2006,6,3,5,0.99,173,10.15,PG-13,2025-12-28 11:11:50,Vector signal willow beacon meridian signal nova vertex matrix zenith prism signal.
43,Ember summit vector ember signal nova orbit nova.,Nova orbit vector alpha willow summit orbit willow.,2006,2,5,5,0.99,147,15.22,R,2025-07-28 16:29:07,Summit vertex nova quartz willow zenith delta zenith delta pulse summit vertex.
44,Orbit orbit cascade nova delta quartz harbor nova willow beacon matrix willow.,Matrix beacon nova prism willow vertex alpha matrix flux zenith flux vector.,2006,5,,5,4.99,69,18.11,R,2025-11-09 12:58:22,
45,Prism cascade flux prism orbit cascade.,Zenith meridian quartz vertex prism cascade prism signal flux vertex.,2006,1,1,7,2.99,163,21.11,PG,2026-04-15 09:54:34,Harbor meridian pulse orbit matrix vertex quartz willow prism prism orbit.
46,Orbit pulse harbor flux ember orbit.,Zenith signal ember zenith pulse nova prism orbit vector willow harbor.,2006,5,,4,4.99,177,20.02,G,2025-07-11 20:56:01,Harbor alpha willow matrix summit alpha beacon signal summit cascade beacon.
47,Orbit prism vector flux harbor beacon willow zenith vertex ember quartz.,Matrix ember ember vertex summit alpha.,2006,6,,5,2.99,72,20.21,R,2026-06-12 14:59:41,Matrix harbor cascade signal nova orbit.
48,Cascade signal delta signal willow vertex summit alpha ember beacon signal vertex.,Flux meridian pulse pulse meridian cascade.,2006,2,1,3,4.99,147,19.69,R,2026-06-28 23:37:17,Nova vector ember alpha willow matrix matrix pulse pulse beacon.
49,Meridian summit signal harbor flux quartz harbor alpha.,Alpha orbit cascade meridian quartz delta ember.,2006,2,5,4,2.99,86,27.5,PG-13,2025-09-12 15:03:33,Vector orbit prism nova matrix beacon vertex.
50,Summit prism beacon pulse ember matrix.,Orbit orbit nova quartz flux signal signal willow harbor harbor.,2006,3,4,3,2.99,134,29.01,PG-13,2025-12-22 05:44:24,Meridian vector harbor signal orbit matrix orbit quartz willow alpha.
51,Nova harbor cascade beacon quartz signal vertex meridian zenith cascade vector.,Flux ember willow vector harbor cascade ember prism.,2006,5,,4,2.99,109,17.2,PG-13,2025-01-21 16:26:44,Vector signal pulse summit meridian harbor cascade beacon signal ember summit.
52,Beacon ember willow beacon meridian nova orbit.,Nova pulse matrix beacon willow delta summit summit nova quartz vertex flux.,2006,5,3,5,0.99,78,29.61,G,2025-11-24 13:51:36,
53,Quartz ember nova willow quartz prism vector.,Vector ember harbor summit quartz zenith flux zenith prism.,2006,1,2,4,4.99,163,20.68,R,2026-01-10 08:13:39,
54,Ember quartz willow harbor pulse matrix flux quartz zenith orbit.,Signal prism delta flux matrix pulse cascade.,2006,3,5,5,0.99,63,19.23,G,2025-05-14 22:15:30,
55,Cascade quartz pulse vertex meridian cascade summit willow vector meridian vector alpha.,Pulse ember ember delta zenith cascade nova.,2006,2,6,6,2.99,127,21.26,R,2026-01-12 19:25:12,
56,Pulse ember vector quartz orbit quartz meridian nova quartz meridian.,Nova meridian willow cascade beacon matrix.,2006,3,,5,4.99,161,12.66,R,2026-02-24 07:38:55,Vertex beacon signal ember alpha delta vertex delta.
57,Nova vertex signal nova vector signal cascade beacon.,Cascade flux willow flux vertex delta harbor flux flux.,2006,4,,5,2.99,159,25.52,G,2025-04-26 00:32:12,Ember harbor summit signal matrix alpha alpha vector summit harbor.
58,Nova vertex quartz matrix matrix beacon alpha meridian nova vertex meridian vertex.,Prism zenith vertex prism delta willow meridian matrix pulse delta meridian zenith.,2006,1,6,4,4.99,135,17.11,PG,2026-03-10 06:00:20,
59,Alpha flux prism signal meridian cascade alpha.,,2006,3,,5,0.99,89,26.29,PG,2025-05-04 20:35:35,
60,Meridian vector zenith vertex quartz pulse alpha delta meridian prism vector prism.,,2006,5,4,4,2.99,173,27.25,R,2026-01-11 03:51:29,
61,Prism willow quartz summit pulse signal quartz zenith matrix beacon signal.,Flux signal matrix orbit quartz signal cascade.,2006,5,,5,2.99,78,18.17,PG,2025-02-10 05:48:54,Orbit orbit cascade orbit ember nova zenith zenith pulse alpha quartz willow.
62,Alpha nova prism signal vertex vector alpha beacon cascade willow pulse willow.,,2006,1,3,7,0.99,93,19.96,G,2025-01-23 19:16:54,Pulse beacon quartz ember beacon ember harbor vertex pulse.
63,Pulse delta ember vector alpha beacon ember ember orbit.,,2006,5,,5,4.99,67,21.88,PG-13,2025-06-11 15:13:15,Signal pulse summit ember harbor alpha orbit delta cascade.
64,Vector matrix alpha ember ember orbit.,Cascade delta cascade matrix delta beacon.,2006,1,,6,0.99,73,16.2,R,2025-12-14 17:59:17,Summit beacon ember alpha beacon nova beacon delta flux pulse.
65,Harbor signal delta flux pulse beacon meridian delta.,Ember harbor matrix harbor vector flux vector.,2006,4,,5,4.99,71,29.13,PG,2025-10-07 11:33:33,Meridian zenith nova cascade harbor alpha flux harbor willow.
66,Zenith quartz summit harbor flux meridian delta vertex orbit nova vertex vector.,,2006,4,,7,0.99,180,12.87,NC-17,2025-10-24 05:32:57,Nova pulse matrix meridian summit orbit vector alpha ember flux.
67,Quartz prism alpha summit nova zenith quartz prism zenith summit.,Pulse harbor vector signal flux willow nova signal meridian pulse ember.,2006,4,5,5,0.99,124,17.89,PG-13,2026-01-16 15:35:51,
68,Meridian summit harbor flux vertex delta.,Signal summit summit beacon nova delta vertex delta.,2006,1,,3,2.99,100,11.44,PG-13,2025-05-23 14:25:12,Cascade cascade prism nova orbit signal flux vector beacon orbit.
69,Orbit willow signal signal meridian ember delta flux orbit ember prism.,Flux vertex matrix vector summit meridian pulse delta summit cascade.,2006,5,2,3,0.99,70,27.23,PG,2025-06-19 15:49:37,Vector beacon quartz signal matrix orbit alpha signal beacon summit.
70,Harbor prism summit harbor nova alpha vector willow signal prism nova.,Alpha alpha beacon cascade quartz pulse flux.,2006,6,,5,2.99,87,14.78,PG,2025-09-09 04:07:39,
71,Orbit prism ember signal pulse prism willow vertex.,Flux matrix flux vertex vertex zenith summit signal.,2006,5,6,4,0.99,88,19.05,PG-13,2025-04-27 19:28:56,Cascade orbit zenith willow meridian zenith vertex prism zenith alpha vector.
72,Orbit pulse vertex zenith ember beacon cascade.,Quartz beacon vertex meridian signal signal flux.,2006,4,2,7,4.99,77,24.89,PG-13,2025-10-19 06:12:34,Ember quartz vector pulse beacon pulse signal meridian matrix.
73,Matrix delta ember ember nova signal meridian vector meridian.,Zenith prism prism matrix ember harbor zenith.,2006,6,,7,0.99,61,11.82,PG,2026-02-01 05:49:12,
74,Quartz harbor ember summit quartz prism.,Vertex flux quartz ember harbor zenith harbor orbit cascade harbor willow zenith.,2006,1,6,5,4.99,111,18.53,PG-13,2025-10-18 23:41:39,
75,Prism meridian vertex signal cascade nova willow willow flux quartz signal.,Vertex flux vector beacon flux matrix matrix.,2006,2,,7,2.99,98,18.68,NC-17,2026-06-24 06:41:08,Vector pulse meridian harbor pulse meridian flux nova willow.
76,Beacon nova beacon vertex vector beacon pulse matrix matrix.,Quartz beacon ember summit summit alpha willow alpha orbit willow zenith.,2006,4,,7,0.99,134,28.19,PG-13,2026-05-18 13:09:19,Willow meridian harbor delta harbor summit summit delta alpha.
77,Meridian harbor willow harbor delta flux vector meridian.,Zenith vertex matrix willow willow matrix matrix cascade.,2006,5,,6,0.99,103,18.68,PG-13,2025-01-21 12:01:31,
78,Signal vertex matrix summit flux signal.,Meridian vertex flux matrix pulse zenith beacon willow beacon orbit.,2006,5,,4,0.99,84,12.54,PG-13,2025-07-05 04:52:16,
79,Zenith matrix delta delta quartz ember orbit orbit ember quartz.,Ember alpha alpha willow signal beacon ember delta alpha alpha orbit.,2006,6,5,4,0.99,117,24.46,PG-13,2025-09-22 01:40:07,Vector matrix delta prism vector cascade.
80,Delta delta summit ember cascade summit signal orbit willow.,Quartz vector ember alpha summit matrix alpha.,2006,5,6,4,2.99,149,14.83,R,2026-04-16 03:42:37,
81,Zenith quartz pulse signal ember flux zenith signal.,Ember beacon zenith nova zenith summit summit flux vertex willow.,2006,6,1,5,2.99,111,11.82,PG,2026-05-21 14:00:48,
82,Beacon summit vertex signal delta prism signal beacon zenith beacon.,,2006,3,2,4,0.99,115,25.23,PG-13,2026-02-21 00:27:48,Alpha meridian matrix matrix harbor vertex signal.
83,Summit zenith nova matrix cascade summit prism orbit.,Prism signal vector orbit willow quartz willow harbor willow.,2006,3,1,3,0.99,122,10.25,G,2026-06-26 10:02:32,Zenith orbit pulse prism alpha vertex vertex alpha.
84,Matrix vector orbit flux cascade flux nova harbor delta.,Zenith quartz harbor summit prism signal vertex zenith quartz summit.,2006,4,,5,2.99,175,12.23,R,2025-02-26 18:10:49,Signal vector delta quartz cascade orbit pulse delta.
85,Willow prism signal delta vertex summit zenith.,Matrix pulse flux cascade cascade pulse alpha cascade vertex quartz prism.,2006,1,2,6,0.99,166,13.24,PG-13,2025-06-12 00:37:05,Matrix pulse alpha quartz orbit beacon ember delta delta delta vertex.
86,Harbor nova flux orbit harbor cascade vector orbit ember.,Nova summit summit harbor willow signal harbor.,2006,1,4,3,2.99,134,26.46,G,2025-09-09 06:49:23,
87,Quartz beacon quartz harbor alpha delta summit pulse willow flux.,Matrix meridian signal alpha vector beacon pulse.,2006,5,,7,4.99,127,27.69,PG-13,2025-10-18 17:27:08,Flux nova beacon cascade vector vector vertex meridian summit delta.
88,Signal pulse nova signal meridian flux.,Matrix alpha ember zenith orbit vector.,2006,4,,4,4.99,155,12.56,R,2025-09-30 10:36:48,
89,Willow nova signal harbor prism ember.,Pulse harbor meridian quartz matrix zenith signal zenith ember willow pulse.,2006,4,,6,2.99,101,29.27,PG,2025-12-31 13:59:06,Willow vertex pulse pulse zenith prism harbor.
90,Ember alpha vertex zenith delta summit vertex orbit.,,2006,5,,3,2.99,142,16.44,PG,2025-04-24 21:35:41,Willow summit beacon orbit willow vertex delta vertex meridian vertex nova.
91,Flux delta quartz meridian quartz alpha summit matrix.,Orbit nova summit matrix orbit nova beacon delta prism nova.,2006,1,6,6,4.99,70,28.65,G,2025-02-22 18:00:40,
92,Nova harbor quartz willow nova flux ember willow delta pulse.,Orbit nova delta beacon beacon vector willow cascade zenith.,2006,3,1,6,0.99,124,19.4,R,2025-09-14 15:21:06,
93,Nova ember prism meridian delta willow meridian ember ember flux prism.,Nova quartz summit ember alpha meridian.,2006,2,,5,4.99,111,26.74,PG-13,2025-12-13 09:17:39,
94,Zenith matrix quartz meridian signal matrix cascade.,Flux delta matrix alpha signal nova summit cascade summit matrix.,2006,3,2,7,0.99,63,10.54,PG-13,2025-04-23 02:38:50,
95,Summit zenith harbor summit nova cascade pulse prism cascade beacon.,Matrix matrix quartz vertex summit beacon.,2006,1,,3,4.99,73,26.51,R,2025-07-02 07:30:20,
96,Delta ember willow nova quartz meridian willow ember prism alpha harbor zenith.,Meridian flux willow beacon flux vertex summit vector zenith.,2006,3,,4,2.99,68,15.92,PG-13,2026-02-01 01:14:16,
97,Quartz nova delta harbor vector willow signal meridian cascade.,Cascade pulse pulse vector meridian nova ember meridian zenith vertex.,2006,1,,4,0.99,175,27.68,R,2025-05-01 12:12:49,Zenith matrix ember vector prism summit vertex vertex alpha willow.
98,Beacon signal beacon harbor summit delta ember willow harbor flux beacon.,Vector matrix willow delta willow flux willow.,2006,4,5,3,2.99,99,24.67,PG,2026-01-20 10:11:21,Quartz willow nova delta alpha signal delta zenith orbit flux vertex.
99,Signal vertex harbor delta beacon cascade quartz vertex.,,2006,1,2,7,4.99,78,27.57,PG-13,2025-06-10 20:29:56,
100,Vertex ember beacon ember alpha summit zenith flux nova orbit delta flux.,Ember pulse cascade vector alpha orbit vector willow willow cascade.,2006,5,4,3,0.99,145,22.99,G,2025-03-28 18:57:16,
101,Summit prism matrix beacon flux pulse alpha orbit quartz harbor prism beacon.,Harbor quartz prism vertex prism pulse ember vector.,2006,5,,4,2.99,118,15.2,R,2026-05-11 21:53:49,Cascade delta meridian orbit alpha pulse vertex.
102,Delta cascade zenith harbor signal cascade quartz pulse.,Vertex signal willow ember ember orbit alpha matrix ember meridian signal.,2006,1,2,7,4.99,152,17.15,R,2025-08-04 23:20:46,Zenith ember matrix pulse flux willow delta zenith summit zenith meridian.
103,Delta quartz quartz pulse pulse beacon pulse flux harbor harbor harbor.,Vertex matrix signal ember pulse cascade flux nova ember beacon cascade.,2006,5,2,3,2.99,174,23.69,PG,2025-11-21 18:16:41,
104,Nova orbit summit orbit delta quartz zenith.,Willow cascade quartz matrix ember delta delta pulse vector.,2006,3,5,4,2.99,155,18.91,NC-17,2025-04-12 15:06:34,Meridian pulse signal ember willow nova flux beacon.
105,Meridian orbit harbor ember summit delta flux summit prism willow.,Ember vector willow summit meridian prism orbit.,2006,6,1,5,0.99,63,12.87,R,2025-09-09 15:08:11,Delta quartz summit prism zenith cascade beacon orbit meridian pulse zenith willow.
106,Beacon orbit cascade matrix orbit harbor.,Beacon cascade signal prism cascade willow orbit nova willow.,2006,6,4,3,2.99,147,17.45,PG,2026-01-25 05:38:26,Vertex pulse matrix meridian matrix zenith ember prism willow vector pulse matrix.
107,Meridian signal vertex delta quartz ember delta zenith cascade pulse meridian ember.,Alpha cascade flux pulse flux prism cascade orbit zenith quartz ember vertex.,2006,5,,6,0.99,110,13.64,G,2026-06-20 16:05:17,Summit prism alpha harbor flux alpha signal meridian.
108,Nova prism quartz vector prism beacon.,Summit cascade alpha willow pulse signal summit pulse vertex signal.,2006,2,,4,0.99,152,18.63,NC-17,2025-08-21 14:37:44,
109,Pulse willow matrix delta vertex willow pulse zenith prism.,Matrix prism zenith summit prism summit vertex pulse vector.,2006,5,,6,2.99,95,27.49,PG-13,2025-03-04 19:02:09,Summit delta pulse signal delta beacon willow willow meridian vertex cascade.
110,Ember flux flux prism prism zenith zenith orbit alpha summit zenith quartz.,Vector ember alpha nova vector harbor meridian summit delta prism.,2006,6,,6,0.99,115,17.46,PG-13,2026-03-27 22:56:11,Vector meridian pulse signal zenith cascade meridian matrix vertex summit pulse.
111,Cascade matrix quartz flux beacon meridian matrix meridian vector cascade cascade.,Cascade pulse nova flux willow willow signal signal pulse.,2006,2,6,7,4.99,106,29.76,NC-17,2026-06-17 15:47:48,
112,Harbor harbor cascade meridian quartz flux signal zenith harbor matrix vector.,Meridian harbor signal alpha quartz vertex prism zenith summit alpha.,2006,4,6,5,4.99,178,24.82,PG-13,2026-01-14 11:22:51,
113,Flux vector delta matrix beacon zenith.,,2006,6,,4,4.99,166,13.51,PG-13,2025-11-17 00:57:11,
114,Nova quartz pulse quartz cascade ember harbor matrix harbor harbor prism matrix.,Zenith flux vertex flux quartz quartz alpha signal nova.,2006,5,,6,2.99,101,25.32,R,2025-02-05 05:05:14,Orbit orbit vertex cascade pulse quartz.
115,Alpha willow vector beacon flux prism harbor pulse vector.,,2006,4,4,4,2.99,66,25.43,PG,2026-02-09 15:52:06,
116,Meridian vertex pulse matrix matrix vertex harbor alpha nova quartz willow flux.,,2006,5,,6,2.99,127,15.78,PG-13,2026-06-28 15:18:20,Quartz delta orbit summit summit cascade cascade.
117,Flux vertex meridian beacon vertex prism.,,2006,3,,4,2.99,101,25.94,R,2025-09-02 04:45:45,Matrix ember beacon quartz cascade nova summit alpha harbor.
118,Prism harbor quartz signal vector beacon cascade zenith.,Ember cascade ember nova meridian vertex delta orbit signal vertex cascade.,2006,1,4,7,4.99,83,16.86,NC-17,2025-08-22 07:44:00,
119,Flux ember orbit vector harbor cascade beacon beacon orbit flux.,Orbit flux alpha matrix matrix willow vertex vertex nova cascade.,2006,6,,3,0.99,152,14.27,R,2025-10-21 01:56:07,Quartz vector flux beacon orbit flux orbit ember vector zenith.
120,Vertex matrix ember willow vector quartz summit.,Meridian nova orbit ember orbit delta matrix meridian matrix harbor vector.,2006,4,2,4,2.99,108,27.88,PG,2025-09-11 16:31:48,Matrix summit vector zenith alpha flux willow meridian prism vector flux vertex.
121,Flux summit beacon harbor ember beacon signal ember vertex.,Summit beacon nova prism beacon cascade summit zenith alpha nova.,2006,3,1,5,2.99,164,21.91,PG,2025-12-02 21:15:56,Summit cascade quartz meridian matrix matrix alpha.
122,Delta quartz cascade willow ember orbit summit quartz.,Summit pulse alpha nova delta willow signal summit prism.,2006,2,,5,4.99,173,27.68,PG-13,2025-08-13 11:58:18,
123,Harbor orbit matrix delta vertex delta vector orbit meridian.,,2006,3,1,7,2.99,169,27.2,R,2025-03-16 05:21:20,
124,Orbit willow delta cascade harbor matrix.,Alpha nova pulse willow cascade beacon ember vector.,2006,4,3,4,0.99,98,21.23,R,2026-06-04 12:15:39,Cascade beacon alpha summit harbor alpha vector nova harbor summit orbit.
125,Quartz flux flux pulse meridian ember quartz zenith vertex flux.,,2006,2,1,4,4.99,79,16.11,PG,2025-02-12 14:38:42,Nova matrix flux ember nova ember willow.
126,Harbor cascade willow summit flux signal.,Alpha delta zenith vertex zenith cascade nova flux orbit beacon.,2006,2,5,6,2.99,65,15.06,PG-13,2026-06-26 02:04:29,Matrix pulse harbor zenith harbor flux orbit zenith willow cascade meridian beacon.
127,Orbit nova meridian meridian beacon willow cascade alpha vertex prism vertex cascade.,Alpha vertex quartz cascade harbor vertex.,2006,5,1,7,2.99,121,21.77,PG,2025-05-08 06:29:29,
128,Meridian vertex alpha flux quartz nova beacon quartz ember matrix.,Harbor zenith quartz flux pulse willow cascade willow meridian pulse nova vertex.,2006,2,4,4,4.99,105,19.53,R,2025-07-16 02:23:50,Ember cascade delta beacon cascade vector zenith beacon pulse beacon harbor.
129,Orbit alpha vertex signal summit harbor prism delta harbor.,,2006,3,,3,4.99,120,17.55,NC-17,2025-04-14 20:37:45,Beacon matrix signal zenith flux alpha vertex ember signal matrix zenith.
130,Cascade delta quartz meridian nova prism zenith summit signal nova prism orbit.,Matrix matrix summit quartz meridian zenith flux.,2006,3,,3,2.99,110,20.5,PG-13,2026-01-25 01:39:46,
131,Matrix vertex cascade flux zenith nova flux orbit cascade harbor flux.,Harbor summit ember beacon quartz beacon willow prism nova alpha zenith harbor.,2006,1,,6,4.99,142,26.66,PG,2025-03-09 19:16:43,Quartz prism alpha harbor cascade flux matrix zenith vertex zenith ember.
132,Prism cascade meridian summit delta matrix nova alpha delta.,Alpha harbor matrix delta willow vector zenith ember willow matrix nova zenith.,2006,2,2,3,0.99,154,11.82,PG-13,2025-03-11 18:25:50,Zenith zenith quartz matrix cascade summit summit orbit.
133,Vertex cascade ember pulse orbit alpha matrix flux signal meridian.,Quartz flux zenith nova meridian summit willow harbor vector cascade.,2006,4,,7,2.99,125,16.58,PG-13,2026-06-23 01:47:49,Orbit nova meridian harbor zenith zenith meridian matrix signal flux.
134,Meridian ember orbit delta delta pulse meridian cascade alpha.,Ember cascade nova beacon nova vertex vertex ember summit willow nova.,2006,1,,5,4.99,136,21.41,PG-13,2025-07-30 00:46:27,Matrix summit vertex zenith beacon ember quartz orbit willow.
135,Zenith vector summit nova signal vertex matrix matrix flux willow signal summit.,Matrix beacon signal quartz beacon summit pulse flux delta orbit.,2006,4,2,3,0.99,151,13.63,PG-13,2025-02-15 12:23:48,Summit matrix delta vector signal signal signal harbor pulse prism vector harbor.
136,Delta cascade quartz prism harbor zenith signal.,Pulse orbit zenith beacon pulse zenith prism meridian.,2006,5,1,6,0.99,65,10.53,G,2026-01-24 09:43:31,Meridian nova flux flux prism cascade prism vector.
137,Flux orbit signal ember willow meridian vertex nova.,Vector matrix harbor orbit meridian vector pulse matrix nova quartz.,2006,6,1,3,0.99,106,10.77,R,2025-10-05 02:34:24,Prism willow delta summit vertex matrix willow beacon zenith flux ember.
138,Nova willow willow signal beacon nova.,Meridian summit beacon pulse cascade orbit delta willow quartz harbor harbor flux.,2006,3,4,6,0.99,123,22.75,NC-17,2025-02-12 13:55:03,Cascade harbor ember quartz delta vector pulse harbor alpha zenith beacon harbor.
139,Vertex pulse beacon alpha delta zenith.,Flux delta pulse beacon ember signal quartz pulse beacon prism nova orbit.,2006,6,,6,0.99,141,22.96,PG,2025-04-14 10:13:18,Harbor harbor signal ember pulse cascade quartz flux pulse quartz.
140,Alpha quartz willow nova alpha cascade.,Ember signal meridian vertex signal zenith willow.,2006,3,6,3,2.99,68,20.38,R,2026-02-01 07:59:44,Zenith summit orbit quartz harbor beacon summit pulse matrix.
141,Orbit summit beacon cascade beacon cascade vertex prism prism quartz quartz.,Vertex orbit nova alpha meridian orbit zenith willow signal orbit quartz.,2006,6,3,7,0.99,161,19.06,R,2025-01-07 12:28:27,
142,Quartz nova willow orbit orbit ember.,Beacon pulse cascade cascade zenith ember.,2006,2,,7,0.99,142,16.5,PG-13,2025-03-03 22:17:37,
143,Orbit orbit alpha vector flux willow signal willow nova summit quartz.,Matrix signal cascade orbit flux harbor prism signal prism pulse pulse cascade.,2006,3,4,5,0.99,115,10.53,PG-13,2026-02-05 08:57:52,Cascade delta quartz orbit nova flux.
144,Harbor harbor zenith delta zenith vertex summit pulse.,Alpha cascade harbor pulse beacon ember harbor matrix prism vector.,2006,2,2,4,2.99,103,27.59,PG,2025-06-19 08:01:28,Prism zenith alpha alpha flux willow orbit beacon matrix.
145,Matrix delta zenith cascade meridian vector signal nova meridian.,,2006,2,2,5,0.99,173,25.03,G,2025-10-18 09:35:39,
146,Orbit alpha meridian vector beacon signal.,Vertex beacon meridian ember cascade vector zenith prism delta.,2006,6,6,6,2.99,163,15.19,R,2025-10-04 23:04:37,
147,Harbor prism nova signal vertex willow delta prism.,Pulse delta signal delta flux cascade delta ember willow vector alpha pulse.,2006,5,1,3,2.99,175,15.71,R,2026-02-13 16:08:51,Ember signal delta nova delta summit meridian flux.
148,Vector matrix summit beacon flux ember vector meridian harbor.,Nova beacon prism flux vertex beacon signal alpha prism.,2006,5,,6,4.99,176,24.54,PG-13,2025-11-25 15:38:40,Summit vertex summit summit flux delta.
149,Flux cascade vector orbit pulse willow ember pulse summit summit.,Zenith harbor quartz prism pulse willow prism harbor nova ember.,2006,4,,7,2.99,167,20.65,PG-13,2025-03-15 04:37:31,Orbit signal delta orbit signal meridian flux orbit harbor meridian.
150,Pulse vertex signal summit harbor orbit.,Orbit vertex harbor summit quartz summit flux meridian harbor prism.,2006,5,3,5,2.99,117,18.1,NC-17,2026-05-18 06:18:07,Willow prism harbor summit signal harbor zenith willow.
151,Cascade harbor quartz cascade harbor summit.,Vertex nova quartz nova prism quartz.,2006,2,,6,4.99,174,16.88,PG-13,2026-05-30 00:53:45,Meridian matrix matrix vertex orbit matrix meridian.
152,Delta nova ember vector quartz vector alpha.,Flux prism quartz meridian delta vector orbit vertex delta meridian signal ember.,2006,1,6,3,0.99,112,19.31,R,2025-11-14 00:12:03,Quartz flux nova ember willow beacon quartz summit vector summit.
153,Vector nova quartz summit prism vertex flux willow flux vertex pulse summit.,Signal ember vertex alpha cascade quartz matrix vector beacon.,2006,6,1,3,4.99,125,27.55,PG-13,2025-07-17 09:02:09,
154,Harbor zenith willow beacon meridian cascade delta ember summit.,Signal harbor summit flux delta prism meridian meridian cascade summit delta.,2006,2,,7,2.99,149,16.98,PG,2025-04-09 04:34:31,Delta vertex pulse vector zenith flux summit vertex ember orbit.
155,Cascade prism pulse ember harbor nova delta willow cascade delta ember quartz.,Cascade orbit nova ember cascade matrix alpha vertex vertex summit.,2006,6,,4,2.99,78,10.9,R,2025-02-28 22:23:21,Signal vector ember zenith vector pulse zenith beacon pulse.
156,Quartz flux matrix willow nova delta orbit.,Vector vertex quartz vector flux orbit signal alpha vertex.,2006,4,,6,2.99,125,26.36,R,2026-01-05 05:17:22,Ember vertex willow vertex orbit pulse signal summit harbor vertex.
157,Orbit pulse flux ember matrix orbit beacon.,Zenith flux quartz alpha vertex flux ember meridian cascade meridian.,2006,1,,3,4.99,123,20.32,PG-13,2025-09-13 22:33:24,
158,Willow summit prism orbit willow zenith matrix harbor willow vertex flux orbit.,Beacon alpha willow pulse vector quartz signal beacon prism.,2006,4,2,3,2.99,118,20.76,PG-13,2026-04-16 05:14:57,
159,Pulse prism prism nova cascade harbor.,Harbor ember vertex delta willow beacon willow vector ember.,2006,2,3,3,4.99,103,24.95,PG,2025-12-16 17:33:09,
160,Harbor flux summit cascade ember summit vector vertex alpha pulse signal.,Prism vertex beacon zenith matrix harbor summit quartz harbor beacon matrix harbor.,2006,1,,4,4.99,109,17.37,PG,2025-06-21 18:48:39,Vertex willow alpha prism pulse vertex meridian vertex matrix.
161,Ember prism cascade quartz vertex alpha ember zenith flux vertex.,Beacon willow alpha matrix harbor delta.,2006,4,2,3,2.99,88,18.54,R,2025-10-15 21:41:02,
162,Vector nova orbit delta delta pulse beacon harbor.,Quartz zenith meridian zenith summit matrix.,2006,5,4,4,2.99,96,24.32,R,2025-03-31 20:13:19,Prism pulse flux vector quartz ember.
163,Matrix meridian alpha vector ember vector zenith harbor matrix.,Cascade nova alpha quartz summit vertex ember.,2006,3,,4,0.99,79,11.65,PG,2025-06-23 04:11:12,
164,Flux ember ember willow matrix vector delta vector willow matrix alpha.,Delta orbit matrix summit harbor delta quartz meridian ember.,2006,2,6,5,0.99,139,11.28,R,2025-08-30 16:32:44,
165,Orbit ember matrix signal harbor beacon cascade zenith meridian.,Orbit cascade alpha willow signal flux beacon prism zenith.,2006,4,1,5,2.99,137,12.55,R,2026-03-02 21:49:38,Harbor signal ember prism prism delta vertex prism alpha zenith cascade.
166,Vertex ember signal vector alpha vector vector pulse.,Orbit beacon prism matrix willow vertex quartz vector matrix zenith.,2006,2,,7,4.99,128,20.66,PG-13,2025-04-30 21:27:31,Willow orbit pulse cascade zenith flux summit meridian vertex flux.
167,Signal summit willow pulse flux prism quartz.,Harbor harbor willow vector meridian beacon prism summit matrix matrix ember.,2006,5,,5,4.99,72,27.46,R,2026-01-25 01:39:15,Ember ember matrix zenith alpha alpha.
168,Nova beacon nova ember pulse flux cascade zenith delta signal ember harbor.,Matrix flux pulse ember prism zenith delta willow.,2006,3,,5,2.99,121,15.49,PG-13,2025-11-29 13:14:59,
169,Beacon matrix pulse meridian ember meridian meridian matrix prism willow.,Signal pulse beacon harbor ember signal.,2006,5,4,7,2.99,97,23.36,PG-13,2025-07-22 07:41:35,Orbit ember matrix pulse prism zenith quartz meridian zenith.
170,Beacon beacon prism alpha flux prism vector vector zenith vector pulse.,Ember orbit nova vertex vector summit zenith.,2006,2,,5,0.99,75,15.84,NC-17,2026-04-24 02:22:34,Delta prism willow ember orbit beacon zenith alpha flux.
171,Quartz cascade quartz summit delta harbor.,Harbor quartz orbit beacon vector pulse summit summit.,2006,2,,4,2.99,122,12.52,G,2025-01-07 16:56:22,Cascade alpha flux zenith harbor prism vector alpha prism.
172,Quartz harbor signal ember ember alpha cascade zenith beacon.,Delta matrix signal signal orbit signal prism willow meridian nova beacon.,2006,6,1,6,4.99,177,12.06,PG-13,2025-04-13 11:08:28,Vertex matrix zenith quartz signal ember orbit delta alpha summit delta.
173,Meridian cascade flux ember nova signal nova orbit vertex quartz.,Meridian prism ember signal meridian pulse.,2006,1,4,5,2.99,114,25.44,R,2026-03-17 02:37:19,Harbor signal delta vertex orbit meridian pulse.
174,Harbor beacon vector signal nova zenith willow.,Signal zenith ember zenith harbor ember vector alpha delta willow.,2006,4,6,6,0.99,156,25.99,NC-17,2025-01-09 10:06:29,Flux harbor orbit pulse delta delta meridian meridian vector prism alpha prism.
175,Nova pulse ember quartz cascade beacon.,Alpha zenith flux prism nova beacon cascade alpha alpha vector.,2006,5,4,4,0.99,171,24.01,PG-13,2025-12-19 10:13:19,Meridian summit vector vector vector prism.
176,Summit meridian vertex delta quartz alpha summit delta delta willow.,Harbor harbor meridian alpha signal vertex signal.,2006,1,,4,2.99,128,20.95,R,2025-01-10 00:01:17,Zenith quartz zenith vertex alpha harbor cascade orbit meridian summit zenith pulse.
177,Matrix cascade nova flux willow signal.,Summit meridian vector summit delta nova ember vector vector summit nova.,2006,2,,6,2.99,174,26.54,R,2025-05-07 13:51:35,Ember beacon summit delta flux delta harbor summit signal delta delta cascade.
178,Ember ember alpha orbit quartz alpha matrix.,Vector meridian vector vertex willow flux zenith summit pulse alpha vertex.,2006,5,2,7,4.99,97,27.24,PG-13,2026-02-15 15:21:35,Ember vector pulse meridian quartz vertex summit willow nova.
179,Pulse meridian ember prism summit ember.,,2006,1,,7,0.99,171,14.71,R,2026-04-20 14:32:14,Willow summit pulse signal vertex cascade pulse pulse prism prism zenith.
180,Summit matrix orbit ember matrix harbor pulse delta signal.,Matrix zenith vector alpha alpha signal cascade.,2006,3,3,6,4.99,152,27.81,R,2026-03-01 06:23:12,
181,Alpha delta nova zenith vector alpha cascade alpha matrix orbit beacon quartz.,Harbor prism pulse prism matrix vector zenith vertex cascade flux.,2006,2,6,5,0.99,67,29.43,PG-13,2026-06-06 09:04:04,Cascade orbit vertex alpha orbit orbit.
182,Willow orbit harbor flux ember willow alpha quartz orbit signal beacon.,Nova ember pulse beacon summit alpha.,2006,1,5,4,4.99,122,12.41,R,2025-09-27 22:37:25,Pulse summit orbit meridian pulse ember pulse beacon.
183,Nova signal meridian meridian flux prism.,Beacon beacon nova beacon nova meridian willow summit.,2006,2,4,5,2.99,170,29.66,PG-13,2025-06-15 06:54:16,
184,Meridian signal cascade matrix willow pulse alpha matrix signal alpha delta nova.,,2006,5,3,6,0.99,101,21.08,NC-17,2025-02-01 06:37:27,Nova orbit ember vector ember summit beacon beacon.
185,Quartz signal zenith zenith pulse matrix flux delta beacon willow delta quartz.,Harbor vertex flux willow pulse prism harbor vector zenith meridian vector meridian.,2006,1,6,5,0.99,97,14.24,R,2026-03-11 17:31:46,Prism orbit nova delta zenith summit cascade beacon prism willow signal matrix.
186,Willow cascade cascade pulse prism beacon matrix vector flux beacon willow ember.,Prism flux beacon signal flux meridian cascade zenith beacon.,2006,3,,3,0.99,166,16.93,NC-17,2026-02-13 14:29:58,Willow vector quartz delta summit orbit orbit.
187,Cascade quartz matrix matrix beacon orbit delta flux willow.,Prism alpha cascade harbor ember summit meridian zenith orbit zenith alpha.,2006,2,4,5,0.99,161,24.29,R,2025-05-23 10:37:43,
188,Harbor matrix summit vector prism vector meridian.,Harbor zenith vector ember vertex signal vector signal willow.,2006,3,2,6,2.99,112,13.43,PG,2026-03-11 20:11:56,Vector ember ember beacon summit meridian nova quartz matrix harbor.
189,Zenith pulse vector cascade cascade vector alpha ember willow prism.,Prism orbit willow prism flux prism ember nova pulse cascade.,2006,6,,5,0.99,179,29.8,PG-13,2026-04-28 20:50:36,
190,Nova ember delta vertex orbit matrix meridian zenith.,,2006,3,,3,2.99,175,10.06,R,2025-01-21 12:28:05,Flux quartz meridian pulse vector zenith ember.
191,Harbor flux prism beacon ember prism.,Cascade delta pulse cascade willow matrix zenith flux summit zenith.,2006,3,5,3,2.99,65,20.9,PG-13,2025-07-23 15:41:18,Ember signal delta meridian harbor beacon orbit.
192,Zenith signal pulse flux summit willow willow summit summit.,,2006,5,,4,2.99,61,20.65,PG,2025-09-24 22:00:52,Zenith alpha prism zenith vector quartz beacon quartz.
193,Prism alpha quartz delta flux matrix nova signal willow.,Orbit beacon meridian meridian delta willow vector vector.,2006,2,4,5,4.99,67,13.54,G,2025-01-03 09:55:48,Ember signal harbor harbor zenith harbor meridian nova.
194,Zenith vertex pulse quartz cascade zenith pulse pulse meridian orbit delta.,Willow matrix pulse ember meridian nova signal.,2006,3,,4,2.99,72,22.5,PG-13,2025-01-26 15:53:29,Delta vertex meridian signal signal vertex vertex harbor cascade.
195,Harbor matrix nova cascade vector willow beacon matrix meridian willow delta.,Vertex harbor alpha vertex ember cascade pulse ember.,2006,2,4,4,2.99,75,20.77,NC-17,2025-05-17 21:10:10,Zenith willow ember delta beacon ember matrix pulse vector cascade.
196,Zenith willow meridian meridian vector harbor.,Nova willow nova quartz vertex nova signal.,2006,2,,6,2.99,146,27.9,PG-13,2025-08-10 00:43:17,Zenith nova matrix prism quartz alpha nova quartz vertex pulse delta.
197,Pulse delta ember ember zenith harbor beacon harbor ember signal alpha harbor.,Alpha willow cascade vector prism alpha harbor signal prism.,2006,6,,3,4.99,97,10.44,R,2025-10-09 12:46:46,Beacon signal cascade cascade nova beacon delta vertex vector nova beacon prism.
198,Cascade ember alpha cascade matrix flux prism zenith flux orbit ember beacon.,Matrix vertex pulse nova alpha quartz vertex zenith flux signal flux vertex.,2006,3,6,3,4.99,162,15.92,PG-13,2025-08-10 22:26:25,Pulse delta flux delta prism zenith zenith delta vertex zenith.
199,Ember matrix prism ember alpha harbor flux summit harbor.,Zenith cascade pulse meridian signal pulse alpha prism cascade meridian.,2006,6,4,3,0.99,150,18.32,G,2025-09-17 09:20:54,Prism ember nova quartz signal signal signal zenith orbit prism beacon harbor.
200,Quartz meridian summit harbor nova harbor.,Matrix zenith zenith delta meridian pulse pulse matrix meridian.,2006,5,1,7,4.99,97,10.48,G,2025-02-02 01:25:03,Harbor summit ember orbit prism nova.
201,Orbit meridian beacon quartz flux signal vector cascade delta prism willow quartz.,,2006,6,,4,4.99,85,29.05,PG-13,2026-01-15 06:56:27,Pulse quartz orbit zenith quartz beacon willow ember zenith beacon summit.
202,Harbor vector beacon flux nova cascade willow meridian vertex nova.,Summit quartz summit pulse prism signal.,2006,1,,7,0.99,167,19.54,R,2025-06-14 14:36:58,Nova cascade beacon nova harbor zenith summit.
203,Matrix beacon harbor matrix harbor delta delta alpha.,Orbit flux zenith cascade meridian meridian beacon signal signal beacon flux summit.,2006,1,,5,0.99,110,17.42,R,2026-01-01 10:55:51,
204,Signal beacon vertex vector vector alpha ember nova willow.,,2006,2,5,7,2.99,155,20.54,PG-13,2025-08-16 17:21:36,Summit orbit orbit alpha willow nova beacon beacon delta zenith vector delta.
205,Zenith meridian cascade pulse cascade nova.,Willow pulse matrix vector willow delta meridian alpha harbor harbor.,2006,4,3,4,2.99,127,18.63,R,2026-02-11 01:06:09,Delta alpha summit ember matrix delta.
206,Harbor alpha orbit beacon ember matrix orbit pulse meridian vertex alpha beacon.,,2006,3,,4,2.99,104,22.41,NC-17,2025-10-13 17:47:14,
207,Beacon beacon prism signal meridian quartz beacon.,Orbit delta vertex alpha harbor quartz cascade pulse prism.,2006,5,,7,2.99,65,19,R,2025-06-27 17:37:00,
208,Vertex summit ember signal vector nova beacon.,Nova matrix harbor quartz harbor matrix alpha.,2006,2,,7,0.99,134,28.38,PG-13,2025-12-18 01:47:45,
209,Ember signal cascade matrix signal willow prism harbor.,Nova vertex harbor vector signal matrix pulse harbor.,2006,4,,6,2.99,154,13.73,R,2025-10-31 23:37:48,Harbor willow ember zenith matrix delta orbit beacon delta alpha delta.
210,Vector matrix delta orbit quartz cascade.,Nova matrix vertex signal meridian flux harbor zenith prism.,2006,2,1,3,2.99,67,11.19,PG,2025-09-05 22:26:01,Signal delta matrix prism alpha vertex vector meridian harbor signal vertex cascade.
211,Meridian matrix vector orbit prism willow vector matrix flux.,Delta delta flux cascade delta cascade vector matrix harbor vector.,2006,1,,4,4.99,165,14.8,R,2026-06-20 12:32:53,Summit quartz harbor nova meridian vector signal ember alpha.
212,Willow vector matrix meridian flux flux vector signal delta vector orbit orbit.,,2006,4,,4,2.99,160,20.95,PG-13,2025-12-02 20:35:35,Harbor delta pulse prism ember flux harbor prism meridian meridian.
213,Signal willow meridian cascade signal signal.,Pulse vector quartz willow meridian ember summit.,2006,5,4,6,4.99,92,25.32,G,2026-05-15 00:48:40,
214,Cascade orbit pulse vertex vector zenith delta willow meridian orbit quartz.,Matrix quartz prism flux prism prism harbor cascade.,2006,6,4,7,0.99,115,28.04,NC-17,2025-06-19 21:40:12,
215,Harbor matrix delta alpha alpha vertex pulse alpha willow vertex flux.,,2006,3,,5,4.99,60,14.68,R,2026-03-20 11:49:04,Cascade harbor flux alpha flux orbit signal summit meridian.
216,Flux meridian summit alpha nova alpha prism.,,2006,5,6,7,4.99,107,13.05,PG,2025-07-31 08:20:19,Prism zenith nova orbit summit matrix.
217,Meridian prism nova delta prism ember pulse summit delta nova ember.,Harbor meridian meridian pulse zenith signal harbor quartz ember harbor alpha.,2006,4,,3,4.99,135,17.07,PG-13,2026-01-22 08:44:43,Meridian quartz quartz matrix vertex beacon harbor harbor meridian harbor flux.
218,Nova summit vector zenith delta meridian nova matrix harbor delta nova.,,2006,1,1,3,0.99,148,28.3,R,2025-05-25 09:00:27,
219,Summit nova beacon delta meridian harbor summit.,Orbit flux prism harbor willow alpha prism delta.,2006,6,5,7,4.99,124,15,PG-13,2025-10-02 21:40:49,Summit zenith zenith willow pulse vertex meridian zenith signal vertex nova quartz.
220,Harbor signal harbor pulse prism harbor.,,2006,1,2,4,2.99,60,22.01,PG-13,2026-06-18 07:59:58,Meridian harbor pulse meridian prism signal.
221,Orbit summit alpha delta pulse quartz delta vertex nova alpha beacon orbit.,Prism meridian vertex nova vertex nova ember summit.,2006,4,1,6,4.99,145,17.22,PG,2025-04-18 12:41:21,
222,Cascade cascade prism prism alpha nova.,,2006,2,3,7,2.99,62,13.08,PG-13,2025-07-10 05:00:37,
223,Quartz matrix harbor beacon nova summit pulse.,Signal prism cascade pulse meridian orbit flux meridian ember.,2006,3,6,5,2.99,75,18.34,PG-13,2025-05-07 07:12:01,Vector beacon beacon signal matrix orbit cascade orbit orbit beacon.
224,Delta vector orbit harbor ember zenith summit.,Flux zenith harbor ember beacon nova nova flux quartz.,2006,5,4,4,2.99,62,21.26,NC-17,2025-06-01 08:25:51,Ember prism vector vertex orbit zenith quartz delta meridian vector signal summit.
225,Quartz vertex meridian harbor zenith summit vector summit quartz willow.,Cascade meridian alpha harbor ember ember summit cascade summit matrix.,2006,4,,7,4.99,121,19.54,PG-13,2025-10-06 02:08:08,
226,Vector beacon prism alpha zenith meridian flux.,Delta signal harbor alpha prism ember vector summit vector harbor.,2006,1,6,6,2.99,132,26.73,PG,2026-02-21 07:35:56,Alpha vertex beacon vertex vector vertex quartz orbit quartz meridian.
227,Vertex delta nova alpha delta summit matrix.,Vertex signal ember pulse beacon alpha.,2006,6,2,5,2.99,179,19.45,NC-17,2025-10-10 10:24:51,Orbit pulse summit orbit orbit summit quartz willow.
228,Cascade meridian harbor quartz vector summit willow nova signal.,Beacon flux vertex delta prism harbor summit nova pulse.,2006,3,,5,2.99,154,27.48,NC-17,2026-05-20 00:11:14,Signal orbit summit beacon willow ember cascade orbit prism flux.
229,Quartz summit summit zenith quartz meridian alpha vertex harbor cascade flux.,Matrix matrix alpha vertex pulse matrix vertex willow summit beacon signal signal.,2006,5,,5,4.99,165,15.29,R,2025-08-06 20:52:51,Vertex alpha nova vector harbor vertex.
230,Delta vertex quartz pulse signal flux cascade alpha ember.,Harbor orbit zenith vertex willow ember beacon nova alpha.,2006,2,5,7,2.99,128,23.14,PG-13,2025-11-12 09:22:02,
231,Willow willow summit pulse nova orbit alpha.,Prism meridian nova orbit matrix vector pulse signal cascade quartz.,2006,4,,4,4.99,67,15.52,PG-13,2026-04-15 04:31:33,Ember prism cascade vertex ember beacon willow alpha vector harbor harbor.
232,Alpha harbor matrix harbor vertex pulse beacon pulse prism delta vertex ember.,,2006,2,,4,2.99,178,26.78,PG-13,2026-05-30 18:25:34,Flux zenith summit meridian vector quartz.
233,Delta alpha pulse willow harbor vertex signal prism quartz quartz flux.,Quartz nova alpha pulse orbit willow zenith.,2006,5,3,4,2.99,89,24.91,G,2025-07-05 10:20:59,Orbit summit quartz signal signal meridian quartz nova summit meridian alpha.
234,Pulse pulse beacon flux zenith summit vector vector flux orbit vertex meridian.,Vertex zenith meridian summit zenith prism prism quartz delta prism.,2006,3,,7,2.99,179,23.16,PG-13,2026-02-01 21:57:18,
235,Summit vertex flux meridian flux signal.,Beacon beacon willow cascade matrix orbit delta flux vector.,2006,1,,7,2.99,105,21.26,NC-17,2025-07-24 05:08:09,Summit prism harbor nova vertex vector pulse willow alpha.
236,Alpha zenith flux willow vertex beacon vertex flux cascade nova prism.,Zenith signal ember vertex matrix alpha alpha.,2006,6,2,5,4.99,132,12.22,R,2025-03-23 09:02:02,Signal cascade meridian ember pulse quartz cascade.
237,Delta matrix prism meridian summit flux nova.,Summit zenith vertex delta flux beacon harbor willow matrix signal.,2006,3,,4,2.99,169,11.57,R,2025-06-10 23:33:21,Nova matrix nova cascade flux cascade zenith signal.
238,Orbit harbor pulse delta orbit beacon nova ember zenith willow quartz alpha.,Ember quartz cascade summit ember vertex.,2006,2,6,7,0.99,133,25.27,NC-17,2025-07-14 08:03:29,
239,Vector harbor zenith meridian willow vector.,Zenith beacon willow signal alpha orbit summit.,2006,5,,4,2.99,83,21.22,R,2026-05-30 00:49:56,Beacon orbit quartz orbit willow vertex summit matrix.
240,Summit orbit matrix quartz signal cascade pulse nova meridian matrix vertex delta.,,2006,1,2,5,0.99,107,29.7,R,2025-12-26 04:14:13,Cascade cascade zenith matrix delta summit quartz orbit cascade flux beacon vector.
241,Delta alpha prism harbor vector flux vector.,Willow signal meridian summit zenith delta cascade matrix willow orbit vector.,2006,4,4,6,2.99,110,19.13,PG,2025-02-25 15:49:47,Orbit prism beacon beacon willow meridian quartz quartz.
242,Vertex quartz matrix pulse cascade beacon nova quartz.,Vector signal meridian nova summit delta pulse meridian.,2006,6,,3,2.99,160,29.82,PG,2026-01-18 15:49:17,Vertex alpha beacon ember signal matrix vertex willow.
243,Summit nova ember prism summit beacon zenith beacon matrix matrix cascade.,Vector harbor summit nova beacon cascade prism vector nova meridian delta cascade.,2006,2,4,7,0.99,139,23.01,R,2025-01-01 21:16:07,
244,Vertex flux beacon beacon harbor meridian.,Summit quartz vector vertex pulse flux.,2006,3,,4,2.99,177,26.2,PG-13,2025-12-16 06:45:39,Delta beacon zenith cascade vector harbor signal summit pulse vector orbit summit.
245,Summit summit nova meridian orbit vertex harbor summit meridian.,,2006,4,2,6,4.99,105,11.24,PG-13,2026-04-26 15:36:54,Willow summit ember ember harbor delta alpha signal.
246,Zenith vector flux alpha prism zenith signal ember willow pulse zenith summit.,Orbit nova beacon ember alpha quartz summit quartz vertex zenith signal.,2006,6,,3,2.99,113,29.32,R,2026-06-11 05:33:12,
247,Harbor quartz orbit prism meridian delta prism.,Ember delta harbor beacon willow ember vertex vector flux ember orbit harbor.,2006,3,,4,2.99,133,18.07,R,2026-06-27 08:30:42,Nova delta ember orbit flux beacon harbor.
248,Beacon nova willow cascade zenith ember zenith zenith harbor ember delta flux.,Meridian alpha signal flux ember summit pulse prism vertex quartz flux.,2006,3,,7,4.99,108,13.77,PG,2025-06-07 21:14:42,
249,Vertex zenith prism pulse ember orbit delta.,Delta cascade alpha zenith harbor ember matrix.,2006,2,,4,4.99,61,10.86,PG-13,2025-06-09 08:53:43,
250,Meridian vertex flux meridian beacon zenith.,,2006,1,3,7,4.99,77,23.78,NC-17,2026-04-08 18:24:49,Cascade harbor vector signal willow matrix quartz.
251,Orbit willow vertex cascade summit quartz matrix cascade alpha beacon pulse.,Zenith ember ember prism beacon vector delta delta delta.,2006,6,,6,0.99,168,23.84,PG-13,2026-05-30 04:20:43,Alpha nova meridian ember cascade nova alpha alpha.
252,Ember harbor alpha summit beacon meridian delta harbor prism nova orbit cascade.,Meridian harbor flux cascade vertex harbor.,2006,2,5,3,0.99,83,19.45,R,2026-04-19 21:34:01,Flux beacon matrix meridian zenith matrix.
253,Zenith flux alpha harbor quartz matrix zenith zenith nova beacon.,Pulse beacon cascade nova beacon ember nova.,2006,5,6,4,2.99,141,26.51,PG,2025-09-06 15:25:35,
254,Vector prism meridian signal ember willow quartz zenith summit harbor.,Alpha nova nova zenith orbit orbit alpha beacon.,2006,3,,7,0.99,173,25.56,PG,2026-06-03 04:57:30,Beacon quartz quartz matrix summit vector delta alpha harbor summit ember vertex.
255,Alpha vertex orbit vector meridian pulse matrix quartz pulse orbit.,Meridian quartz signal harbor meridian flux pulse zenith harbor.,2006,4,4,3,4.99,177,19.01,NC-17,2025-05-02 07:28:21,Orbit cascade harbor meridian matrix matrix prism signal harbor orbit alpha signal.
256,Orbit delta vertex cascade vertex pulse ember flux vertex nova willow delta.,Zenith summit pulse cascade cascade ember cascade pulse harbor vertex alpha.,2006,3,5,5,2.99,78,19.35,G,2025-10-11 21:04:54,Harbor vertex orbit vector signal alpha.
257,Signal cascade prism cascade nova flux.,Willow orbit pulse vertex signal zenith.,2006,6,,7,2.99,155,11.26,PG-13,2025-09-15 18:33:46,
258,Beacon ember meridian summit beacon beacon.,Prism nova cascade zenith quartz quartz nova pulse meridian.,2006,6,,4,2.99,60,13.07,PG-13,2026-06-29 03:54:21,Matrix signal matrix quartz pulse summit matrix.
259,Zenith zenith zenith pulse flux zenith harbor cascade.,Matrix willow quartz harbor matrix prism willow cascade nova vector flux.,2006,6,4,4,2.99,118,18.54,PG,2025-02-18 02:03:45,
260,Pulse orbit cascade summit ember willow willow.,,2006,5,4,4,2.99,154,18.78,PG,2025-04-08 07:17:39,Orbit orbit matrix alpha prism beacon meridian pulse willow pulse orbit summit.
261,Ember prism flux beacon matrix signal matrix cascade nova ember.,Pulse zenith alpha ember pulse signal meridian.,2006,1,4,4,4.99,156,24.26,R,2025-09-15 15:40:05,
262,Flux nova meridian alpha vertex willow flux alpha alpha cascade willow summit.,,2006,5,,3,0.99,63,18.17,PG,2026-02-01 18:26:51,Matrix alpha nova delta ember nova zenith alpha summit cascade pulse.
263,Nova harbor summit pulse alpha orbit matrix ember beacon.,,2006,4,6,5,2.99,175,10.05,PG-13,2025-08-25 16:39:04,Harbor flux quartz flux quartz vertex.
264,Harbor prism vertex pulse summit delta quartz.,Orbit summit beacon alpha beacon beacon signal delta ember vector.,2006,3,6,5,4.99,110,26.28,PG,2025-05-21 13:29:24,
265,Meridian zenith alpha cascade delta willow meridian summit cascade beacon willow matrix.,Flux pulse meridian orbit cascade harbor beacon summit alpha willow.,2006,1,3,7,0.99,62,12.16,G,2026-04-12 20:19:35,
266,Alpha beacon beacon orbit pulse harbor signal nova nova.,Pulse vector signal cascade vertex meridian prism.,2006,2,,5,0.99,100,11.01,PG-13,2026-05-03 07:48:19,Meridian meridian summit willow willow zenith pulse zenith summit alpha willow pulse.
267,Signal beacon delta alpha beacon nova delta beacon alpha.,Summit quartz flux nova pulse zenith.,2006,3,6,3,0.99,149,23.39,NC-17,2026-05-31 13:17:27,
268,Summit summit zenith signal vertex ember willow beacon pulse harbor matrix harbor.,Alpha delta nova orbit vector cascade vector summit zenith harbor harbor matrix.,2006,3,,4,2.99,101,21.44,R,2025-05-24 02:00:19,Matrix signal nova zenith cascade pulse orbit flux.
269,Pulse matrix meridian zenith pulse meridian orbit.,Prism harbor delta harbor pulse flux.,2006,3,,4,2.99,138,29.92,PG-13,2026-04-25 19:15:35,
270,Meridian willow ember flux vector cascade delta beacon vertex alpha signal.,Meridian orbit summit vertex flux quartz willow flux ember ember vertex quartz.,2006,1,,6,0.99,155,26.13,PG-13,2026-06-11 14:33:47,
271,Pulse matrix willow delta summit beacon.,Ember vertex vector vector orbit delta zenith nova beacon alpha flux delta.,2006,2,,5,2.99,171,15.89,G,2026-05-04 00:58:12,Pulse matrix ember ember nova flux zenith cascade zenith vertex cascade.
272,Zenith beacon signal delta vertex matrix cascade pulse signal.,Signal signal matrix quartz willow summit matrix signal signal orbit.,2006,1,,6,2.99,105,28.82,PG-13,2025-11-15 02:03:15,Quartz beacon delta prism matrix harbor willow flux nova flux quartz.
273,Zenith prism beacon beacon pulse vertex delta beacon alpha.,Vertex orbit vector cascade nova pulse zenith.,2006,4,,6,0.99,61,11.1,G,2025-07-26 20:30:48,Alpha vector vertex meridian beacon flux.
274,Vertex pulse quartz matrix willow flux orbit flux flux.,Ember willow summit flux harbor vector willow cascade prism.,2006,1,4,7,4.99,109,15.5,R,2026-02-22 20:56:23,Delta cascade beacon meridian vector flux prism signal orbit willow.
275,Alpha prism delta zenith pulse signal nova alpha.,Nova prism vector alpha delta ember nova harbor prism flux pulse pulse.,2006,3,,3,2.99,156,24.31,PG-13,2026-05-02 14:55:11,
276,Ember prism willow meridian cascade quartz meridian delta prism signal matrix.,Signal flux zenith prism delta delta delta.,2006,1,4,4,4.99,65,15.75,PG,2025-07-14 22:05:27,
277,Nova ember quartz vertex flux summit delta flux.,,2006,4,,4,0.99,125,19.89,PG,2025-12-09 04:01:02,Zenith cascade willow ember ember pulse willow vertex vertex willow quartz matrix.
278,Zenith vector quartz willow quartz signal alpha quartz zenith.,Summit alpha vector orbit summit matrix willow zenith summit ember pulse.,2006,6,,3,0.99,160,20.63,R,2025-04-20 05:24:09,Matrix meridian zenith quartz delta zenith quartz zenith delta.
279,Flux prism prism prism beacon signal willow harbor quartz.,,2006,6,1,3,2.99,131,14.89,PG,2026-02-01 00:40:11,Ember quartz meridian ember meridian orbit cascade orbit summit meridian.
280,Vertex willow zenith nova prism vector harbor prism flux.,Zenith pulse orbit vector meridian delta matrix summit vector.,2006,3,3,7,0.99,84,24.41,PG,2025-06-23 05:18:34,Alpha willow delta zenith vector alpha harbor flux quartz harbor cascade summit.
281,Vertex signal pulse zenith prism harbor flux matrix beacon meridian.,Nova flux nova alpha pulse delta.,2006,4,6,6,4.99,86,16.19,PG-13,2026-05-28 11:33:22,Signal harbor vertex orbit summit vertex harbor flux cascade ember flux.
282,Meridian quartz pulse alpha delta flux willow cascade.,,2006,5,,5,2.99,84,17.62,NC-17,2026-02-18 10:06:17,
283,Orbit flux summit beacon vertex matrix signal flux.,Vertex harbor harbor zenith summit cascade vertex matrix delta meridian summit cascade.,2006,1,3,4,2.99,153,24.18,PG-13,2025-12-17 22:34:53,
284,Summit flux cascade cascade alpha harbor delta flux willow pulse vector.,Vector ember summit prism nova signal willow vertex pulse nova.,2006,6,,5,2.99,175,17.38,PG,2025-02-01 04:57:01,
285,Alpha vector orbit flux meridian willow nova.,Quartz ember delta delta harbor delta.,2006,5,6,6,0.99,115,22.55,R,2025-04-27 03:50:21,Signal nova vertex vector willow zenith nova willow beacon nova quartz willow.
286,Prism vector flux summit meridian prism orbit.,Nova quartz vector meridian nova willow alpha flux cascade beacon nova.,2006,1,2,4,0.99,78,25.29,NC-17,2025-06-17 05:27:39,
287,Alpha willow alpha signal harbor willow signal delta beacon delta.,Pulse orbit alpha vector ember orbit alpha.,2006,4,2,3,2.99,116,28.25,PG-13,2025-07-13 23:12:43,
288,Harbor alpha meridian zenith flux quartz.,Vertex alpha signal orbit matrix pulse matrix pulse meridian quartz zenith.,2006,1,,7,4.99,177,28.64,PG-13,2025-06-12 15:34:35,Harbor delta harbor vector meridian alpha summit harbor matrix nova ember cascade.
289,Nova signal zenith willow orbit summit matrix quartz matrix cascade alpha vector.,,2006,4,,5,0.99,108,18.93,PG-13,2026-04-12 05:29:07,Vector ember meridian signal signal beacon cascade delta zenith flux alpha.
290,Alpha signal delta pulse matrix meridian summit pulse nova.,Meridian harbor summit beacon signal matrix willow alpha summit harbor.,2006,4,,4,2.99,86,17.62,G,2025-12-14 11:38:33,
291,Flux vector pulse flux zenith vertex zenith harbor willow matrix signal quartz.,,2006,4,1,5,4.99,103,20.8,R,2025-02-09 20:05:55,Signal matrix summit vertex alpha meridian quartz harbor alpha alpha quartz delta.
292,Delta alpha ember pulse ember harbor.,Alpha delta zenith nova harbor orbit meridian ember delta vertex.,2006,5,4,5,2.99,62,25.87,PG,2025-12-14 08:50:38,Willow vertex willow prism zenith orbit cascade.
293,Pulse zenith nova matrix willow quartz pulse cascade delta vertex prism.,Summit ember nova prism vector willow signal matrix orbit orbit beacon nova.,2006,2,2,4,0.99,172,14.36,PG-13,2025-12-22 05:29:41,
294,Delta matrix signal quartz flux vertex matrix vertex pulse.,Vertex willow meridian orbit prism prism willow nova.,2006,6,,6,2.99,98,17.37,PG-13,2026-03-11 03:57:35,Matrix vertex vertex meridian prism matrix prism delta zenith meridian vertex.
295,Alpha harbor ember prism zenith summit beacon matrix signal willow beacon nova.,Flux cascade quartz vertex willow zenith harbor pulse cascade.,2006,1,,5,4.99,93,16.89,NC-17,2026-04-07 04:31:28,Beacon cascade quartz ember meridian nova.
296,Nova quartz zenith cascade matrix ember pulse alpha flux nova beacon meridian.,Meridian delta meridian ember beacon signal summit quartz.,2006,1,,6,2.99,147,26.02,R,2026-05-02 12:08:46,
297,Matrix alpha orbit matrix vertex signal meridian beacon meridian.,Pulse willow cascade flux nova matrix harbor willow.,2006,1,2,3,4.99,118,20.5,R,2026-04-22 16:21:57,Alpha quartz nova ember meridian ember vector vertex ember.
298,Signal nova matrix nova vertex nova zenith nova nova harbor.,,2006,2,,6,4.99,153,23.2,G,2026-05-22 00:22:37,
299,Harbor willow prism signal zenith harbor vector.,,2006,1,,5,0.99,71,21.59,PG,2026-03-17 04:11:07,Delta pulse matrix zenith willow quartz flux.
300,Nova quartz willow prism signal delta willow meridian vertex zenith.,Vector willow delta orbit pulse prism orbit cascade zenith meridian cascade beacon.,2006,6,,4,0.99,71,23.61,PG-13,2025-11-10 06:39:49,Prism alpha delta vector willow cascade quartz delta harbor.
301,Vector flux beacon prism harbor quartz prism willow pulse beacon meridian.,Beacon vertex matrix cascade quartz alpha.,2006,3,,5,2.99,90,14.21,PG-13,2025-09-26 04:38:55,Summit flux orbit cascade matrix flux zenith summit.
302,Willow delta alpha meridian zenith alpha cascade.,,2006,3,4,7,2.99,69,12.74,R,2025-05-22 01:56:40,Pulse quartz cascade ember signal signal alpha vector meridian ember vertex summit.
303,Alpha vector vertex nova matrix alpha ember orbit delta orbit cascade quartz.,Quartz ember willow orbit beacon willow signal cascade ember beacon.,2006,2,6,6,0.99,142,21.6,R,2025-04-24 12:31:40,Beacon ember harbor pulse signal signal signal orbit harbor pulse ember quartz.
304,Meridian beacon vector cascade matrix cascade flux pulse.,Delta harbor nova ember nova vertex delta alpha vector quartz.,2006,5,,7,4.99,112,22.05,G,2025-06-01 21:48:26,Signal vertex pulse alpha vertex vector prism.
305,Willow willow orbit summit pulse zenith nova willow matrix orbit signal pulse.,Vertex orbit nova alpha vector summit nova.,2006,1,,7,4.99,168,22.3,G,2025-11-06 14:54:38,
306,Pulse harbor meridian vertex alpha cascade.,Cascade beacon beacon meridian pulse flux matrix harbor vertex vertex.,2006,1,4,6,4.99,92,13.07,R,2025-08-15 16:01:40,
307,Prism zenith summit ember orbit matrix zenith willow.,Ember cascade vertex pulse harbor prism harbor vector willow delta.,2006,4,2,4,2.99,142,12.02,PG,2025-06-25 13:51:03,Summit nova alpha signal signal matrix.
308,Cascade willow signal ember vector matrix delta pulse pulse vector beacon.,Vector matrix pulse nova vertex summit harbor willow vector pulse meridian.,2006,5,,6,2.99,171,20.52,PG,2025-11-19 06:50:14,
309,Signal meridian pulse pulse prism prism quartz pulse.,Orbit nova signal summit cascade beacon pulse willow alpha vector quartz.,2006,6,1,5,0.99,96,18,PG,2025-03-13 01:34:22,Willow cascade pulse meridian harbor orbit ember.
310,Ember alpha delta pulse meridian orbit vertex.,Flux harbor delta willow pulse orbit harbor.,2006,6,,4,0.99,86,20.18,R,2026-06-10 01:24:46,Meridian delta nova delta flux vertex alpha beacon delta.
311,Cascade willow beacon summit willow willow prism summit harbor prism.,Vector summit alpha cascade signal signal beacon.,2006,4,5,5,0.99,141,12.08,PG,2026-01-18 11:09:46,
312,Matrix prism quartz orbit vertex zenith flux quartz signal.,Prism ember pulse willow vertex zenith nova matrix harbor summit.,2006,3,,6,4.99,110,23.14,PG,2025-10-29 07:36:52,Alpha harbor meridian nova vertex flux delta.
313,Vertex prism vertex meridian willow ember cascade vertex quartz orbit flux.,,2006,6,,3,4.99,147,22.78,NC-17,2025-03-05 11:51:38,
314,Matrix delta flux signal nova matrix vector ember.,Orbit orbit delta ember cascade meridian pulse.,2006,5,,4,0.99,90,27.66,G,2025-05-21 10:13:55,
315,Delta nova delta delta summit prism pulse vertex matrix summit.,Cascade alpha meridian alpha cascade willow harbor flux flux summit nova.,2006,6,,6,2.99,112,14.52,PG-13,2025-03-19 10:50:00,
316,Signal signal delta zenith vector prism cascade pulse.,,2006,4,,7,0.99,71,22.57,R,2026-04-28 18:20:01,
317,Flux willow summit summit orbit signal willow orbit matrix flux delta.,Orbit beacon zenith quartz beacon signal orbit.,2006,6,,4,4.99,129,15.92,R,2025-03-14 01:53:19,
318,Harbor vector quartz zenith beacon alpha.,Vector harbor pulse harbor cascade vertex prism.,2006,6,4,7,2.99,65,29.24,PG-13,2026-01-12 05:57:05,Signal nova meridian cascade pulse harbor.
319,Flux beacon meridian alpha signal harbor summit beacon orbit.,,2006,6,1,7,4.99,111,24.19,PG,2025-05-27 01:37:03,Vertex signal signal delta harbor willow meridian alpha.
320,Beacon zenith pulse zenith flux orbit vertex.,Ember alpha vertex quartz pulse summit orbit meridian ember zenith alpha willow.,2006,6,2,3,2.99,107,12.73,R,2025-11-15 20:16:07,Nova flux quartz quartz ember orbit.
321,Pulse matrix zenith meridian quartz vector orbit vertex delta alpha.,,2006,6,3,3,2.99,129,25.5,PG-13,2025-10-22 07:11:46,Vector beacon zenith willow signal nova alpha meridian summit pulse orbit.
322,Prism pulse meridian meridian harbor meridian zenith orbit nova summit beacon.,,2006,1,6,3,0.99,135,27.03,NC-17,2026-01-25 12:16:09,Nova matrix alpha summit matrix alpha vector quartz willow matrix pulse delta.
323,Vertex quartz vector signal nova orbit vector vertex vertex.,Summit vertex beacon flux delta beacon beacon zenith pulse.,2006,6,1,4,0.99,129,25.52,R,2025-06-18 08:32:27,
324,Nova meridian flux prism zenith prism.,,2006,1,,6,4.99,77,24.42,PG-13,2025-06-29 18:38:47,Cascade zenith orbit quartz vertex quartz harbor matrix vertex.
325,Signal orbit ember nova harbor zenith orbit.,Zenith summit delta cascade meridian vector ember meridian nova vertex.,2006,4,,5,0.99,101,17.25,R,2025-03-20 00:02:46,Vector harbor quartz summit zenith nova cascade nova pulse meridian.
326,Summit orbit summit prism ember signal meridian orbit beacon beacon delta.,Flux signal beacon vector prism delta meridian.,2006,2,,4,0.99,62,26.68,PG,2025-11-25 01:13:22,Vertex meridian beacon alpha pulse flux meridian.
327,Delta harbor cascade zenith beacon nova nova orbit prism vertex alpha orbit.,Pulse flux meridian alpha willow willow prism meridian.,2006,2,6,3,4.99,177,27,PG-13,2025-03-08 07:21:38,Ember signal vertex ember ember cascade beacon harbor.
328,Beacon meridian vertex vector summit beacon vertex willow quartz vector summit.,Flux ember vector alpha flux alpha pulse signal matrix.,2006,3,,4,0.99,98,29.56,R,2025-04-11 15:59:59,Harbor cascade ember harbor nova ember signal ember signal meridian harbor meridian.
329,Nova signal prism willow prism pulse harbor.,Signal prism summit vertex willow vertex pulse summit prism nova zenith willow.,2006,3,,3,4.99,180,22.34,R,2025-10-16 21:51:33,
330,Alpha signal zenith harbor orbit prism alpha.,Cascade meridian prism cascade delta nova vertex quartz matrix matrix.,2006,1,2,5,0.99,84,21.53,R,2025-04-15 20:35:04,Vertex nova willow alpha vector zenith meridian nova.
331,Beacon matrix prism willow nova nova matrix.,Beacon orbit beacon signal delta harbor flux.,2006,5,5,3,0.99,92,17.01,G,2025-09-30 03:15:35,Beacon cascade zenith beacon quartz cascade vertex willow.
332,Matrix nova signal cascade pulse alpha.,Flux signal matrix delta summit delta alpha beacon pulse.,2006,6,2,6,4.99,152,29.47,PG,2026-06-02 21:28:31,Meridian delta beacon willow cascade flux vertex willow quartz.
333,Meridian willow matrix vertex alpha matrix.,,2006,5,2,5,2.99,112,27.42,R,2026-05-13 14:38:14,Beacon beacon quartz quartz matrix ember ember quartz orbit.
334,Quartz harbor cascade pulse nova flux ember zenith signal quartz nova.,Signal orbit willow pulse vertex orbit prism ember pulse alpha meridian nova.,2006,1,,5,2.99,121,10.08,R,2025-05-29 22:14:18,Pulse quartz beacon pulse harbor cascade pulse nova harbor.
335,Willow nova alpha harbor flux alpha.,Willow summit meridian zenith beacon prism flux vector meridian alpha orbit.,2006,2,,7,2.99,166,21.99,G,2025-05-30 05:33:57,
336,Signal flux vector willow zenith delta vector matrix.,Vertex delta ember summit prism zenith orbit willow meridian harbor meridian summit.,2006,6,3,3,0.99,105,12.41,G,2026-03-22 16:49:07,
337,Orbit harbor beacon orbit delta matrix alpha signal signal.,,2006,2,4,4,0.99,149,16.07,PG-13,2026-06-03 01:34:48,Nova prism delta summit orbit summit cascade pulse matrix delta vector pulse.
338,Vector harbor nova cascade zenith summit matrix.,Zenith zenith beacon prism quartz ember pulse meridian orbit beacon cascade prism.,2006,5,,5,2.99,133,16.16,PG,2025-09-18 13:05:25,
339,Alpha pulse signal signal matrix summit harbor harbor vector cascade.,Beacon harbor pulse nova cascade quartz quartz vertex prism flux orbit nova.,2006,6,,6,2.99,100,13.12,PG-13,2025-07-01 08:51:56,Beacon matrix quartz alpha meridian alpha orbit signal flux flux.
340,Alpha beacon harbor ember delta prism.,Vertex delta quartz orbit matrix meridian summit ember ember.,2006,2,4,5,4.99,163,27.12,R,2025-09-12 04:39:32,
341,Ember alpha cascade quartz nova beacon matrix pulse harbor quartz matrix willow.,,2006,6,3,6,2.99,151,29.06,R,2025-11-15 13:37:49,
342,Harbor delta harbor harbor matrix signal meridian pulse vector.,Zenith ember meridian willow meridian ember quartz.,2006,4,,7,2.99,159,22.08,PG-13,2025-04-02 21:50:09,Alpha beacon vertex signal vector matrix nova vertex quartz.
343,Willow alpha alpha cascade beacon zenith flux zenith vector.,,2006,3,,3,0.99,67,28.41,PG-13,2025-05-16 14:49:59,
344,Ember prism prism quartz willow vector harbor vertex cascade ember beacon quartz.,Pulse cascade quartz matrix prism summit beacon.,2006,1,1,3,0.99,150,26.66,PG,2025-11-10 09:46:13,Willow prism vertex nova summit nova flux matrix harbor signal pulse harbor.
345,Flux harbor prism beacon orbit delta alpha nova.,Cascade vertex zenith beacon signal prism quartz delta prism zenith.,2006,3,,4,2.99,101,21.57,R,2026-01-21 10:43:54,Nova quartz signal prism zenith quartz alpha quartz signal pulse.
346,Delta signal nova willow summit ember alpha alpha.,Beacon orbit vertex quartz vector beacon alpha orbit beacon orbit quartz zenith.,2006,3,4,6,2.99,65,19.09,PG-13,2025-05-09 02:42:27,Vector alpha alpha zenith orbit summit pulse.
347,Orbit summit signal harbor vector cascade.,Willow cascade zenith pulse quartz quartz cascade delta.,2006,5,,3,0.99,101,11.22,PG,2025-06-26 00:28:26,Harbor vertex beacon zenith pulse cascade alpha meridian meridian.
348,Nova delta nova alpha prism meridian alpha cascade willow.,Summit flux delta orbit pulse alpha flux matrix alpha.,2006,6,4,5,4.99,147,23.17,NC-17,2025-01-19 15:38:28,Willow flux meridian beacon alpha matrix willow quartz quartz.
349,Harbor orbit prism cascade orbit prism signal pulse cascade delta.,Alpha flux harbor alpha vertex cascade prism harbor vector.,2006,6,,3,2.99,139,24.98,R,2025-01-14 05:46:58,Delta nova ember vertex summit delta signal alpha zenith nova matrix.
350,Zenith zenith pulse alpha prism prism zenith ember delta prism prism.,Alpha vector vector prism willow willow flux zenith harbor alpha vector.,2006,1,1,6,4.99,116,13.31,PG-13,2026-01-17 10:41:08,Orbit alpha nova willow quartz summit cascade summit.
351,Nova meridian flux ember harbor vector pulse prism willow nova alpha.,Prism vector vertex pulse summit ember matrix quartz prism flux beacon.,2006,3,,6,4.99,158,10.57,PG,2025-03-23 00:45:00,Orbit meridian willow summit beacon summit signal vector summit.
352,Nova prism willow orbit pulse beacon matrix vertex vertex.,Prism meridian matrix orbit summit flux vector vertex beacon zenith meridian.,2006,2,6,3,2.99,167,11.16,R,2026-02-14 23:49:39,Meridian zenith zenith summit meridian cascade alpha harbor flux harbor harbor vertex.
353,Vertex harbor summit ember willow delta signal orbit.,Prism harbor flux vector zenith cascade prism signal.,2006,6,,6,4.99,149,23,PG,2025-03-10 18:52:44,Pulse beacon flux summit vector orbit.
354,Summit pulse nova vertex meridian meridian quartz zenith prism quartz delta ember.,Pulse cascade flux quartz orbit willow delta.,2006,2,,3,0.99,127,10.56,PG-13,2026-02-25 01:43:02,Zenith beacon harbor meridian quartz delta summit vertex delta harbor nova ember.
355,Cascade beacon flux willow harbor harbor prism prism alpha zenith ember vector.,Matrix pulse pulse matrix matrix beacon quartz.,2006,6,1,6,4.99,103,12.2,PG-13,2025-03-02 02:42:26,
356,Vertex willow pulse prism prism orbit prism.,Matrix alpha willow ember meridian signal.,2006,2,,3,0.99,100,29.42,PG-13,2025-09-27 23:48:50,Matrix summit orbit matrix delta pulse vertex.
357,Beacon harbor willow prism beacon zenith vector delta signal.,Nova vector matrix orbit vertex pulse prism nova vector.,2006,6,6,4,2.99,117,15.46,PG-13,2025-12-05 17:06:09,Beacon willow alpha zenith harbor vector flux.
358,Beacon beacon delta vector prism vector beacon pulse signal.,,2006,6,,4,2.99,145,25.21,G,2025-04-25 17:08:19,
359,Beacon zenith orbit meridian orbit delta delta willow beacon vertex nova.,Pulse cascade zenith alpha willow alpha vector.,2006,5,6,7,4.99,66,19.9,R,2026-03-30 01:09:51,Matrix orbit pulse quartz flux quartz orbit willow harbor.
360,Zenith alpha nova willow vertex delta.,Meridian beacon nova flux delta vector summit pulse nova ember beacon.,2006,3,,3,0.99,153,26.33,NC-17,2025-12-09 23:48:31,Nova matrix cascade cascade summit prism ember vector vector vertex orbit beacon.
361,Flux zenith pulse prism orbit summit.,Signal pulse meridian orbit vertex ember pulse willow.,2006,4,3,5,2.99,139,19.24,PG-13,2026-01-11 16:32:38,Prism zenith harbor nova zenith summit willow harbor.
362,Delta signal matrix nova ember harbor harbor harbor quartz signal.,Nova nova signal nova signal beacon zenith.,2006,6,2,5,4.99,83,15.77,PG-13,2025-12-31 21:15:27,Nova quartz harbor ember pulse vertex flux matrix flux pulse zenith summit.
363,Pulse orbit meridian nova summit vertex vector beacon alpha nova matrix.,Cascade prism beacon vector zenith beacon ember harbor summit.,2006,3,5,6,2.99,125,19.6,R,2025-08-05 07:49:05,
364,Vector alpha delta willow pulse beacon alpha orbit matrix willow.,Cascade pulse alpha orbit quartz zenith flux matrix.,2006,5,5,5,0.99,166,17.64,R,2026-04-03 22:13:13,
365,Summit summit signal matrix willow prism harbor alpha.,,2006,4,,7,0.99,149,19.26,PG-13,2025-07-27 20:59:28,
366,Pulse vertex summit beacon vector flux.,Beacon zenith vector delta ember pulse harbor orbit harbor orbit.,2006,6,5,5,0.99,172,29.93,PG-13,2026-06-06 11:17:49,Vector orbit prism signal alpha nova vector vertex beacon.
367,Zenith quartz summit meridian nova prism flux cascade quartz vector quartz nova.,Zenith nova prism vertex signal prism.,2006,3,,5,2.99,89,11.54,PG,2026-05-04 23:19:43,Nova signal ember signal zenith zenith prism.
368,Harbor delta meridian harbor flux prism prism.,,2006,2,,3,2.99,115,23.24,PG-13,2025-12-05 14:55:14,Alpha quartz zenith zenith flux flux alpha zenith vector beacon prism.
369,Meridian flux vertex pulse willow meridian cascade zenith.,Vector vector matrix flux cascade pulse ember pulse matrix.,2006,6,2,4,2.99,112,15.24,PG-13,2025-11-27 19:53:15,Harbor zenith quartz cascade prism willow vector ember meridian vertex vertex beacon.
370,Summit ember delta prism vertex meridian meridian beacon quartz vector orbit.,Pulse signal pulse beacon nova nova.,2006,3,1,6,4.99,174,16.61,R,2025-10-31 10:04:00,
371,Alpha cascade alpha meridian summit vector harbor ember harbor meridian harbor.,,2006,1,1,7,4.99,145,23.74,R,2025-05-07 01:51:26,
372,Signal summit quartz signal flux matrix cascade.,Summit cascade alpha zenith vertex matrix pulse harbor.,2006,6,,7,4.99,180,13.92,PG-13,2026-04-16 10:40:00,Vertex flux zenith quartz flux orbit cascade summit willow ember.
373,Orbit meridian beacon matrix meridian prism cascade orbit vertex.,Orbit matrix ember cascade orbit summit meridian cascade beacon ember meridian.,2006,1,1,4,0.99,145,26.04,R,2025-04-24 10:03:17,Willow meridian cascade delta alpha zenith signal pulse nova.
374,Harbor prism vertex willow zenith summit quartz.,Delta quartz flux vector meridian zenith cascade flux.,2006,3,6,5,2.99,148,11.76,R,2026-04-24 04:58:01,Signal harbor matrix orbit pulse vertex alpha signal flux beacon cascade meridian.
375,Vector alpha alpha delta nova prism beacon nova ember orbit beacon delta.,Delta matrix prism quartz cascade willow alpha prism zenith.,2006,6,4,3,2.99,159,16.32,R,2026-06-06 12:14:29,
376,Meridian harbor meridian harbor pulse nova.,Vertex matrix prism delta pulse flux zenith.,2006,5,4,6,2.99,153,24.94,PG,2026-03-09 12:59:55,Orbit zenith flux cascade nova pulse nova vertex prism harbor zenith.
377,Prism signal pulse alpha cascade flux vector flux pulse alpha vector.,Meridian beacon nova matrix meridian matrix vector meridian prism willow harbor meridian.,2006,5,5,4,2.99,131,27.06,R,2025-04-14 12:40:48,Vertex nova pulse signal flux zenith orbit.
378,Meridian beacon zenith vertex prism orbit prism.,Alpha summit willow pulse zenith harbor willow pulse.,2006,4,,5,0.99,73,22.36,R,2025-10-11 02:00:06,Prism cascade orbit ember summit quartz vertex pulse signal quartz quartz summit.
379,Harbor ember alpha cascade beacon vector quartz alpha.,Signal harbor meridian matrix quartz alpha quartz.,2006,5,4,5,2.99,176,25.58,PG-13,2025-10-23 02:51:41,
380,Orbit pulse harbor summit cascade pulse nova.,Flux matrix delta cascade orbit nova flux harbor.,2006,3,,6,2.99,142,22.63,G,2025-07-20 12:17:55,Orbit cascade flux pulse orbit flux pulse.
381,Flux delta prism harbor cascade harbor signal alpha pulse signal.,,2006,3,1,6,4.99,102,25.67,R,2025-12-12 20:19:28,
382,Harbor vertex zenith meridian flux nova vector.,Orbit quartz alpha quartz quartz zenith beacon vertex beacon beacon.,2006,4,,6,0.99,63,24.95,R,2026-04-24 23:53:56,
383,Pulse alpha zenith signal quartz pulse harbor delta delta.,Flux cascade summit pulse harbor prism meridian.,2006,3,4,3,2.99,126,15.24,R,2025-07-12 13:10:42,
384,Vertex orbit alpha vertex prism pulse matrix zenith quartz matrix willow.,Summit flux quartz vertex quartz flux signal.,2006,6,3,6,4.99,78,10.96,PG-13,2026-06-07 10:43:43,Quartz summit meridian pulse summit vector orbit ember zenith.
385,Summit beacon nova summit prism beacon delta.,Nova matrix ember vector beacon beacon beacon vector beacon zenith summit delta.,2006,3,3,3,0.99,74,23.57,R,2025-04-20 07:43:08,
386,Nova ember flux nova willow meridian nova harbor.,Meridian orbit cascade harbor vector cascade prism delta vector summit vertex.,2006,4,,3,4.99,156,15.69,R,2026-01-29 21:56:18,Delta ember harbor quartz vertex meridian prism ember willow summit vector pulse.
387,Cascade meridian meridian matrix alpha willow alpha pulse quartz beacon summit.,Vertex signal vector quartz meridian harbor quartz.,2006,4,,3,2.99,162,24.55,PG-13,2025-06-27 05:53:16,Beacon cascade harbor zenith orbit signal nova zenith orbit willow cascade prism.
388,Orbit vertex vector prism vertex nova delta meridian.,Meridian harbor delta ember delta zenith beacon zenith signal.,2006,5,,4,4.99,78,12.71,R,2026-03-18 15:44:17,Beacon prism meridian ember pulse delta orbit.
389,Quartz signal vector pulse ember quartz delta willow matrix meridian zenith prism.,Vector nova quartz nova orbit vector beacon matrix orbit.,2006,5,,6,4.99,120,18.8,NC-17,2025-08-30 09:01:05,
390,Meridian meridian alpha meridian vector meridian cascade cascade vector.,,2006,1,,3,0.99,80,16.09,PG-13,2025-05-23 08:12:41,Flux matrix meridian summit harbor matrix.
391,Delta nova ember matrix summit nova delta signal willow.,Vector ember vector vertex nova beacon vector nova alpha.,2006,2,,5,4.99,151,20.75,PG-13,2025-03-10 18:40:28,Zenith vector vertex beacon zenith signal zenith.
392,Matrix beacon delta meridian ember matrix summit pulse zenith cascade pulse.,Summit meridian prism summit prism harbor orbit flux prism alpha signal quartz.,2006,3,2,4,2.99,127,19.99,PG,2026-03-17 08:20:52,Quartz harbor meridian zenith meridian orbit meridian alpha alpha alpha beacon signal.
393,Quartz flux harbor signal vertex willow zenith.,Vertex ember flux nova ember beacon cascade vertex.,2006,2,1,6,0.99,82,10.59,PG-13,2025-08-30 20:08:57,Summit vector pulse zenith delta flux alpha.
394,Harbor willow quartz prism matrix ember meridian flux matrix flux.,Vector signal orbit cascade harbor orbit harbor harbor meridian vector pulse.,2006,5,,5,4.99,66,26.39,R,2025-12-05 08:04:28,
395,Summit vertex alpha delta quartz summit summit quartz signal summit prism orbit.,Willow summit flux pulse summit alpha willow nova summit.,2006,1,,6,4.99,162,13.56,R,2026-02-12 01:38:30,
396,Summit pulse summit delta willow orbit flux ember harbor.,,2006,2,6,6,0.99,118,27.39,G,2025-11-25 07:57:29,
397,Meridian signal quartz zenith willow orbit matrix cascade.,,2006,5,2,6,0.99,180,19.12,PG,2025-05-19 00:36:54,
398,Beacon vertex pulse harbor matrix delta flux vertex alpha summit alpha ember.,Willow vertex cascade pulse vector vector orbit willow.,2006,6,2,5,2.99,136,25.25,R,2026-04-02 02:51:45,Nova vector pulse vertex cascade alpha cascade delta flux pulse pulse prism.
399,Beacon ember flux willow harbor delta.,Meridian matrix flux matrix nova harbor summit.,2006,5,,4,4.99,85,25.16,NC-17,2026-03-23 02:10:31,Ember quartz matrix orbit summit nova harbor signal pulse nova signal alpha.
400,Summit vector cascade zenith prism vector zenith ember cascade alpha harbor willow.,Nova meridian summit quartz summit cascade harbor meridian prism ember prism willow.,2006,6,,5,4.99,140,14.35,PG-13,2025-08-24 22:23:20,
401,Quartz beacon summit quartz vertex nova delta cascade meridian zenith.,Quartz signal prism beacon nova orbit vertex harbor vertex vector vertex.,2006,3,6,4,4.99,167,27.92,R,2025-11-02 22:08:48,Delta prism willow ember willow delta beacon ember alpha orbit harbor willow.
402,Summit signal vector summit beacon vertex flux willow quartz pulse vector beacon.,Nova ember pulse cascade nova delta vector.,2006,3,,3,2.99,71,15.79,PG-13,2026-06-08 20:39:09,Meridian vertex meridian meridian zenith summit vertex willow ember signal.
403,Vertex vertex flux quartz ember beacon ember vertex summit.,Summit summit summit signal meridian pulse orbit.,2006,5,,6,0.99,71,26.16,R,2025-04-15 12:46:11,Flux vector ember matrix orbit delta.
404,Vector meridian meridian cascade delta ember matrix matrix summit signal.,Vector meridian cascade prism signal vector flux harbor matrix harbor beacon.,2006,4,1,7,2.99,174,20.52,R,2025-09-13 07:41:11,Vertex ember willow orbit meridian delta.
405,Signal matrix summit vertex vertex orbit harbor nova flux cascade prism.,Beacon willow vector willow flux orbit nova harbor beacon delta.,2006,1,,7,2.99,70,14.14,PG-13,2025-07-10 18:37:54,
406,Cascade signal ember vertex alpha willow alpha meridian.,,2006,3,5,4,0.99,117,28.74,PG-13,2026-02-20 17:22:04,Willow signal vector signal alpha vector cascade.
407,Harbor ember signal willow summit harbor.,,2006,5,,5,2.99,65,11.88,PG-13,2026-04-17 07:12:58,
408,Flux zenith alpha beacon signal alpha nova vertex flux matrix.,Delta willow meridian vector zenith orbit.,2006,5,,3,4.99,72,18.71,PG,2026-04-10 21:14:48,Nova orbit beacon delta zenith willow cascade summit matrix ember quartz.
409,Alpha delta ember nova vertex alpha ember nova pulse zenith cascade delta.,Ember cascade delta harbor beacon cascade prism.,2006,6,,7,2.99,134,23.28,R,2025-06-23 19:49:55,
410,Alpha signal beacon nova delta beacon nova delta.,Flux prism ember alpha signal ember summit pulse.,2006,1,5,3,4.99,84,26.21,R,2026-04-22 23:20:33,Orbit harbor prism matrix orbit vector willow pulse summit beacon delta delta.
411,Vertex alpha beacon pulse willow alpha alpha harbor nova.,,2006,3,,6,2.99,124,28.29,G,2025-04-24 04:26:11,Flux vertex signal pulse harbor summit delta pulse matrix quartz vertex.
412,Harbor beacon signal ember cascade vertex pulse signal beacon.,Zenith summit vector alpha orbit cascade ember.,2006,2,,4,0.99,75,27.55,PG,2026-02-22 08:02:34,Orbit pulse vector matrix willow vertex beacon quartz zenith.
413,Flux summit quartz pulse delta harbor flux.,Willow willow signal nova flux vertex ember zenith prism.,2006,5,,5,0.99,144,28.92,PG-13,2026-01-01 12:18:41,
414,Willow vertex prism beacon matrix pulse meridian orbit beacon beacon vector.,Zenith vector nova quartz prism prism meridian quartz pulse.,2006,5,,3,4.99,167,22.98,PG,2026-02-11 23:00:13,
415,Matrix flux meridian ember signal flux.,Willow prism ember vertex delta summit ember signal.,2006,4,,5,4.99,80,18.91,G,2025-11-03 04:06:38,Meridian cascade zenith prism beacon orbit cascade nova harbor prism cascade harbor.
416,Zenith pulse vector harbor meridian orbit flux willow ember.,Orbit alpha orbit summit ember harbor cascade.,2006,4,2,3,0.99,178,23.47,PG,2026-01-06 02:56:59,Harbor delta willow cascade beacon cascade nova.
417,Vector quartz ember pulse vertex prism.,Flux signal cascade flux prism quartz.,2006,5,,7,2.99,144,23.4,PG,2026-04-09 00:30:21,Delta beacon pulse signal vector vector prism matrix.
418,Zenith alpha nova signal matrix zenith meridian.,Summit meridian vertex orbit pulse willow harbor alpha nova vertex cascade.,2006,3,6,5,0.99,71,24.57,PG,2025-06-12 15:12:59,Vector orbit zenith delta ember pulse prism signal matrix quartz harbor harbor.
419,Summit vector nova nova vector harbor nova.,Alpha prism nova willow nova zenith nova.,2006,2,3,5,0.99,107,22.67,G,2025-05-06 12:28:33,Matrix pulse vector alpha alpha summit.
420,Cascade harbor cascade signal quartz orbit vector pulse ember beacon matrix.,Prism beacon pulse summit summit flux.,2006,2,1,3,0.99,99,19.51,PG-13,2025-06-04 07:17:56,Delta nova beacon harbor pulse zenith.
421,Alpha willow meridian harbor nova matrix vertex zenith.,,2006,5,1,3,4.99,64,20.62,G,2026-01-11 19:25:52,Prism orbit alpha beacon harbor vertex meridian delta.
422,Cascade matrix prism nova willow willow delta beacon nova vertex alpha.,Zenith alpha vertex summit alpha meridian nova flux flux willow cascade.,2006,5,,6,2.99,166,11.16,PG-13,2025-05-22 01:50:18,Vertex ember prism cascade zenith cascade meridian pulse beacon vector alpha.
423,Orbit pulse prism orbit zenith delta meridian vertex.,Orbit beacon pulse summit summit zenith alpha matrix delta vertex willow prism.,2006,4,,7,0.99,127,22.02,R,2025-10-13 19:07:45,
424,Quartz zenith cascade pulse harbor vertex delta vertex vertex cascade.,Delta beacon orbit orbit ember nova prism matrix willow delta zenith.,2006,6,4,5,4.99,74,25.46,PG-13,2025-09-27 02:42:27,
425,Prism quartz nova ember flux pulse signal prism meridian summit.,,2006,4,,4,2.99,154,11.96,PG-13,2025-08-18 08:21:55,Orbit zenith summit prism alpha matrix.
426,Nova quartz harbor nova summit vertex pulse matrix harbor beacon alpha nova.,Summit summit signal quartz vector alpha pulse pulse.,2006,2,,3,2.99,112,19.93,G,2025-12-30 04:04:56,Willow meridian summit orbit orbit prism harbor delta.
427,Ember orbit delta cascade signal zenith meridian pulse.,Beacon beacon matrix summit quartz flux vertex matrix cascade ember alpha matrix.,2006,4,,5,4.99,66,22,PG-13,2025-04-02 13:46:34,Delta nova nova beacon alpha harbor signal summit harbor harbor.
428,Zenith flux signal vector flux summit meridian alpha willow prism flux.,Matrix prism willow summit flux flux cascade signal ember pulse.,2006,5,5,5,2.99,73,14.72,PG-13,2025-07-04 07:05:15,Vertex harbor harbor pulse pulse summit pulse.
429,Signal pulse vertex quartz matrix flux.,,2006,1,,7,2.99,91,17.72,NC-17,2026-06-17 13:56:42,Prism zenith meridian pulse delta willow quartz matrix nova beacon prism.
430,Cascade quartz harbor delta vector prism vertex.,Nova summit zenith matrix vertex flux zenith nova willow.,2006,1,,4,2.99,81,13.49,PG-13,2025-05-22 03:25:24,Orbit quartz harbor orbit flux willow.
431,Meridian signal willow matrix quartz meridian.,Alpha vector delta prism willow alpha vertex flux.,2006,1,,3,4.99,164,20.76,PG-13,2026-03-29 02:18:11,Flux zenith matrix matrix willow cascade signal zenith vertex matrix willow meridian.
432,Willow delta willow flux signal pulse vertex delta orbit.,Orbit signal summit matrix orbit beacon zenith.,2006,6,5,6,2.99,121,15.8,PG-13,2025-01-22 20:07:57,Delta willow willow alpha signal alpha zenith quartz signal.
433,Flux delta cascade harbor beacon nova matrix.,Beacon ember quartz alpha pulse delta vector.,2006,3,6,5,2.99,161,18.13,R,2025-03-05 22:18:30,
434,Vector orbit signal orbit quartz cascade orbit beacon vector.,Ember pulse willow signal vertex summit.,2006,2,,4,0.99,77,29.5,NC-17,2025-02-10 15:45:35,Delta delta flux harbor summit beacon.
435,Summit cascade matrix vertex flux signal nova delta harbor.,Vertex signal harbor orbit signal nova.,2006,3,4,3,2.99,65,20.78,PG-13,2025-08-07 23:52:48,
436,Orbit flux nova zenith matrix cascade.,,2006,5,,4,0.99,132,29.57,PG-13,2025-02-26 09:35:05,Harbor ember prism harbor orbit prism.
437,Flux signal quartz signal cascade nova harbor flux willow harbor orbit harbor.,Ember alpha cascade harbor quartz meridian willow.,2006,4,,4,4.99,135,25.61,G,2025-02-02 18:33:58,Ember pulse vector prism vertex pulse delta.
438,Vertex zenith signal nova pulse vertex willow matrix ember cascade nova.,Beacon signal ember willow delta vertex ember zenith prism vector meridian flux.,2006,3,5,3,4.99,125,19.12,R,2025-12-22 09:56:06,
439,Beacon vector harbor vertex nova ember vector pulse flux vertex.,Meridian willow vector nova vertex ember quartz cascade cascade vertex vector delta.,2006,5,,3,2.99,87,16.81,R,2026-02-07 02:30:25,Vertex orbit delta pulse prism delta signal.
440,Flux orbit matrix zenith harbor flux cascade.,Summit meridian ember pulse harbor beacon.,2006,1,,3,4.99,70,23.18,NC-17,2025-09-15 07:53:14,
441,Vertex zenith meridian flux meridian quartz.,Willow pulse pulse vector vector quartz flux prism quartz.,2006,1,,6,2.99,120,12.2,R,2026-06-14 00:52:02,
442,Orbit beacon signal willow vector beacon nova vertex vector vector.,Nova signal nova flux signal alpha summit signal flux.,2006,3,1,6,2.99,164,17.65,R,2025-03-08 01:07:56,Orbit flux vector beacon matrix harbor ember summit.
443,Meridian signal flux willow meridian ember prism.,Summit signal cascade summit quartz delta orbit pulse beacon quartz quartz.,2006,2,1,3,4.99,131,14.6,PG-13,2025-04-17 21:13:19,Signal nova signal willow meridian beacon matrix flux alpha nova.
444,Nova willow beacon summit beacon delta.,Nova prism flux beacon zenith meridian quartz.,2006,2,,3,0.99,170,26.36,NC-17,2025-10-17 23:23:32,
445,Summit orbit vector pulse zenith meridian zenith zenith vector.,,2006,1,,7,0.99,177,13.21,R,2025-05-19 06:05:58,Prism delta vertex quartz flux flux pulse orbit vector cascade flux willow.
446,Ember meridian signal beacon pulse beacon quartz meridian pulse vertex.,Zenith flux willow harbor zenith harbor harbor harbor meridian alpha pulse.,2006,2,,6,0.99,161,22.44,PG,2026-06-29 12:53:55,
447,Vector vector zenith alpha ember cascade orbit prism vector flux delta beacon.,,2006,3,3,7,2.99,127,14.56,PG-13,2026-03-02 00:41:58,Orbit flux willow alpha delta nova willow harbor cascade orbit nova.
448,Meridian delta vertex quartz meridian willow nova orbit vector flux pulse delta.,Nova ember nova flux nova vertex signal alpha pulse zenith.,2006,1,,6,0.99,163,17.29,R,2025-06-26 00:36:40,Cascade flux vertex orbit vector vector quartz summit vector beacon alpha.
449,Cascade delta cascade prism signal vector orbit.,Prism flux orbit flux meridian harbor orbit signal delta flux.,2006,2,6,6,2.99,133,24.76,R,2026-01-11 14:27:40,
450,Ember beacon flux signal meridian cascade vector alpha prism zenith.,Prism quartz delta beacon zenith orbit vertex quartz quartz quartz.,2006,3,,3,0.99,67,12.92,R,2025-06-20 13:24:37,Flux meridian quartz signal summit harbor orbit.
451,Summit ember zenith signal beacon vertex harbor zenith delta prism.,Summit beacon alpha flux willow alpha alpha zenith signal matrix alpha.,2006,6,2,7,4.99,71,26.02,R,2025-01-16 19:32:00,
452,Orbit signal alpha zenith orbit pulse willow orbit signal cascade flux.,Orbit summit signal pulse nova alpha cascade alpha.,2006,3,2,7,2.99,170,10.81,PG-13,2026-01-20 15:57:52,
453,Flux prism cascade nova willow signal signal beacon.,Zenith nova willow pulse flux nova beacon matrix.,2006,1,,6,0.99,78,22.12,PG,2026-01-03 05:43:14,Signal pulse alpha cascade vertex zenith harbor cascade orbit nova signal delta.
454,Delta ember ember zenith zenith summit willow flux nova quartz delta.,Delta orbit meridian nova pulse quartz cascade ember signal.,2006,4,,7,2.99,75,24.18,PG,2025-01-08 20:38:52,
455,Ember cascade harbor ember vertex meridian willow meridian.,Meridian summit pulse vertex ember pulse cascade.,2006,6,,6,2.99,65,12.16,PG-13,2026-01-29 14:37:07,
456,Pulse vector willow delta alpha matrix meridian matrix ember summit signal.,Signal willow zenith cascade flux matrix ember.,2006,1,,3,2.99,83,24.98,R,2025-10-15 04:06:35,Alpha zenith harbor orbit nova meridian meridian vertex vector.
457,Vector orbit meridian delta zenith beacon vertex alpha zenith beacon meridian.,Meridian pulse vertex vertex beacon willow.,2006,3,4,4,2.99,168,15.29,NC-17,2025-04-19 13:03:04,Pulse alpha beacon summit meridian ember cascade.
458,Summit ember willow alpha flux signal delta cascade willow matrix.,Meridian flux vertex delta flux alpha pulse ember orbit vector nova.,2006,5,4,4,2.99,150,11.14,NC-17,2025-02-25 23:36:05,Ember harbor harbor prism summit zenith orbit beacon zenith matrix ember alpha.
459,Prism ember pulse summit cascade beacon flux nova pulse.,,2006,5,,7,4.99,152,14.67,PG,2026-04-08 06:56:26,
460,Vector summit prism meridian pulse nova ember orbit zenith.,Signal summit orbit alpha beacon matrix prism flux matrix vertex beacon nova.,2006,3,2,6,0.99,87,23.45,PG,2026-06-10 10:03:57,Pulse quartz meridian prism summit signal ember.
461,Cascade nova quartz quartz ember quartz flux quartz zenith beacon.,Vector vertex alpha willow signal nova meridian signal willow ember.,2006,4,3,7,0.99,96,16.86,PG,2025-03-28 12:27:10,Signal beacon matrix delta harbor beacon flux alpha alpha willow orbit.
462,Nova alpha vertex vertex orbit zenith.,Vertex harbor beacon zenith pulse signal.,2006,4,,3,0.99,96,12.39,R,2026-01-15 13:01:04,Alpha harbor meridian flux nova cascade matrix nova matrix vector.
463,Matrix orbit orbit meridian quartz vertex summit nova alpha alpha.,Beacon zenith quartz zenith orbit cascade willow harbor.,2006,4,1,4,4.99,117,16.63,PG-13,2025-08-20 00:29:37,Quartz matrix vector vector matrix orbit cascade.
464,Quartz beacon zenith cascade harbor delta zenith summit willow.,Ember matrix flux ember willow vector.,2006,2,2,6,0.99,72,27.44,R,2025-05-14 09:31:39,Orbit pulse quartz pulse orbit summit flux willow meridian flux pulse prism.
465,Prism flux flux harbor beacon summit orbit willow alpha quartz.,,2006,4,,7,4.99,158,24.54,NC-17,2026-03-09 17:30:40,Pulse delta nova alpha cascade orbit quartz vertex alpha willow.
466,Meridian quartz cascade nova vertex harbor flux beacon pulse signal flux alpha.,Flux orbit nova prism vertex meridian ember prism.,2006,2,,6,4.99,93,13.95,NC-17,2026-01-08 15:27:02,
467,Matrix vector quartz signal beacon ember ember delta cascade orbit.,Nova nova delta summit alpha ember.,2006,5,4,5,2.99,80,24.71,PG,2026-01-20 05:23:38,Willow signal alpha flux matrix matrix zenith beacon vector ember quartz matrix.
468,Flux matrix prism cascade summit vector willow prism harbor.,Flux signal cascade vertex nova summit.,2006,4,4,3,2.99,140,12.48,PG,2025-12-01 00:00:56,Alpha willow signal cascade quartz meridian zenith ember alpha.
469,Beacon zenith quartz alpha meridian vertex vertex alpha.,Quartz cascade harbor prism pulse vertex quartz beacon alpha.,2006,5,3,5,0.99,175,12.6,PG-13,2025-08-15 14:38:38,
470,Zenith matrix meridian prism ember flux prism pulse zenith alpha willow quartz.,,2006,3,,6,2.99,162,21.3,PG-13,2025-04-16 15:53:12,Pulse orbit willow quartz zenith signal summit quartz.
471,Signal ember quartz harbor meridian delta summit vertex beacon nova.,Summit summit meridian signal orbit meridian vector vertex matrix ember quartz.,2006,2,5,4,2.99,138,15.15,G,2026-06-21 01:39:24,Cascade pulse harbor alpha alpha vertex willow vector.
472,Willow zenith matrix meridian quartz signal orbit nova willow flux alpha flux.,,2006,3,,3,4.99,75,19.66,R,2026-04-25 10:50:23,Beacon harbor beacon cascade summit orbit harbor flux.
473,Pulse delta pulse orbit alpha prism beacon vertex orbit.,Prism signal pulse cascade signal prism cascade quartz ember harbor prism cascade.,2006,5,,4,2.99,165,27.52,R,2026-02-05 20:01:15,Willow flux willow prism summit orbit cascade vector summit vertex meridian.
474,Cascade quartz signal cascade summit beacon zenith.,,2006,1,,3,0.99,179,19.76,R,2025-07-02 18:12:54,
475,Cascade meridian ember summit delta delta nova summit matrix.,,2006,2,1,4,4.99,135,13.5,PG-13,2025-10-11 21:13:44,Delta matrix nova pulse cascade orbit.
476,Cascade harbor nova beacon beacon zenith pulse zenith prism summit signal.,Matrix delta ember pulse summit matrix willow zenith matrix nova pulse prism.,2006,5,,3,2.99,148,24.61,G,2025-08-01 16:27:47,Delta matrix signal delta alpha prism signal.
477,Pulse harbor meridian flux beacon matrix prism prism.,Matrix orbit pulse summit vertex harbor matrix alpha alpha vertex.,2006,2,,3,0.99,150,11.78,PG-13,2025-11-30 15:43:33,Vector summit delta orbit ember delta orbit matrix summit.
478,Vertex pulse orbit pulse alpha orbit ember.,,2006,3,,7,0.99,170,27.94,R,2025-02-17 07:39:54,
479,Cascade beacon ember flux vector beacon.,,2006,4,,3,4.99,72,15.13,G,2026-01-13 07:44:04,
480,Quartz quartz zenith signal prism flux vector signal meridian meridian ember orbit.,Signal beacon vertex delta matrix pulse summit matrix meridian meridian zenith beacon.,2006,3,,5,2.99,159,26.1,PG-13,2026-05-18 23:42:22,Flux delta summit zenith summit pulse willow.
481,Quartz ember prism meridian harbor flux quartz flux cascade nova meridian.,Prism quartz vector cascade vector quartz cascade summit meridian nova.,2006,5,,3,2.99,155,16.64,NC-17,2026-01-20 15:25:47,Harbor delta beacon meridian willow pulse orbit delta matrix quartz willow zenith.
482,Nova delta cascade vector vertex beacon zenith vector delta.,Prism orbit zenith delta harbor harbor matrix meridian summit signal prism harbor.,2006,6,,4,4.99,115,21.42,PG-13,2025-10-31 17:25:03,
483,Zenith matrix harbor orbit flux prism flux matrix prism cascade nova prism.,Pulse quartz prism nova beacon meridian willow alpha vector delta summit.,2006,1,4,4,0.99,148,10.75,G,2025-03-11 13:50:07,
484,Vertex ember orbit vertex meridian vector.,Vertex orbit meridian pulse ember zenith.,2006,1,,6,0.99,165,21.05,PG-13,2025-08-18 21:19:40,Nova meridian orbit vertex quartz signal delta willow nova.
485,Vector alpha cascade harbor ember pulse nova beacon beacon willow signal.,Signal signal signal delta cascade pulse orbit flux.,2006,2,,5,2.99,162,28.29,R,2026-01-26 16:30:08,
486,Nova matrix orbit delta beacon beacon.,Prism willow prism meridian willow signal ember vertex alpha ember signal alpha.,2006,1,2,6,0.99,154,18.53,PG,2026-06-23 07:25:53,Willow matrix nova matrix orbit zenith.
487,Cascade willow harbor vector meridian beacon.,Signal meridian signal vector vector willow signal.,2006,2,5,4,2.99,110,19.52,NC-17,2025-09-15 06:06:30,
488,Matrix cascade vector alpha pulse delta willow willow beacon cascade.,Flux harbor signal quartz prism willow.,2006,1,,6,0.99,151,21.11,PG,2025-01-21 08:07:40,Prism vertex signal summit willow nova delta cascade vector.
489,Beacon flux harbor zenith alpha signal vertex delta matrix cascade flux cascade.,Meridian delta quartz ember pulse harbor alpha zenith beacon beacon signal beacon.,2006,4,6,3,4.99,157,20.93,NC-17,2026-05-17 15:09:20,Vertex beacon prism delta pulse matrix meridian beacon quartz delta matrix.
490,Beacon meridian signal nova vector summit.,,2006,5,,3,2.99,124,15.81,R,2026-02-26 12:18:17,Vertex prism harbor flux prism pulse beacon harbor prism meridian flux pulse.
491,Cascade matrix flux zenith vertex quartz beacon prism harbor summit.,,2006,5,4,4,0.99,171,20.01,PG-13,2025-02-18 15:11:23,Nova nova delta pulse orbit vertex.
492,Zenith prism pulse quartz nova willow quartz matrix.,Pulse quartz beacon flux ember matrix vector quartz flux delta nova delta.,2006,6,,4,2.99,141,17.46,PG,2026-04-21 13:44:26,Orbit delta orbit quartz willow matrix cascade zenith pulse pulse flux signal.
493,Delta pulse beacon pulse nova willow ember alpha signal quartz.,Matrix beacon matrix vertex meridian quartz vertex orbit.,2006,2,,3,0.99,115,23.41,R,2025-02-02 10:32:14,Zenith pulse vector zenith alpha flux cascade matrix meridian orbit.
494,Vertex cascade delta pulse beacon quartz signal vertex flux.,,2006,5,,3,2.99,113,23.48,PG-13,2026-05-28 04:08:45,Orbit summit signal delta meridian summit zenith meridian.
495,Flux harbor cascade meridian summit pulse matrix harbor ember nova.,Summit vertex zenith summit willow quartz ember.,2006,3,2,6,2.99,168,19.2,PG-13,2025-08-31 14:31:48,
496,Flux nova cascade orbit pulse vertex orbit.,Harbor delta alpha signal summit flux summit harbor vector beacon meridian cascade.,2006,2,2,3,2.99,74,20.62,G,2025-07-21 10:57:40,Matrix beacon nova zenith delta nova pulse zenith pulse alpha matrix matrix.
497,Delta ember vertex beacon beacon flux summit summit vector.,Meridian prism delta flux alpha delta.,2006,4,1,4,4.99,119,17.56,PG-13,2025-12-27 05:01:25,Willow cascade summit cascade signal meridian cascade ember.
498,Beacon signal summit meridian signal matrix.,,2006,5,,3,2.99,160,13.22,R,2025-03-18 06:41:55,Cascade pulse prism cascade harbor willow orbit cascade ember beacon.
499,Signal harbor cascade zenith pulse ember beacon.,Meridian meridian vector alpha zenith meridian nova matrix vertex pulse matrix.,2006,1,,6,0.99,101,14.35,NC-17,2025-12-08 07:39:53,Alpha orbit delta zenith pulse vertex beacon.
500,Prism quartz ember pulse orbit alpha alpha flux vertex zenith.,,2006,2,1,5,2.99,90,21.96,PG-13,2026-02-10 14:02:03,Willow nova summit vector meridian prism.