movie_id,designation,summary,issued_year,locale_id,source_locale_id,loan_period,loan_fee,runtime,replace_cost,certificate,modified_on,extra_options
1,Cascade meridian harbor cascade zenith matrix flux zenith prism.,Harbor summit cascade meridian beacon meridian.,2006,2,,3,4.99,92,44.86,PG,2025-12-28 17:05:33,Vector ember willow alpha harbor beacon zenith matrix quartz vertex beacon zenith.
2,Prism harbor willow meridian harbor willow signal quartz ember.,Signal orbit vector nova flux cascade ember vector.,2006,3,4,5,4.99,118,38.74,R,2026-05-27 07:01:51,Cascade delta beacon quartz matrix summit zenith quartz pulse delta vertex prism.
3,Prism ember vector zenith nova cascade vector cascade vector beacon nova.,Meridian alpha nova willow delta delta alpha prism cascade ember beacon.,2006,2,1,4,4.99,83,28.07,NC-17,2026-04-10 05:15:57,Delta ember ember flux nova vertex.
4,Zenith delta flux cascade harbor delta matrix nova nova.,Willow meridian meridian alpha harbor alpha vector.,2006,6,5,5,0.99,162,36.31,G,2025-06-12 03:54:07,Meridian summit zenith cascade beacon harbor willow quartz meridian flux.
5,Ember orbit ember harbor zenith zenith harbor cascade vector flux alpha.,Prism delta vector meridian meridian vector flux matrix.,2006,4,6,7,4.99,130,19.5,PG,2025-11-21 16:27:26,Nova delta alpha zenith delta prism prism orbit matrix signal.
6,Meridian orbit beacon willow flux quartz vector zenith signal signal.,Willow beacon cascade willow vector summit alpha delta flux vector delta orbit.,2006,3,3,7,2.99,113,23.37,PG-13,2025-07-02 14:50:41,Orbit willow orbit flux quartz prism cascade pulse flux prism delta.
7,Matrix pulse vector delta willow delta flux harbor flux delta alpha.,Summit beacon cascade summit alpha prism meridian prism harbor signal quartz pulse.,2006,6,2,3,0.99,89,20.7,PG,2025-11-20 01:26:00,Cascade summit matrix flux willow flux signal.
8,Quartz orbit summit flux beacon harbor flux willow.,Ember pulse nova nova matrix quartz vector cascade summit delta meridian.,2006,1,1,7,4.99,111,29.66,PG-13,2025-04-22 19:04:27,
9,Meridian harbor pulse signal cascade orbit beacon vector orbit nova.,Prism vector vector signal pulse pulse ember summit cascade delta matrix beacon.,2006,2,5,4,0.99,166,28.67,NC-17,2025-06-02 20:04:48,Signal alpha prism harbor ember summit quartz willow willow vertex willow harbor.
10,Orbit matrix beacon willow beacon matrix nova delta cascade alpha vertex.,Zenith prism delta nova nova summit vertex nova harbor meridian matrix.,2006,5,2,7,2.99,143,15.86,PG-13,2026-01-16 07:29:39,Alpha vertex prism matrix willow beacon beacon prism.
11,Prism prism matrix harbor orbit prism willow matrix summit orbit harbor pulse.,Prism ember quartz flux pulse vertex nova zenith summit.,2006,5,4,5,2.99,157,31.55,R,2025-12-28 00:38:05,Willow quartz ember vector nova pulse.
12,Flux matrix nova delta meridian ember.,Willow willow vector harbor harbor flux zenith prism pulse.,2006,3,4,3,2.99,156,21.03,NC-17,2025-05-24 17:49:55,
13,Delta quartz vector harbor meridian flux.,Delta alpha summit zenith orbit meridian beacon summit delta vertex.,2006,2,1,7,2.99,104,12.36,PG,2025-09-17 17:14:15,Summit nova vertex summit signal zenith ember matrix.
14,Summit ember nova vector orbit matrix signal beacon summit beacon meridian willow.,Vertex willow vertex ember nova matrix signal pulse quartz flux signal willow.,2006,2,6,6,0.99,160,47.63,PG-13,2025-06-17 08:42:01,Matrix alpha vector summit quartz quartz.
15,Nova ember flux harbor flux meridian ember vector vertex beacon.,Vertex zenith orbit delta pulse signal ember nova matrix.,2006,6,3,4,2.99,81,16.89,G,2025-04-13 21:41:01,
16,Matrix prism orbit alpha ember delta matrix willow summit.,Zenith flux pulse signal pulse flux.,2006,2,5,4,2.99,148,15.61,G,2026-04-15 20:05:03,Delta quartz flux flux signal cascade.
17,Prism vector meridian harbor vertex orbit willow vector meridian alpha harbor.,Willow flux cascade ember pulse harbor cascade willow meridian beacon.,2006,1,4,3,2.99,150,48.79,PG-13,2025-08-17 03:21:08,Signal harbor alpha summit ember pulse.
18,Vector signal matrix prism alpha pulse pulse summit delta beacon.,Ember alpha vertex zenith willow willow matrix beacon orbit.,2006,4,2,7,2.99,165,35.2,R,2026-04-27 09:14:01,Alpha signal meridian nova meridian delta alpha.
19,Harbor harbor beacon signal cascade orbit vertex ember cascade harbor ember flux.,Pulse ember alpha meridian pulse meridian zenith.,2006,2,6,7,0.99,151,37.94,R,2025-09-28 23:23:08,Flux delta prism signal matrix harbor orbit flux.
20,Vector signal signal prism delta pulse nova flux quartz delta.,Alpha zenith prism delta matrix orbit beacon summit cascade.,2006,1,2,4,2.99,90,47.25,G,2025-06-27 12:36:57,
21,Ember pulse delta alpha nova prism willow cascade vertex prism delta.,Cascade orbit pulse matrix flux cascade.,2006,5,2,5,2.99,167,24.02,R,2026-06-26 05:22:54,Nova quartz pulse ember vector nova pulse vertex.
22,Summit vertex flux matrix nova nova beacon vector.,Meridian vector summit zenith pulse delta flux ember.,2006,2,2,3,2.99,159,37.12,G,2026-01-14 14:05:48,
23,Willow pulse prism willow ember harbor flux willow harbor.,Matrix vector pulse harbor delta alpha orbit zenith zenith nova.,2006,1,1,6,2.99,82,11.25,G,2026-03-16 00:20:43,
24,Orbit beacon quartz orbit matrix matrix cascade.,Signal zenith delta prism matrix alpha summit quartz.,2006,2,3,3,2.99,97,45.94,R,2025-05-25 05:59:29,Willow quartz quartz flux matrix signal meridian cascade summit summit cascade vector.
25,Orbit harbor harbor signal matrix quartz signal summit willow orbit vertex.,Alpha quartz willow nova pulse vector alpha cascade delta.,2006,1,4,5,2.99,112,42.14,R,2026-02-27 06:26:37,Flux vertex vertex cascade alpha vertex flux pulse zenith harbor.
26,Summit vector meridian orbit vertex willow meridian.,Prism vector alpha pulse orbit quartz alpha meridian quartz signal.,2006,4,2,6,2.99,156,10.12,PG,2025-08-10 10:56:40,
27,Beacon vector signal willow orbit zenith vector prism.,Quartz ember delta orbit vector ember delta signal orbit willow delta prism.,2006,6,4,7,0.99,88,36.64,R,2025-02-06 19:57:03,Delta zenith zenith vertex ember quartz zenith prism summit cascade.
28,Beacon orbit vertex matrix ember prism.,Vertex delta vector quartz vector vector ember orbit willow.,2006,2,1,4,0.99,146,18.19,R,2025-03-15 20:43:26,
29,Alpha quartz delta prism prism summit nova prism alpha.,Matrix harbor signal prism prism beacon vector vertex summit pulse ember vector.,2006,6,1,4,2.99,171,24.01,PG,2025-05-12 21:22:37,
30,Signal pulse meridian prism summit zenith nova meridian cascade willow matrix.,Beacon signal alpha beacon ember delta delta harbor ember flux.,2006,1,5,3,4.99,174,21.42,PG-13,2025-10-14 15:30:09,Flux signal matrix prism delta flux delta vector quartz cascade.
31,Harbor matrix vertex ember quartz zenith willow orbit zenith cascade.,Summit vertex prism quartz beacon delta harbor signal ember signal meridian.,2006,2,3,4,4.99,132,21.89,PG-13,2025-04-10 18:27:42,Flux alpha meridian orbit ember willow.
32,Signal matrix delta vector pulse cascade orbit.,Orbit matrix delta harbor willow alpha prism zenith alpha vertex.,2006,6,5,5,2.99,93,45.09,PG-13,2026-03-04 11:57:04,Orbit vector zenith signal delta willow quartz vector.
33,Prism willow flux ember orbit meridian willow harbor nova.,Vertex meridian orbit willow delta signal.,2006,1,4,5,4.99,121,11.22,PG,2025-11-16 16:42:37,Cascade pulse meridian beacon matrix quartz willow nova meridian.
34,Quartz willow pulse vertex beacon alpha cascade harbor prism vertex signal beacon.,Meridian prism nova cascade prism delta nova signal nova harbor nova matrix.,2006,6,,6,2.99,142,21.51,PG-13,2025-02-12 06:23:01,Beacon zenith beacon delta beacon vector meridian beacon.
35,Nova vertex delta matrix nova flux delta summit willow delta willow.,Summit zenith zenith meridian harbor signal prism prism delta.,2006,6,6,5,2.99,156,33.81,R,2025-06-03 19:46:38,
36,Orbit ember vertex cascade prism nova summit pulse harbor willow meridian vector.,Alpha harbor willow delta orbit summit summit ember nova harbor.,2006,4,5,7,2.99,144,24.41,R,2026-06-19 01:48:33,
37,Delta prism summit matrix nova matrix harbor willow beacon.,Alpha beacon signal zenith orbit willow vertex vertex nova summit prism.,2006,1,,3,2.99,121,45.05,PG,2025-02-17 01:14:36,Harbor meridian signal ember willow delta matrix flux.
38,Pulse vertex vector pulse prism flux matrix delta ember.,Beacon delta flux willow summit orbit zenith quartz zenith vertex zenith prism.,2006,1,1,5,4.99,138,36.3,PG,2026-02-13 18:38:28,Matrix nova zenith zenith summit meridian flux.
39,Cascade willow ember prism flux beacon orbit prism harbor.,Flux beacon harbor delta ember willow.,2006,1,6,7,0.99,179,28.65,PG-13,2025-11-24 13:45:39,
40,Harbor summit prism cascade signal quartz.,Nova zenith nova cascade flux alpha orbit matrix flux ember harbor.,2006,6,4,3,0.99,159,10.42,R,2025-10-20 23:06:51,
41,Matrix willow signal summit ember summit nova.,Delta orbit harbor vertex beacon summit.,2006,4,2,6,2.99,163,25.61,G,2026-01-03 12:20:28,
42,Willow pulse orbit orbit signal alpha beacon cascade beacon flux beacon.,Alpha harbor harbor nova quartz cascade orbit cascade harbor signal beacon.,2006,1,,7,2.99,170,43.14,NC-17,2026-05-31 20:13:27,Vector willow matrix orbit ember quartz willow prism summit.
43,Quartz cascade pulse vector signal vertex delta matrix vertex.,Nova quartz pulse summit flux harbor signal signal willow summit matrix.,2006,5,6,4,0.99,124,31.99,PG,2025-12-06 00:37:19,Zenith signal vertex signal ember matrix delta quartz.
44,Ember quartz flux quartz signal alpha nova harbor delta ember willow.,Nova ember delta flux alpha orbit cascade orbit vector signal summit.,2006,5,2,4,0.99,144,40.06,NC-17,2025-11-07 12:45:03,
45,Alpha delta willow orbit cascade nova nova beacon delta zenith.,Vector cascade harbor prism pulse flux.,2006,1,2,4,2.99,87,20.87,PG,2025-12-05 23:45:27,Summit quartz prism beacon zenith vector beacon summit.
46,Delta flux ember flux flux vertex.,Pulse quartz zenith quartz vertex vertex.,2006,2,4,5,0.99,103,19.82,NC-17,2025-06-15 20:08:21,
47,Willow vertex flux meridian vertex harbor vector quartz meridian beacon prism willow.,Delta prism delta pulse harbor signal beacon summit summit prism orbit delta.,2006,5,6,6,0.99,146,31.96,PG-13,2026-01-23 19:42:48,Prism zenith meridian meridian quartz meridian beacon cascade.
48,Orbit zenith meridian harbor beacon signal delta.,Signal delta summit summit ember vertex ember.,2006,2,5,7,2.99,169,45.61,R,2025-09-14 21:06:23,
49,Alpha beacon delta prism prism vector flux matrix flux prism flux.,Harbor signal flux harbor flux delta.,2006,6,,5,4.99,104,17.75,NC-17,2026-06-06 13:36:35,Willow vertex summit cascade delta vector quartz summit.
50,Meridian matrix quartz alpha prism orbit harbor flux alpha ember.,Signal orbit vector quartz quartz orbit summit alpha orbit beacon meridian.,2006,3,,4,2.99,149,25.37,R,2026-04-08 18:15:36,Delta prism alpha zenith zenith flux summit ember flux flux.
51,Vertex delta matrix delta zenith meridian nova nova.,Prism prism beacon matrix flux vertex.,2006,4,5,7,2.99,120,45.47,R,2025-10-21 13:48:23,
52,Meridian alpha alpha nova signal vertex willow zenith matrix pulse ember quartz.,Harbor vertex flux harbor vertex summit cascade quartz.,2006,3,5,7,4.99,108,40.52,PG-13,2026-06-15 20:53:42,
53,Meridian signal matrix beacon beacon beacon pulse ember alpha zenith flux prism.,Meridian cascade zenith signal meridian prism willow quartz zenith meridian.,2006,3,5,4,0.99,127,38.23,PG,2025-07-09 05:44:37,
54,Prism cascade alpha pulse harbor willow alpha summit willow delta.,Pulse meridian alpha meridian willow pulse.,2006,4,4,6,4.99,105,32.55,PG,2025-06-25 16:31:10,Cascade summit meridian signal cascade signal meridian prism nova zenith.
55,Vertex meridian willow matrix signal orbit orbit harbor orbit alpha alpha.,Zenith ember meridian willow nova summit quartz.,2006,3,4,7,2.99,113,47.1,PG,2026-01-04 05:17:05,
56,Signal nova signal willow vector meridian harbor.,Cascade harbor summit zenith prism beacon summit.,2006,3,4,6,4.99,101,49.83,R,2025-08-11 20:40:00,Matrix delta meridian cascade vertex signal vector alpha.
57,Nova willow flux flux matrix flux quartz willow delta.,Signal vertex vertex alpha ember orbit quartz.,2006,1,2,5,4.99,131,17.33,G,2026-06-20 07:08:17,Flux ember signal willow flux summit.
58,Nova summit pulse delta cascade delta nova.,Pulse signal nova prism beacon delta alpha vertex.,2006,6,1,7,2.99,104,10.64,R,2026-05-04 10:23:39,Ember zenith delta zenith quartz beacon flux zenith summit willow.
59,Vertex nova zenith harbor vertex orbit willow.,Flux zenith willow vertex cascade beacon harbor nova quartz.,2006,2,,7,2.99,149,15.11,PG-13,2025-04-09 17:25:33,Beacon harbor alpha vertex ember meridian zenith meridian.
60,Vector meridian meridian meridian signal signal summit cascade quartz alpha.,Summit nova pulse signal quartz signal quartz ember matrix zenith nova.,2006,6,,4,2.99,121,49.96,PG-13,2025-04-27 16:59:18,Zenith vertex matrix summit harbor vector pulse flux ember pulse prism delta.
61,Orbit willow meridian prism zenith harbor nova.,Zenith harbor cascade vertex nova harbor matrix vector orbit willow cascade alpha.,2006,4,,4,2.99,82,45.34,PG-13,2025-10-19 18:38:41,Summit prism summit quartz harbor prism alpha.
62,Flux zenith flux willow willow pulse flux alpha vertex.,Harbor harbor pulse nova prism pulse harbor summit vector summit.,2006,2,1,5,2.99,144,12.02,PG-13,2025-12-18 01:55:01,Quartz signal summit beacon orbit signal meridian.
63,Vertex vector summit nova summit willow.,Orbit ember flux pulse summit cascade alpha cascade ember.,2006,4,2,6,2.99,138,28.66,PG,2025-10-22 19:04:59,Vector pulse orbit matrix ember zenith harbor alpha vector beacon alpha signal.
64,Alpha matrix beacon matrix flux vector vertex nova alpha summit vector.,Pulse pulse willow cascade alpha beacon pulse willow meridian pulse vertex.,2006,3,5,7,2.99,105,46.24,PG,2025-06-06 10:23:43,
65,Pulse matrix alpha alpha quartz beacon beacon meridian.,Zenith quartz flux cascade meridian matrix vector quartz cascade zenith vertex vector.,2006,3,3,4,2.99,175,15.21,PG-13,2025-04-24 15:44:29,Flux alpha vector quartz pulse flux.
66,Harbor zenith matrix matrix vertex ember orbit meridian zenith.,Beacon cascade beacon alpha prism ember vertex signal.,2006,4,1,5,0.99,97,17.14,PG-13,2025-07-25 18:59:12,Ember orbit cascade prism meridian beacon alpha.
67,Harbor flux prism prism nova vertex summit.,Vertex delta matrix summit orbit alpha alpha vertex.,2006,1,,7,2.99,134,46.33,R,2025-06-20 17:48:55,Zenith harbor nova zenith ember pulse.
68,Quartz quartz prism ember vector alpha cascade harbor pulse pulse willow.,Alpha summit signal quartz zenith beacon harbor.,2006,6,3,5,0.99,174,10.31,PG-13,2025-12-28 11:11:50,Vector signal willow beacon meridian signal nova vertex matrix zenith prism signal.
69,Ember summit vector ember signal nova orbit nova.,Zenith nova orbit vector alpha willow summit orbit willow matrix.,2006,6,3,3,2.99,106,35.92,PG-13,2025-12-13 06:01:56,Vertex nova quartz willow zenith delta zenith delta pulse summit vertex.
70,Orbit orbit cascade nova delta quartz harbor nova willow beacon matrix willow.,Cascade matrix beacon nova prism willow vertex.,2006,1,4,5,2.99,157,38.17,PG-13,2025-10-26 19:32:14,Zenith vector flux matrix vertex prism.
71,Flux prism orbit cascade vector signal zenith meridian quartz vertex prism cascade.,Signal flux vertex nova summit vertex willow delta.,2006,6,2,7,2.99,161,34.34,NC-17,2025-04-06 21:29:57,
72,Vertex quartz willow prism prism orbit vertex.,Pulse harbor flux ember orbit beacon summit zenith.,2006,5,3,3,0.99,111,21.3,R,2026-03-19 13:47:45,Alpha quartz beacon meridian ember vertex quartz flux vector harbor alpha.
73,Matrix summit alpha beacon signal summit cascade beacon summit orbit prism.,Flux harbor beacon willow zenith vertex ember quartz prism vertex matrix.,2006,4,1,6,0.99,165,26.1,PG-13,2025-07-03 20:27:41,
74,Summit meridian harbor vertex matrix harbor cascade signal nova.,Cascade cascade signal delta signal willow vertex.,2006,5,,5,4.99,149,13.53,R,2025-02-21 00:16:16,Pulse pulse meridian cascade matrix meridian nova pulse willow summit delta harbor.
75,Signal signal nova vector ember alpha willow matrix matrix pulse pulse beacon.,Meridian summit signal harbor flux quartz harbor alpha.,2006,5,,3,0.99,173,49.2,PG-13,2025-09-05 09:50:03,Willow vector prism quartz matrix beacon delta.
76,Signal matrix vector orbit prism nova matrix beacon vertex.,Summit prism beacon pulse ember matrix.,2006,6,2,4,0.99,117,33.32,R,2026-01-17 23:23:38,Harbor zenith vector harbor vertex flux harbor meridian quartz harbor.
77,Signal meridian vector harbor signal orbit matrix orbit.,Willow alpha summit nova harbor cascade beacon quartz.,2006,5,,7,2.99,174,41.48,PG-13,2025-08-12 15:06:34,Willow vector harbor cascade ember prism vector prism prism.
78,Zenith quartz quartz alpha signal willow vector signal pulse.,Meridian harbor cascade beacon signal ember summit orbit beacon ember.,2006,5,6,3,0.99,101,46.45,PG,2025-03-28 06:03:00,
79,Willow delta summit summit nova quartz vertex flux summit cascade quartz zenith.,Pulse meridian alpha flux orbit orbit quartz ember.,2006,1,3,4,2.99,114,31.82,R,2025-10-07 14:27:17,Quartz zenith flux zenith prism nova ember prism orbit vector beacon.
80,Harbor signal vertex harbor ember quartz willow harbor pulse.,Flux quartz zenith orbit willow matrix signal.,2006,3,4,4,0.99,175,28.94,R,2026-03-06 18:47:11,Alpha delta vertex matrix vertex meridian cascade quartz.
81,Vertex meridian cascade summit willow vector meridian.,Alpha prism nova pulse ember ember delta zenith cascade nova orbit.,2006,6,4,6,2.99,136,38.33,R,2025-01-12 14:19:04,Ember vector quartz orbit quartz meridian nova.
82,Meridian vector alpha nova meridian willow cascade beacon.,Zenith prism ember beacon willow nova summit.,2006,5,3,3,4.99,149,30.61,G,2025-09-26 03:27:16,
83,Zenith nova vertex signal nova vector signal cascade beacon.,Delta cascade flux willow flux vertex delta harbor flux flux flux pulse.,2006,3,5,6,0.99,101,27.15,R,2025-10-04 00:55:22,Signal matrix alpha alpha vector summit harbor cascade nova vertex.
84,Matrix matrix beacon alpha meridian nova vertex meridian.,Prism meridian prism zenith vertex prism.,2006,3,6,4,0.99,128,49.98,PG-13,2025-01-19 13:46:46,Prism meridian harbor quartz pulse vector nova orbit alpha flux prism signal.
85,Cascade alpha alpha quartz orbit zenith pulse matrix willow matrix matrix orbit.,Meridian vector zenith vertex quartz pulse alpha delta meridian prism vector prism.,2006,2,4,6,2.99,112,47.56,R,2026-03-18 18:16:02,Willow prism willow quartz summit pulse.
86,Quartz zenith matrix beacon signal ember matrix flux signal matrix.,Quartz signal cascade signal orbit zenith ember nova.,2006,3,1,6,4.99,107,21.34,NC-17,2025-05-26 06:10:06,Zenith zenith pulse alpha quartz willow.
87,Alpha nova prism signal vertex vector alpha beacon cascade willow pulse willow.,Alpha cascade quartz beacon vertex orbit delta.,2006,1,,4,2.99,96,45.05,PG-13,2025-10-20 17:33:09,Harbor vertex pulse ember pulse delta ember vector alpha.
88,Ember ember orbit pulse vector orbit zenith willow vertex flux zenith orbit.,Ember signal pulse summit ember harbor alpha orbit delta cascade vertex.,2006,5,1,5,2.99,109,43.32,G,2026-05-31 13:25:45,Matrix delta beacon alpha prism vector alpha nova prism harbor harbor prism.
89,Summit beacon ember alpha beacon nova beacon delta flux pulse.,Harbor signal delta flux pulse beacon meridian delta.,2006,6,,5,2.99,102,34.02,R,2025-11-06 23:56:13,Orbit flux cascade vertex meridian pulse ember beacon delta meridian.
90,Nova cascade harbor alpha flux harbor willow cascade zenith.,Summit harbor flux meridian delta vertex orbit nova.,2006,1,2,5,0.99,162,18.15,NC-17,2025-03-20 13:10:46,Cascade summit nova pulse matrix meridian summit orbit vector.
91,Ember flux harbor quartz prism alpha.,Nova zenith quartz prism zenith summit meridian vector pulse harbor vector.,2006,5,6,3,2.99,176,17.46,PG-13,2025-11-21 19:21:41,Delta matrix ember quartz quartz signal pulse alpha meridian summit.
92,Flux vertex delta willow quartz signal summit summit beacon nova.,Vertex delta vertex prism vertex flux prism vertex ember.,2006,2,4,7,4.99,113,15.39,PG,2026-01-14 22:03:41,Beacon orbit summit orbit willow signal signal meridian ember delta flux.
93,Ember prism quartz signal flux vertex matrix.,Summit meridian pulse delta summit cascade summit harbor pulse alpha nova.,2006,1,2,4,2.99,143,40.98,R,2025-07-26 05:39:30,Orbit alpha signal beacon summit vector harbor.
94,Summit harbor nova alpha vector willow signal prism.,Zenith orbit alpha alpha beacon cascade.,2006,3,,5,4.99,99,27.59,PG-13,2025-05-05 18:16:42,
95,Delta pulse prism orbit prism ember signal.,Prism willow vertex cascade prism flux matrix.,2006,4,,3,2.99,152,36.9,R,2025-10-10 05:07:52,Vertex matrix delta ember matrix signal willow cascade.
96,Zenith willow meridian zenith vertex prism zenith alpha.,Matrix orbit pulse vertex zenith ember beacon cascade quartz pulse quartz.,2006,6,,7,2.99,148,32.61,R,2025-11-30 09:12:58,
97,Summit nova summit delta ember delta delta ember quartz vector pulse.,Pulse signal meridian matrix ember matrix delta ember ember nova signal meridian.,2006,5,3,4,2.99,111,22.42,PG,2025-10-06 18:10:58,Meridian prism meridian vertex alpha vertex nova summit.
98,Alpha quartz harbor ember summit quartz prism.,Meridian vertex flux quartz ember harbor zenith harbor orbit cascade harbor.,2006,5,1,7,4.99,124,41.97,PG-13,2025-08-22 06:26:39,Matrix willow prism meridian vertex signal cascade nova willow.
99,Flux quartz signal vector matrix vertex flux vector beacon flux matrix.,Pulse alpha cascade flux prism zenith cascade.,2006,6,3,6,0.99,178,34.02,PG,2026-06-12 05:44:27,Willow delta beacon nova beacon vertex.
100,Beacon pulse matrix matrix zenith vector quartz beacon ember summit summit.,Willow alpha orbit willow zenith flux.,2006,1,2,6,4.99,125,46.75,PG-13,2025-11-08 08:36:46,Harbor delta harbor summit summit delta alpha prism meridian harbor willow harbor.
101,Flux vector meridian ember quartz zenith vertex matrix willow.,Matrix matrix cascade signal matrix summit vertex quartz zenith flux alpha.,2006,1,,6,0.99,104,39.27,PG-13,2026-01-08 13:09:17,Meridian vertex flux matrix pulse zenith beacon willow beacon orbit.
102,Nova quartz pulse pulse nova flux prism orbit flux zenith.,Delta delta quartz ember orbit orbit ember.,2006,3,5,5,0.99,82,43.93,R,2026-04-19 03:11:10,Alpha alpha orbit cascade signal summit prism nova delta.
103,Quartz delta signal alpha vector matrix delta prism vector cascade ember.,Delta summit ember cascade summit signal orbit willow prism.,2006,2,5,5,0.99,151,19.23,G,2026-03-06 16:19:12,Prism zenith summit matrix signal beacon alpha zenith zenith quartz pulse signal.
104,Flux zenith signal summit harbor ember beacon zenith nova.,Summit summit flux vertex willow beacon vector alpha zenith.,2006,3,1,3,4.99,107,37.9,R,2026-02-03 09:33:04,
105,Delta prism signal beacon zenith beacon vertex delta flux orbit.,Matrix delta vector quartz vector signal matrix alpha.,2006,6,2,6,0.99,149,26.44,R,2025-08-08 09:07:13,
106,Cascade summit prism orbit orbit delta prism.,Vector orbit willow quartz willow harbor willow prism cascade nova.,2006,1,,5,0.99,89,49.59,PG-13,2025-07-11 09:34:06,Pulse prism alpha vertex vertex alpha delta.
107,Vector orbit flux cascade flux nova harbor.,Prism harbor zenith quartz harbor summit prism signal vertex.,2006,3,5,6,0.99,130,32.36,NC-17,2025-03-03 00:23:13,Beacon quartz signal vector delta quartz.
108,Orbit pulse delta matrix willow prism signal delta vertex summit zenith harbor.,Matrix pulse flux cascade cascade pulse alpha cascade vertex quartz prism.,2006,1,2,6,0.99,168,16.49,PG-13,2025-06-12 00:37:05,Matrix pulse alpha quartz orbit beacon ember delta delta delta vertex.
109,Harbor nova flux orbit harbor cascade vector orbit ember.,Matrix nova summit summit harbor willow signal harbor vertex ember flux.,2006,1,4,7,0.99,126,10.28,R,2025-07-27 08:55:04,Harbor alpha delta summit pulse willow flux matrix.
110,Matrix meridian signal alpha vector beacon pulse.,Zenith beacon cascade flux beacon prism ember meridian signal flux nova.,2006,6,5,6,0.99,179,39.18,PG-13,2025-02-26 05:40:26,Nova signal meridian flux prism vertex matrix.
111,Ember zenith orbit vector signal pulse.,Cascade vector nova vector delta orbit vertex willow.,2006,1,4,4,2.99,142,42.03,PG,2025-12-15 04:01:32,Matrix zenith signal zenith ember willow pulse harbor.
112,Summit delta prism meridian pulse signal summit orbit willow.,Pulse pulse zenith prism harbor prism.,2006,4,,3,2.99,129,39.2,G,2025-05-21 11:18:24,
113,Vertex vertex prism signal prism pulse matrix zenith vector willow summit.,Orbit willow vertex delta vertex meridian vertex nova zenith flux delta quartz.,2006,6,1,6,0.99,151,36.1,PG,2025-02-25 02:03:55,Orbit nova beacon delta prism nova nova.
114,Cascade summit cascade vertex cascade vertex vertex nova harbor nova harbor quartz.,Nova flux ember willow delta pulse matrix delta orbit nova delta.,2006,6,5,7,4.99,124,25.41,R,2025-03-29 05:49:27,Ember delta vector delta orbit summit nova.
115,Prism meridian delta willow meridian ember ember flux prism.,Alpha nova quartz summit ember alpha meridian prism.,2006,2,5,5,4.99,115,35.33,G,2025-03-24 06:13:24,Quartz meridian signal matrix cascade zenith signal.
116,Delta matrix alpha signal nova summit cascade summit matrix quartz.,Pulse meridian alpha alpha alpha prism matrix alpha harbor summit.,2006,3,5,3,4.99,96,23.58,NC-17,2026-04-26 22:36:24,Matrix matrix quartz vertex summit beacon.
117,Delta alpha willow nova willow beacon.,Vertex cascade delta ember willow nova quartz meridian.,2006,5,2,3,2.99,124,34.57,PG-13,2026-06-30 11:43:05,Beacon flux vertex summit vector zenith quartz pulse orbit ember vertex.
118,Zenith summit alpha flux quartz nova delta harbor.,Willow signal meridian cascade delta flux cascade pulse pulse vector meridian.,2006,1,6,5,0.99,93,24.68,PG-13,2025-02-04 15:15:09,Summit matrix summit harbor zenith matrix ember vector prism summit vertex vertex.
119,Willow willow beacon signal beacon harbor.,Delta ember willow harbor flux beacon matrix pulse vector matrix.,2006,6,5,5,4.99,137,49.54,R,2025-01-21 04:04:32,Summit pulse summit signal vector quartz willow nova.
120,Alpha signal delta zenith orbit flux vertex zenith signal.,Harbor delta beacon cascade quartz vertex.,2006,1,,5,0.99,173,38.01,PG,2026-04-26 09:46:59,Nova beacon vertex ember beacon ember alpha summit.
121,Flux nova orbit delta flux orbit signal ember.,Cascade vector alpha orbit vector willow willow.,2006,6,6,6,0.99,85,38.35,R,2025-02-17 07:24:08,
122,Beacon summit prism matrix beacon flux.,Alpha orbit quartz harbor prism beacon matrix.,2006,3,3,4,0.99,112,17.35,PG-13,2026-03-11 03:16:29,Matrix ember delta orbit beacon cascade delta pulse.
123,Delta meridian orbit alpha pulse vertex prism delta cascade zenith harbor signal.,Quartz pulse orbit summit vertex signal willow ember ember orbit alpha matrix.,2006,4,4,3,2.99,99,43.58,R,2026-02-22 08:42:45,Quartz willow summit zenith ember matrix pulse flux willow delta zenith.
124,Zenith meridian willow delta quartz quartz pulse pulse beacon pulse flux.,Harbor harbor delta willow vertex matrix signal ember pulse cascade.,2006,4,,5,4.99,175,37.17,R,2025-05-02 14:24:25,
125,Cascade signal matrix flux matrix pulse nova orbit summit orbit.,Quartz zenith matrix ember willow cascade quartz matrix ember.,2006,3,2,6,2.99,164,37.25,PG,2025-12-16 12:18:08,Meridian pulse quartz prism meridian pulse signal ember willow.
126,Flux beacon signal meridian orbit harbor.,Summit delta flux summit prism willow willow matrix ember.,2006,5,5,7,2.99,107,47.26,R,2025-01-16 18:57:15,Alpha nova summit delta cascade meridian.
127,Quartz summit prism zenith cascade beacon orbit meridian pulse.,Willow alpha beacon orbit cascade matrix orbit harbor harbor.,2006,3,6,6,2.99,174,42.37,PG,2025-02-28 13:47:10,Flux harbor vertex zenith summit quartz matrix summit delta meridian vertex pulse.
128,Meridian matrix zenith ember prism willow vector.,Matrix meridian meridian signal vertex delta quartz.,2006,4,3,7,0.99,180,31.93,R,2026-04-17 04:13:19,
129,Flux pulse flux prism cascade orbit zenith quartz ember vertex vector delta.,Pulse zenith pulse vertex meridian meridian prism summit prism alpha.,2006,4,1,6,4.99,83,14.15,PG-13,2025-07-25 05:16:18,Beacon cascade harbor summit cascade alpha willow pulse.
130,Summit pulse vertex signal pulse prism orbit matrix vector zenith.,Zenith vertex delta pulse willow matrix delta vertex willow pulse zenith prism.,2006,6,2,4,2.99,152,23.6,R,2025-02-09 05:40:49,
131,Vector orbit signal quartz orbit beacon delta nova prism willow summit.,Pulse signal delta beacon willow willow meridian vertex cascade.,2006,6,4,5,2.99,111,27.85,PG-13,2025-06-01 23:23:00,
132,Zenith quartz prism harbor vector ember alpha nova vector harbor meridian.,Delta prism meridian zenith signal matrix delta quartz ember willow.,2006,3,5,7,0.99,149,27.66,NC-17,2026-06-12 15:59:38,
133,Summit pulse willow cascade matrix quartz.,Beacon meridian matrix meridian vector cascade cascade summit zenith.,2006,6,,3,2.99,162,42.03,R,2026-01-09 19:39:32,
134,Ember meridian willow summit quartz meridian meridian meridian.,Willow harbor harbor cascade meridian quartz flux.,2006,5,4,4,2.99,128,36.6,NC-17,2025-12-07 01:03:11,Quartz vertex prism zenith summit alpha.
135,Beacon meridian flux meridian meridian summit delta signal pulse.,Flux vector delta matrix beacon zenith.,2006,1,3,4,4.99,168,17.02,PG-13,2025-11-17 00:57:11,
136,Nova quartz pulse quartz cascade ember harbor matrix harbor harbor prism matrix.,Ember zenith flux vertex flux quartz quartz alpha.,2006,5,,6,0.99,152,32.93,PG-13,2026-02-23 23:10:14,Cascade nova orbit orbit vertex cascade.
137,Quartz delta alpha willow vector beacon flux.,Harbor pulse vector nova ember harbor flux orbit.,2006,4,,6,0.99,154,10.77,NC-17,2026-06-09 13:54:57,
138,Matrix matrix vertex harbor alpha nova quartz.,Flux alpha summit pulse vector delta flux orbit flux meridian willow.,2006,2,3,4,2.99,151,47.52,NC-17,2025-01-26 07:46:26,Meridian beacon vertex prism alpha quartz.
139,Quartz prism prism vector summit zenith harbor delta matrix.,Beacon quartz cascade nova summit alpha harbor quartz prism.,2006,4,5,6,4.99,175,26.07,R,2026-03-02 11:31:50,Ember nova meridian vertex delta orbit signal vertex cascade vertex summit flux.
140,Beacon pulse prism meridian zenith pulse signal flux ember orbit vector harbor.,Beacon beacon orbit flux signal flux orbit flux alpha matrix matrix willow.,2006,1,,3,4.99,179,17.54,G,2025-05-22 03:20:32,Beacon ember harbor harbor quartz vector flux.
141,Orbit flux orbit ember vector zenith nova vertex matrix ember willow vector.,Summit matrix summit meridian nova orbit ember orbit.,2006,3,6,4,2.99,158,34.77,PG-13,2025-06-11 16:40:31,Quartz beacon nova delta beacon cascade matrix summit vector.
142,Alpha flux willow meridian prism vector flux vertex.,Flux summit beacon harbor ember beacon signal ember vertex.,2006,6,5,7,0.99,111,45.7,NC-17,2026-01-26 17:20:17,Nova delta willow alpha flux quartz.
143,Flux matrix harbor beacon orbit summit cascade quartz meridian matrix matrix alpha.,Delta quartz cascade willow ember orbit summit quartz.,2006,4,5,3,0.99,91,28.24,R,2026-01-09 06:35:53,Prism alpha ember summit cascade beacon delta zenith.
144,Delta harbor orbit matrix delta vertex delta.,Orbit meridian nova quartz summit alpha willow harbor cascade beacon harbor.,2006,1,,3,0.99,163,28.68,NC-17,2025-11-26 15:23:52,
145,Orbit alpha nova pulse willow cascade beacon ember vector harbor flux.,Prism nova prism flux harbor cascade willow vector.,2006,6,1,6,2.99,84,41.33,PG,2025-12-13 04:13:37,Signal quartz flux flux pulse meridian ember.
146,Zenith vertex flux pulse pulse vector nova prism.,Pulse prism matrix vertex harbor matrix nova matrix flux ember nova ember.,2006,5,,6,4.99,161,39.12,PG-13,2026-01-06 12:07:41,Alpha delta zenith vertex zenith cascade nova flux orbit beacon.
147,Beacon vector harbor signal alpha orbit delta.,Beacon beacon matrix pulse harbor zenith harbor flux orbit zenith willow cascade.,2006,6,6,4,0.99,175,48.42,R,2026-04-10 16:13:50,Vertex prism vertex cascade vector vertex.
148,Vertex quartz cascade harbor vertex summit.,Vertex beacon quartz ember flux orbit matrix matrix harbor.,2006,6,,3,2.99,116,15.37,R,2025-07-24 12:36:13,Beacon meridian harbor zenith quartz flux pulse.
149,Cascade willow meridian pulse nova vertex orbit harbor harbor matrix vector.,Delta vector quartz vector willow ember cascade delta.,2006,6,5,5,4.99,96,45.38,R,2025-10-22 05:06:22,
150,Vertex signal summit harbor prism delta.,Nova delta delta nova vector delta quartz meridian pulse flux.,2006,5,2,6,2.99,140,10.06,G,2025-10-11 07:19:48,Zenith meridian cascade delta quartz meridian nova.
151,Zenith summit signal nova prism orbit delta pulse.,Matrix summit quartz meridian zenith flux quartz.,2006,1,,5,2.99,133,28.1,R,2025-03-14 00:47:18,Vertex cascade flux zenith nova flux orbit.
152,Harbor flux willow meridian harbor summit ember beacon quartz beacon willow prism.,Alpha zenith harbor vertex delta vector.,2006,5,5,3,0.99,151,39.83,PG-13,2025-06-14 18:42:20,
153,Cascade flux matrix zenith vertex zenith ember zenith prism cascade.,Summit delta matrix nova alpha delta zenith beacon alpha harbor matrix delta.,2006,5,3,5,4.99,100,14.25,PG-13,2025-05-27 15:47:59,Pulse orbit vector vertex prism nova flux.
154,Zenith zenith quartz matrix cascade summit summit orbit.,Vertex cascade ember pulse orbit alpha matrix flux signal meridian.,2006,2,3,5,2.99,90,49.47,R,2026-03-31 01:17:40,Cascade ember matrix willow harbor ember prism prism meridian beacon harbor.
155,Nova meridian harbor zenith zenith meridian matrix signal.,Ember meridian ember orbit delta delta pulse meridian cascade.,2006,1,5,5,4.99,93,45.22,PG,2025-02-10 09:42:57,
156,Summit willow nova alpha vertex flux summit harbor flux.,Quartz cascade delta matrix summit vertex zenith beacon.,2006,4,2,7,4.99,121,40.38,R,2025-03-02 17:02:17,Matrix matrix flux willow signal summit.
157,Harbor matrix beacon signal quartz beacon summit pulse.,Delta orbit harbor flux prism nova matrix vector pulse.,2006,3,,6,4.99,154,19.81,PG-13,2026-03-13 08:50:01,Signal harbor pulse prism vector harbor orbit delta cascade quartz.
158,Harbor zenith signal matrix quartz pulse orbit zenith.,Pulse zenith prism meridian signal flux alpha signal matrix alpha alpha.,2006,1,6,4,4.99,94,32.81,PG-13,2025-06-18 03:42:32,Vector zenith flux orbit signal ember willow meridian.
159,Nova willow flux vector matrix harbor.,Meridian vector pulse matrix nova quartz beacon.,2006,6,,3,0.99,118,11.55,R,2025-10-05 02:34:24,Prism willow delta summit vertex matrix willow beacon zenith flux ember.
160,Nova willow willow signal beacon nova.,Meridian meridian summit beacon pulse cascade orbit delta willow quartz.,2006,4,4,5,2.99,134,39.34,PG,2025-10-15 16:05:42,Vertex willow cascade cascade harbor ember quartz delta vector pulse harbor alpha.
161,Beacon harbor vertex vertex pulse beacon alpha delta.,Matrix beacon flux delta pulse beacon ember signal.,2006,3,,7,2.99,95,20.42,R,2025-02-18 09:16:03,Signal harbor orbit pulse zenith flux.
162,Harbor signal ember pulse cascade quartz flux pulse quartz alpha.,Quartz willow nova alpha cascade harbor.,2006,2,4,7,0.99,145,26.38,R,2025-08-29 10:15:21,Nova delta vertex ember harbor summit signal zenith zenith summit orbit quartz.
163,Beacon summit pulse matrix willow orbit summit beacon cascade beacon.,Vertex prism prism quartz quartz matrix summit vertex orbit nova alpha meridian.,2006,2,5,6,0.99,117,47.73,NC-17,2025-09-12 21:20:07,Willow delta vector alpha nova nova quartz.
164,Willow orbit orbit ember summit alpha.,Pulse cascade cascade zenith ember orbit zenith willow nova signal prism delta.,2006,1,,7,0.99,109,11.68,R,2025-11-09 17:54:09,Willow nova summit quartz signal beacon matrix signal cascade orbit.
165,Harbor prism signal prism pulse pulse cascade delta harbor ember.,Alpha delta alpha delta summit flux alpha cascade.,2006,3,2,3,2.99,112,35.39,R,2025-08-15 11:00:17,Vertex summit pulse ember signal alpha cascade harbor pulse.
166,Ember harbor matrix prism vector matrix flux matrix quartz signal quartz beacon.,Prism beacon flux prism zenith alpha.,2006,1,5,4,4.99,102,30.27,PG,2025-09-09 14:11:44,Meridian vector signal nova meridian pulse matrix flux matrix zenith alpha cascade.
167,Vertex ember pulse alpha orbit alpha meridian vector beacon signal harbor.,Vertex beacon meridian ember cascade vector zenith prism delta.,2006,6,6,6,2.99,166,20.37,R,2025-10-04 23:04:37,
168,Harbor prism nova signal vertex willow delta prism.,Beacon pulse delta signal delta flux cascade delta ember willow vector.,2006,1,,7,4.99,80,17.98,PG-13,2026-06-06 20:37:37,
169,Summit vector quartz ember signal delta nova delta summit meridian flux.,Vector matrix summit beacon flux ember vector meridian harbor.,2006,2,1,7,2.99,140,12.78,R,2026-01-15 04:25:58,
170,Summit alpha vector cascade meridian summit quartz harbor.,Alpha summit vertex summit summit flux delta flux flux cascade.,2006,5,1,7,2.99,97,38.26,R,2025-10-18 20:27:31,Harbor quartz prism pulse willow prism harbor nova ember.
171,Pulse willow prism beacon ember flux nova meridian harbor orbit.,Delta orbit signal meridian flux orbit harbor meridian vertex pulse.,2006,1,5,6,0.99,157,38.1,PG,2025-02-06 07:56:15,Quartz summit flux meridian harbor prism vector harbor zenith flux.
172,Delta zenith cascade cascade vector zenith willow prism harbor.,Signal harbor zenith willow alpha cascade harbor quartz cascade harbor summit.,2006,2,,3,0.99,115,15.74,PG-13,2025-07-23 17:10:31,
173,Summit vector cascade prism prism cascade vector pulse.,Matrix matrix vertex orbit matrix meridian orbit delta nova ember vector quartz.,2006,5,,4,4.99,139,23.3,PG-13,2026-06-10 09:30:11,Orbit vertex delta meridian signal ember vertex summit meridian pulse orbit.
174,Delta vector flux signal harbor quartz flux nova ember.,Beacon quartz summit vector summit cascade vector nova quartz summit prism.,2006,1,6,5,0.99,97,38.84,R,2025-09-13 05:42:37,Vertex alpha cascade quartz matrix vector beacon beacon meridian.
175,Pulse cascade ember beacon prism quartz.,Delta harbor zenith willow beacon meridian.,2006,6,4,6,2.99,158,36.08,R,2026-02-05 22:07:08,Prism meridian meridian cascade summit delta orbit prism meridian.
176,Summit prism matrix pulse willow flux delta vertex pulse.,Zenith flux summit vertex ember orbit meridian cascade prism pulse ember.,2006,4,,5,4.99,174,29.85,PG-13,2025-07-18 06:31:36,Cascade orbit nova ember cascade matrix alpha vertex vertex summit.
177,Quartz matrix delta pulse alpha harbor nova vector delta signal vector ember.,Vector pulse zenith beacon pulse orbit quartz flux.,2006,2,1,5,0.99,170,27.55,R,2025-02-02 08:15:17,Flux orbit signal alpha vertex harbor pulse vector quartz ember willow.
178,Signal beacon harbor ember vertex willow vertex orbit pulse signal summit harbor.,Matrix orbit pulse flux ember matrix.,2006,2,5,6,2.99,138,24.87,G,2025-02-01 00:37:35,Meridian cascade meridian pulse zenith vertex cascade ember ember.
179,Delta orbit beacon willow summit prism orbit willow.,Matrix harbor willow vertex flux orbit cascade ember beacon.,2006,1,1,6,2.99,148,45.58,PG-13,2025-12-08 07:14:04,Nova signal delta ember prism beacon pulse vertex.
180,Prism prism nova cascade harbor willow ember.,Ember vertex delta willow beacon willow vector ember pulse willow.,2006,3,,6,2.99,155,15.5,R,2025-04-22 12:55:01,Flux summit cascade ember summit vector vertex alpha pulse signal.
181,Meridian prism vertex beacon zenith matrix harbor summit.,Harbor beacon matrix harbor alpha matrix matrix willow.,2006,3,1,4,2.99,131,12.1,R,2025-01-23 20:07:54,Vertex meridian vertex matrix harbor ember prism.
182,Quartz vertex alpha ember zenith flux vertex beacon alpha beacon willow alpha.,Harbor delta harbor ember pulse pulse zenith.,2006,2,4,5,0.99,120,41.24,PG,2025-06-10 18:30:11,Pulse beacon harbor orbit nova quartz zenith meridian zenith.
183,Matrix vector flux ember prism flux prism summit summit pulse vector.,Prism pulse flux vector quartz ember.,2006,3,6,3,2.99,132,41.66,PG-13,2025-11-29 03:48:32,
184,Orbit cascade nova alpha quartz summit vertex ember quartz zenith quartz matrix.,Vertex pulse prism pulse vector flux ember.,2006,4,2,6,2.99,157,42.48,PG,2025-01-11 11:17:07,Delta orbit matrix summit harbor delta quartz meridian ember.
185,Vector beacon delta vertex signal vertex vector.,Alpha ember orbit ember matrix signal harbor beacon cascade.,2006,3,6,5,0.99,175,11.64,R,2026-01-04 03:41:34,Prism zenith flux summit nova delta harbor harbor nova willow vector quartz.
186,Harbor signal ember prism prism delta vertex prism alpha zenith cascade.,Vertex ember signal vector alpha vector vector pulse.,2006,4,2,7,2.99,102,43.73,G,2025-07-14 05:17:44,Zenith orbit quartz willow beacon flux ember.
187,Matrix delta flux willow orbit pulse cascade zenith.,Summit meridian vertex flux matrix signal summit willow pulse flux.,2006,2,5,6,2.99,144,43.99,R,2026-06-15 05:36:59,Summit matrix matrix ember willow vertex ember cascade.
188,Beacon beacon summit flux nova ember.,Matrix zenith alpha alpha meridian nova beacon nova ember.,2006,2,6,5,2.99,147,30.27,R,2025-11-05 11:54:49,Flux pulse ember prism zenith delta willow.
189,Matrix delta zenith ember orbit ember harbor matrix harbor.,Matrix pulse meridian ember meridian meridian matrix prism willow zenith nova.,2006,5,,7,2.99,135,37.57,R,2026-01-20 23:18:46,Ember prism signal ember quartz zenith zenith orbit ember matrix pulse prism.
190,Quartz meridian zenith summit beacon beacon prism alpha flux.,Vector vector zenith vector pulse orbit pulse ember.,2006,2,,3,2.99,154,27.91,PG,2025-09-21 04:05:21,Nova orbit cascade beacon quartz ember.
191,Prism willow ember orbit beacon zenith alpha flux nova.,Cascade quartz summit delta harbor vector quartz harbor.,2006,3,6,6,0.99,153,38.32,PG,2025-09-19 06:44:36,
192,Ember nova vertex alpha flux ember cascade alpha flux.,Harbor prism vector alpha prism ember quartz harbor.,2006,5,4,3,4.99,124,44.75,R,2026-02-11 17:29:00,Signal signal orbit signal prism willow meridian.
193,Beacon meridian meridian vertex signal cascade.,Nova prism pulse vector willow vertex matrix zenith quartz signal ember orbit.,2006,3,,6,2.99,147,49.42,NC-17,2025-11-18 08:54:14,Signal nova orbit vertex quartz ember.
194,Meridian prism ember signal meridian pulse.,Summit harbor ember harbor delta vector.,2006,6,3,4,2.99,146,28.99,G,2025-05-22 16:35:59,Matrix harbor beacon vector signal nova zenith.
195,Prism flux signal zenith ember zenith harbor ember vector alpha delta.,Flux ember willow vector orbit willow vector cascade alpha willow cascade.,2006,4,2,3,2.99,127,48.03,NC-17,2026-03-02 13:07:03,Prism nova nova pulse ember quartz.
196,Beacon flux signal alpha zenith flux prism nova beacon cascade alpha alpha.,Willow ember ember matrix vertex cascade summit flux harbor quartz alpha.,2006,6,5,6,2.99,114,37.61,R,2026-06-16 08:21:59,
197,Quartz alpha summit delta delta willow willow orbit harbor.,Meridian alpha signal vertex signal nova delta matrix harbor flux.,2006,4,1,4,4.99,123,24.67,PG-13,2025-02-22 22:04:17,
198,Cascade orbit meridian summit zenith pulse nova matrix cascade nova.,Willow signal flux summit summit meridian vector summit delta nova.,2006,4,5,6,0.99,98,11.44,R,2025-10-12 20:20:46,Signal matrix prism meridian ember beacon summit delta flux delta harbor.
199,Signal delta delta cascade pulse ember ember alpha orbit quartz alpha.,Signal willow vector meridian vector vertex willow.,2006,4,5,3,0.99,86,41.77,PG-13,2025-05-12 21:50:46,Prism beacon prism vector vector delta ember vector pulse meridian quartz vertex.
200,Willow nova nova pulse meridian ember prism summit ember vertex.,Orbit willow orbit cascade matrix summit.,2006,6,5,7,2.99,98,37.56,G,2026-05-14 18:44:06,
201,Prism prism zenith ember summit matrix orbit.,Matrix harbor pulse delta signal meridian matrix matrix zenith.,2006,5,,3,2.99,171,25.9,R,2025-08-14 21:32:43,Vector beacon vector vector orbit meridian alpha delta nova zenith vector.
202,Cascade alpha matrix orbit beacon quartz.,Harbor harbor prism pulse prism matrix vector zenith vertex cascade.,2006,4,4,7,2.99,88,12.54,NC-17,2025-08-06 01:21:51,Vertex cascade orbit vertex alpha orbit orbit willow willow orbit harbor flux.
203,Willow alpha quartz orbit signal beacon quartz vertex nova.,Pulse beacon summit alpha vertex harbor vector orbit willow.,2006,4,,7,2.99,159,25.64,PG,2026-01-20 11:08:58,
204,Pulse ember pulse beacon alpha nova signal meridian meridian flux prism vector.,Beacon beacon nova beacon nova meridian willow summit.,2006,2,4,5,2.99,171,49.32,PG-13,2025-06-15 06:54:16,
205,Meridian signal cascade matrix willow pulse alpha matrix signal alpha delta nova.,Summit willow delta vector nova prism flux.,2006,6,,5,2.99,94,21.18,PG-13,2026-03-11 08:05:26,Beacon beacon cascade quartz signal zenith zenith pulse matrix flux.
206,Beacon willow delta quartz harbor beacon harbor vertex flux.,Pulse prism harbor vector zenith meridian vector meridian alpha vector beacon.,2006,3,2,4,2.99,160,39.17,NC-17,2025-07-07 04:20:43,
207,Delta zenith summit cascade beacon prism willow.,Matrix beacon willow cascade cascade pulse prism beacon matrix vector.,2006,4,5,5,4.99,130,23.9,PG-13,2026-04-22 22:25:26,Meridian cascade zenith beacon quartz zenith nova orbit beacon.
208,Meridian summit prism matrix willow vector quartz delta.,Orbit orbit zenith cascade quartz matrix matrix beacon orbit delta flux.,2006,5,5,4,0.99,172,35.29,PG-13,2026-02-01 19:06:51,Orbit zenith alpha prism vector flux delta vertex.
209,Summit harbor orbit nova orbit harbor matrix summit vector prism vector.,Ember ember harbor zenith vector ember vertex signal vector signal willow quartz.,2006,6,4,5,2.99,97,15.33,R,2025-07-12 19:31:59,Ember ember beacon summit meridian nova quartz matrix harbor harbor zenith.
210,Vector cascade cascade vector alpha ember willow.,Prism harbor prism orbit willow prism flux prism.,2006,4,,3,4.99,176,22.67,PG-13,2025-01-03 20:37:26,Zenith beacon matrix zenith nova ember delta vertex orbit matrix meridian zenith.
211,Zenith zenith pulse signal meridian alpha.,Alpha vector pulse flux quartz meridian pulse vector zenith ember vertex harbor.,2006,4,6,5,2.99,105,36.93,NC-17,2025-09-13 14:55:26,
212,Willow matrix zenith flux summit zenith delta harbor vector vertex delta alpha.,Zenith quartz beacon orbit ember signal delta meridian harbor.,2006,6,4,5,2.99,95,32.73,R,2026-04-08 08:59:35,Summit pulse summit orbit prism prism alpha ember orbit delta.
213,Zenith zenith alpha prism zenith vector quartz beacon quartz delta prism.,Quartz delta flux matrix nova signal.,2006,5,3,4,4.99,179,49.37,PG-13,2026-03-23 07:18:46,Orbit ember harbor flux cascade vertex pulse vertex alpha delta prism.
214,Signal harbor harbor zenith harbor meridian nova summit zenith.,Pulse quartz cascade zenith pulse pulse.,2006,6,3,7,0.99,165,19.53,PG,2025-10-02 18:38:13,Signal delta pulse matrix ember nova.
215,Zenith alpha meridian zenith delta vertex meridian signal signal vertex.,Harbor cascade summit harbor matrix nova.,2006,6,6,7,0.99,180,43.58,PG-13,2025-05-06 16:20:24,Harbor alpha vertex ember cascade pulse.
216,Matrix flux signal matrix flux nova ember meridian orbit.,Summit zenith willow ember delta beacon ember matrix pulse vector.,2006,6,,5,4.99,178,49.65,R,2025-12-20 07:31:24,Nova willow nova quartz vertex nova signal.
217,Alpha harbor flux summit beacon zenith zenith.,Willow zenith nova matrix prism quartz alpha nova.,2006,3,,3,2.99,168,16.87,PG-13,2025-10-01 23:20:15,Harbor beacon harbor ember signal alpha harbor prism.
218,Alpha willow cascade vector prism alpha harbor signal prism.,Nova pulse meridian prism alpha willow ember prism beacon beacon signal cascade.,2006,6,,7,2.99,85,40.27,PG,2026-04-29 11:38:21,Cascade ember alpha cascade matrix flux prism zenith flux orbit ember beacon.
219,Cascade matrix vertex pulse nova alpha quartz vertex.,Flux signal flux vertex quartz beacon willow pulse.,2006,6,2,5,2.99,130,36.16,PG,2025-09-11 18:15:40,Prism zenith zenith delta vertex zenith delta ember matrix.
220,Ember alpha harbor flux summit harbor quartz signal.,Cascade pulse meridian signal pulse alpha prism cascade.,2006,6,5,5,0.99,98,40.01,PG-13,2025-02-04 21:15:18,Cascade prism ember nova quartz signal signal signal zenith orbit prism beacon.
221,Nova quartz meridian summit harbor nova harbor flux delta matrix.,Zenith delta meridian pulse pulse matrix meridian vector.,2006,6,,7,4.99,111,10.95,G,2025-02-02 01:25:03,Harbor summit ember orbit prism nova.
222,Orbit meridian beacon quartz flux signal vector cascade delta prism willow quartz.,Cascade alpha matrix willow matrix meridian.,2006,3,6,7,0.99,119,21.73,PG-13,2025-07-17 14:55:43,Ember zenith beacon summit signal harbor vector beacon flux nova cascade.
223,Meridian vertex nova quartz nova summit quartz summit pulse prism signal.,Orbit meridian nova beacon delta harbor.,2006,2,2,3,4.99,169,15.84,R,2025-09-01 15:56:18,Matrix beacon harbor matrix harbor delta delta alpha.
224,Cascade orbit flux zenith cascade meridian meridian beacon.,Signal beacon flux summit nova quartz zenith alpha zenith quartz.,2006,4,1,5,2.99,166,13.68,R,2026-03-06 03:58:05,
225,Nova willow alpha matrix beacon signal beacon signal vector.,Quartz zenith quartz cascade summit orbit orbit alpha willow.,2006,1,6,5,2.99,157,28.52,PG,2025-08-25 05:25:39,Pulse cascade nova harbor flux willow pulse matrix vector willow delta meridian.
226,Harbor harbor ember beacon quartz quartz.,Flux zenith beacon summit vector vertex delta alpha.,2006,5,2,5,4.99,145,11.2,PG,2026-05-01 04:36:44,Orbit pulse meridian vertex alpha beacon nova.
227,Prism prism signal quartz harbor meridian ember matrix.,Beacon beacon prism signal meridian quartz beacon.,2006,6,2,5,0.99,84,34.06,PG-13,2026-05-30 07:43:29,
228,Signal delta willow flux alpha zenith summit prism.,Matrix vertex summit ember signal vector.,2006,1,6,4,0.99,100,34.87,PG-13,2025-12-21 07:49:43,
229,Pulse zenith beacon vertex harbor cascade.,Harbor matrix prism ember signal cascade matrix signal willow.,2006,2,3,5,0.99,89,34.68,R,2025-12-27 16:33:35,
230,Harbor signal matrix signal signal vector pulse.,Flux vector willow harbor willow ember zenith matrix delta orbit beacon delta.,2006,1,1,6,0.99,129,21.68,PG-13,2026-06-04 06:03:25,Nova matrix vertex signal meridian flux harbor zenith prism.
231,Cascade vertex pulse flux vertex vertex orbit.,Zenith cascade signal delta matrix prism alpha vertex vector.,2006,6,4,3,4.99,132,49.43,PG,2026-03-02 13:21:25,
232,Willow vector matrix flux matrix signal delta delta.,Cascade delta cascade vector matrix harbor vector nova alpha.,2006,3,6,4,2.99,178,42,PG-13,2026-01-25 05:15:14,Nova meridian vector signal ember alpha beacon willow vector matrix.
233,Flux flux vector signal delta vector orbit orbit alpha ember prism orbit.,Willow ember prism harbor signal summit harbor delta pulse.,2006,3,4,6,2.99,176,49.38,G,2025-12-24 03:07:32,Cascade signal signal vector orbit pulse vector quartz willow meridian ember summit.
234,Willow ember harbor beacon orbit vector vertex cascade pulse summit cascade.,Pulse vertex vector zenith delta willow meridian.,2006,2,5,4,0.99,118,23.43,PG-13,2025-07-08 09:05:53,Cascade meridian willow flux beacon pulse delta cascade meridian prism.
235,Summit harbor matrix delta alpha alpha vertex.,Alpha willow vertex flux nova prism prism.,2006,3,1,4,2.99,161,47.44,PG-13,2026-05-14 21:58:54,Alpha flux orbit signal summit meridian matrix flux meridian summit.
236,Nova alpha prism pulse summit flux.,Cascade willow quartz pulse nova quartz vector alpha prism zenith nova orbit.,2006,5,6,7,2.99,93,29.15,PG-13,2025-10-08 10:24:48,
237,Delta nova ember orbit willow harbor meridian meridian pulse zenith.,Harbor quartz ember harbor alpha ember prism nova summit harbor.,2006,3,5,7,4.99,177,25.24,PG-13,2025-05-16 06:10:11,
238,Harbor harbor meridian harbor flux vector nova summit vector zenith delta meridian.,Matrix harbor delta nova nova nova.,2006,6,,3,0.99,154,46.6,R,2025-05-25 09:00:27,
239,Summit nova beacon delta meridian harbor summit.,Quartz orbit flux prism harbor willow alpha prism delta meridian beacon.,2006,5,5,5,0.99,119,30.1,R,2026-05-26 08:31:42,Zenith willow pulse vertex meridian zenith signal vertex.
240,Quartz alpha harbor signal harbor pulse.,Harbor vertex nova vector prism orbit harbor alpha.,2006,4,6,7,0.99,176,35.17,PG,2026-06-10 11:00:16,Beacon orbit summit alpha delta pulse quartz delta vertex nova.
241,Beacon orbit beacon prism prism meridian.,Nova vertex nova ember summit harbor.,2006,6,,6,4.99,151,24.43,PG,2025-04-18 12:41:21,
242,Cascade cascade prism prism alpha nova.,Prism vector zenith cascade quartz alpha.,2006,1,3,3,0.99,119,19.53,R,2026-05-07 07:13:00,
243,Pulse matrix flux signal prism cascade pulse meridian orbit flux meridian.,Quartz vector meridian ember harbor nova zenith ember matrix.,2006,3,5,7,4.99,150,18.02,PG,2026-05-23 05:39:33,
244,Beacon orbit delta vector orbit harbor ember.,Summit summit ember flux zenith harbor ember beacon.,2006,1,,5,2.99,163,38.99,PG-13,2025-05-17 10:26:12,Flux cascade orbit harbor cascade ember.
245,Vector vertex orbit zenith quartz delta meridian vector.,Summit summit quartz vertex meridian harbor zenith summit vector summit.,2006,3,4,6,4.99,179,10.39,R,2025-10-15 00:55:51,Cascade summit matrix signal quartz cascade vector ember delta prism.
246,Orbit pulse vector beacon prism alpha zenith meridian flux.,Flux delta signal harbor alpha prism ember vector.,2006,5,4,3,2.99,173,36.67,PG-13,2025-11-23 09:21:15,Vector meridian harbor alpha vertex beacon vertex.
247,Vertex quartz orbit quartz meridian pulse vertex delta nova alpha delta.,Matrix flux nova vertex signal ember pulse beacon alpha cascade willow.,2006,2,2,7,2.99,175,30.65,R,2025-07-04 11:13:57,
248,Summit orbit orbit summit quartz willow flux.,Meridian harbor quartz vector summit willow nova signal ember ember beacon flux.,2006,1,3,6,2.99,94,17.64,PG-13,2025-08-04 01:47:28,Vector beacon meridian cascade ember summit signal orbit summit.
249,Willow ember cascade orbit prism flux willow quartz summit summit zenith quartz.,Alpha vertex harbor cascade flux meridian meridian matrix matrix alpha vertex pulse.,2006,2,,7,2.99,167,36.26,R,2026-03-08 07:15:46,
250,Vector beacon orbit harbor quartz vector vertex vertex alpha.,Vector harbor vertex delta delta vertex.,2006,3,,6,2.99,170,11.51,PG-13,2025-06-29 22:42:04,Orbit zenith vertex willow ember beacon nova alpha orbit summit.
251,Cascade signal flux signal ember flux matrix pulse willow willow summit.,Nova orbit alpha zenith signal prism meridian.,2006,1,2,6,0.99,149,47.52,PG-13,2025-10-26 02:41:32,Vector vertex orbit flux beacon cascade vector.
252,Prism cascade vertex ember beacon willow alpha vector harbor.,Meridian alpha harbor matrix harbor vertex pulse beacon pulse prism.,2006,3,,5,0.99,104,25.06,PG-13,2025-11-03 23:11:30,Prism cascade vector vertex flux zenith summit meridian vector quartz willow.
253,Alpha pulse willow harbor vertex signal prism quartz quartz.,Meridian nova quartz nova alpha pulse orbit willow zenith willow.,2006,5,2,5,0.99,155,10.03,PG-13,2025-09-23 02:06:55,Summit quartz signal signal meridian quartz nova.
254,Meridian alpha meridian pulse pulse beacon flux zenith summit vector.,Flux orbit vertex meridian orbit flux vertex zenith meridian summit zenith.,2006,2,3,5,2.99,116,24.75,R,2025-12-25 08:34:07,Prism summit pulse nova summit vertex flux meridian flux signal.
255,Zenith beacon beacon willow cascade matrix orbit delta flux vector nova.,Willow prism quartz flux meridian quartz quartz ember.,2006,5,4,3,0.99,160,16.4,R,2025-01-12 23:33:43,Zenith flux willow vertex beacon vertex.
256,Cascade nova prism quartz pulse zenith signal ember vertex.,Alpha alpha beacon vector orbit delta meridian.,2006,4,,7,0.99,169,17.7,R,2026-06-04 10:30:24,Pulse quartz cascade matrix delta matrix prism meridian summit.
257,Nova vector harbor summit zenith vertex delta flux beacon harbor.,Matrix signal zenith quartz matrix quartz cascade vertex summit orbit willow.,2006,3,,4,0.99,175,32.26,NC-17,2025-09-03 20:55:29,Orbit harbor pulse delta orbit beacon nova ember zenith willow quartz alpha.
258,Vertex ember quartz cascade summit ember vertex orbit.,Meridian cascade vertex harbor vector meridian quartz nova nova vector.,2006,4,6,7,2.99,105,17.25,PG-13,2026-04-23 18:20:14,Alpha orbit summit signal quartz prism flux pulse flux vector.
259,Delta prism beacon orbit quartz orbit willow vertex summit matrix beacon summit.,Matrix quartz signal cascade pulse nova meridian.,2006,2,,5,0.99,86,36.61,PG,2025-11-19 09:01:59,
260,Meridian harbor signal meridian beacon cascade cascade zenith.,Delta summit quartz orbit cascade flux beacon.,2006,5,3,3,2.99,144,41.38,PG-13,2026-03-10 22:37:54,
261,Willow signal meridian summit zenith delta cascade matrix willow orbit vector.,Flux flux harbor delta zenith delta pulse nova beacon orbit.,2006,2,6,7,4.99,176,25.76,PG-13,2025-08-13 18:40:35,
262,Matrix pulse cascade beacon nova quartz meridian quartz.,Signal meridian nova summit delta pulse meridian beacon alpha alpha quartz.,2006,5,2,6,4.99,118,12.7,G,2026-04-21 08:07:10,Matrix vertex willow summit summit nova ember prism summit beacon.
263,Beacon matrix matrix cascade beacon cascade vector harbor summit.,Beacon cascade prism vector nova meridian.,2006,3,2,6,2.99,169,11.28,R,2025-12-22 21:18:10,Vertex nova vertex flux beacon beacon.
264,Meridian signal alpha summit quartz vector vertex pulse flux prism.,Quartz harbor meridian willow flux harbor beacon beacon.,2006,3,3,7,2.99,142,36.88,R,2025-04-05 05:48:10,Summit ember summit summit nova meridian orbit.
265,Harbor summit meridian nova flux willow.,Vector vector quartz vertex delta beacon prism.,2006,3,5,5,2.99,141,28.81,G,2025-12-22 16:26:06,Vector flux alpha prism zenith signal ember willow.
266,Zenith summit summit vector orbit nova beacon.,Alpha quartz summit quartz vertex zenith signal beacon alpha.,2006,1,3,7,2.99,177,10.52,PG,2025-12-10 21:08:21,Prism meridian delta prism meridian cascade ember.
267,Harbor beacon willow ember vertex vector flux ember orbit.,Zenith nova prism delta harbor zenith summit meridian cascade orbit.,2006,1,4,4,2.99,167,35.87,R,2026-05-05 21:09:32,
268,Cascade zenith ember zenith zenith harbor ember delta flux beacon willow.,Alpha signal flux ember summit pulse prism vertex quartz flux delta nova.,2006,6,3,3,0.99,109,12.65,PG,2025-02-12 03:22:09,Pulse ember orbit delta prism matrix delta cascade.
269,Zenith harbor ember matrix pulse orbit.,Summit alpha alpha delta orbit alpha vertex.,2006,6,,5,4.99,168,27.29,G,2025-03-26 07:58:49,Meridian cascade nova signal meridian willow willow matrix cascade.
270,Vector signal willow matrix quartz vector orbit willow vertex cascade.,Quartz matrix cascade alpha beacon pulse delta zenith zenith ember.,2006,4,6,6,2.99,129,29.23,NC-17,2025-08-18 18:34:25,Beacon signal ember cascade prism zenith.
271,Nova meridian ember cascade nova alpha.,Beacon ember harbor alpha summit beacon.,2006,6,4,4,0.99,106,47.32,R,2025-03-15 10:54:01,Flux cascade vertex harbor orbit ember signal alpha pulse pulse.
272,Beacon beacon delta nova flux beacon matrix meridian zenith.,Signal zenith flux alpha harbor quartz matrix.,2006,3,1,7,2.99,94,16.14,R,2026-05-13 00:53:47,
273,Ember nova vector beacon cascade matrix flux signal willow matrix delta orbit.,Vector prism meridian signal ember willow quartz zenith summit harbor.,2006,4,1,3,0.99,122,21.17,PG,2025-01-15 18:07:45,Nova cascade vertex cascade vector orbit cascade delta.
274,Beacon quartz quartz matrix summit vector delta alpha harbor summit ember vertex.,Alpha vertex orbit vector meridian pulse matrix quartz pulse orbit.,2006,6,6,4,2.99,141,49.26,PG-13,2025-03-31 06:20:56,Ember willow harbor alpha willow meridian delta meridian matrix signal.
275,Orbit cascade harbor meridian matrix matrix prism signal harbor orbit alpha signal.,Orbit delta vertex cascade vertex pulse ember flux vertex nova willow delta.,2006,6,3,6,0.99,172,46.6,PG-13,2026-05-22 14:22:29,
276,Vertex alpha delta summit signal zenith prism pulse delta alpha.,Signal alpha harbor vertex orbit vector signal alpha alpha.,2006,4,2,7,0.99,139,33.1,PG,2026-03-30 14:20:02,
277,Vertex signal zenith cascade matrix beacon flux.,Vertex flux delta matrix vertex beacon ember meridian summit beacon beacon.,2006,2,2,3,4.99,125,24.11,PG-13,2025-03-13 08:02:26,
278,Meridian vertex prism prism alpha pulse delta meridian willow orbit matrix signal.,Quartz pulse summit matrix prism zenith zenith.,2006,3,,5,2.99,143,47.51,PG-13,2026-02-07 15:18:31,
279,Quartz harbor matrix prism willow cascade nova vector flux cascade flux.,Matrix delta delta zenith nova vertex pulse pulse pulse orbit.,2006,6,4,7,4.99,81,41.97,NC-17,2025-11-08 21:55:04,
280,Vector zenith orbit pulse summit meridian orbit orbit matrix alpha.,Beacon meridian pulse willow pulse orbit summit harbor.,2006,4,4,7,0.99,147,18.57,NC-17,2025-02-27 12:12:26,Matrix pulse zenith alpha ember pulse signal meridian alpha cascade harbor.
281,Cascade vector summit summit delta matrix cascade flux.,Meridian alpha vertex willow flux alpha.,2006,1,5,6,0.99,157,25.54,G,2025-04-13 02:54:58,
282,Nova summit summit willow matrix alpha nova delta.,Nova zenith alpha summit cascade pulse flux nova harbor.,2006,5,,3,0.99,103,30.48,R,2025-02-22 23:21:48,Meridian ember ember meridian alpha ember zenith willow nova harbor.
283,Quartz flux quartz vertex orbit harbor prism vertex pulse.,Delta quartz prism harbor orbit summit beacon alpha beacon beacon signal.,2006,3,5,5,2.99,178,29.97,R,2025-08-18 15:12:32,Orbit orbit beacon meridian zenith alpha cascade.
284,Willow meridian summit cascade beacon willow matrix harbor signal.,Pulse meridian orbit cascade harbor beacon summit alpha willow.,2006,1,3,7,0.99,81,14.31,G,2026-04-12 20:19:35,
285,Alpha beacon beacon orbit pulse harbor signal nova nova.,Matrix pulse vector signal cascade vertex meridian prism matrix matrix.,2006,4,,4,0.99,135,45.64,PG-13,2026-05-13 14:45:47,Summit willow willow zenith pulse zenith summit alpha willow pulse ember signal.
286,Delta alpha beacon nova delta beacon alpha willow vertex summit quartz.,Nova pulse zenith quartz summit cascade pulse matrix summit.,2006,5,6,3,4.99,152,39.07,PG-13,2025-12-22 22:29:01,
287,Willow beacon pulse harbor matrix harbor delta cascade alpha.,Nova orbit vector cascade vector summit zenith harbor harbor.,2006,2,2,4,2.99,114,32.87,R,2025-05-24 02:00:19,Matrix signal nova zenith cascade pulse orbit flux.
288,Pulse matrix meridian zenith pulse meridian orbit.,Vertex prism harbor delta harbor pulse flux delta vertex.,2006,2,4,7,2.99,168,13,R,2026-06-09 11:52:06,Flux vector cascade delta beacon vertex alpha signal signal.
289,Meridian orbit summit vertex flux quartz willow flux ember ember vertex quartz.,Zenith harbor matrix vector willow flux.,2006,6,,3,0.99,101,43.17,PG-13,2026-02-08 12:49:51,Cascade ember vertex vector vector orbit delta zenith.
290,Beacon alpha flux delta pulse orbit delta.,Cascade orbit alpha beacon willow vector pulse matrix ember.,2006,4,,5,2.99,173,26.93,G,2026-05-13 04:39:27,Beacon signal delta vertex matrix cascade pulse signal.
291,Signal signal signal matrix quartz willow summit.,Signal signal orbit pulse nova signal delta.,2006,3,2,5,2.99,153,24.43,R,2025-09-19 14:08:44,Harbor willow flux nova flux quartz ember.
292,Prism beacon beacon pulse vertex delta beacon alpha beacon.,Vertex orbit vector cascade nova pulse zenith.,2006,4,,6,0.99,81,12.21,G,2025-07-26 20:30:48,Alpha vector vertex meridian beacon flux.
293,Vertex pulse quartz matrix willow flux orbit flux flux.,Delta ember willow summit flux harbor vector willow cascade prism nova.,2006,6,6,7,2.99,107,43.3,R,2025-10-01 09:34:38,Cascade beacon meridian vector flux prism signal orbit willow.
294,Alpha prism delta zenith pulse signal nova alpha.,Meridian nova prism vector alpha delta ember nova harbor prism flux pulse.,2006,1,2,3,2.99,160,38.62,PG-13,2026-05-02 14:55:11,
295,Ember prism willow meridian cascade quartz meridian delta prism signal matrix.,Pulse signal flux zenith prism delta delta delta nova meridian.,2006,4,6,3,0.99,106,24.25,PG,2025-06-11 18:47:24,
296,Quartz vertex flux summit delta flux pulse signal matrix.,Orbit ember delta pulse harbor willow meridian zenith.,2006,6,4,5,0.99,164,12.69,G,2026-04-05 17:53:19,Ember zenith vector quartz willow quartz signal.
297,Quartz zenith cascade summit summit alpha.,Orbit summit matrix willow zenith summit ember pulse cascade prism pulse.,2006,1,4,6,0.99,137,29.58,PG,2026-06-24 16:13:18,Delta zenith quartz zenith delta delta flux prism.
298,Prism beacon signal willow harbor quartz alpha willow.,Alpha alpha delta flux matrix pulse summit beacon harbor ember quartz.,2006,6,6,4,4.99,108,38.03,NC-17,2025-11-01 22:29:07,
299,Zenith nova prism vector harbor prism flux matrix ember zenith pulse.,Vector meridian delta matrix summit vector zenith signal.,2006,3,2,4,2.99,93,22.67,R,2026-05-26 04:55:36,
300,Delta zenith vector alpha harbor flux quartz harbor cascade summit flux.,Signal pulse zenith prism harbor flux.,2006,2,6,6,0.99,90,32.14,PG,2025-01-12 13:35:52,
301,Ember harbor beacon harbor willow matrix prism prism cascade.,Summit signal harbor vertex orbit summit vertex harbor.,2006,4,4,5,0.99,180,25.87,PG,2025-01-04 14:22:57,Willow cascade vertex vector prism zenith flux matrix quartz meridian.
302,Pulse prism orbit flux summit beacon vertex matrix signal flux cascade.,Vertex harbor harbor zenith summit cascade vertex matrix delta meridian summit cascade.,2006,1,3,4,2.99,157,38.36,PG-13,2025-12-17 22:34:53,
303,Summit flux cascade cascade alpha harbor delta flux willow pulse vector.,Signal vector ember summit prism nova signal willow.,2006,1,,3,4.99,122,28.97,PG-13,2026-06-06 14:37:03,Vertex vertex orbit alpha vector orbit flux.
304,Willow nova quartz alpha quartz ember delta delta harbor delta willow ember.,Signal vertex delta harbor harbor matrix meridian cascade signal nova vertex vector.,2006,5,1,7,4.99,92,24.33,R,2025-05-17 05:35:08,Flux summit meridian prism orbit harbor summit nova quartz vector meridian.
305,Willow alpha flux cascade beacon nova.,Cascade pulse matrix nova pulse vector.,2006,6,1,5,0.99,165,11.54,R,2025-12-13 04:54:12,Delta beacon delta signal orbit pulse orbit alpha vector ember.
306,Alpha harbor harbor orbit pulse ember delta.,Delta quartz nova vertex harbor alpha meridian zenith flux quartz delta vector.,2006,1,,6,0.99,104,17.35,PG,2025-03-30 18:04:53,Zenith nova vertex willow vector meridian cascade delta.
307,Ember meridian harbor delta harbor vector meridian alpha.,Harbor matrix nova ember cascade beacon nova signal zenith willow.,2006,2,2,4,0.99,174,11.71,R,2025-02-21 11:02:47,Flux alpha quartz zenith prism beacon cascade vector.
308,Ember meridian signal signal beacon cascade delta zenith flux alpha delta.,Signal delta pulse matrix meridian summit.,2006,2,,4,2.99,177,34.45,R,2026-04-28 06:16:39,Willow alpha summit harbor flux prism orbit.
309,Matrix quartz alpha harbor vertex meridian flux vector pulse.,Zenith vertex zenith harbor willow matrix signal quartz nova flux.,2006,5,,5,4.99,116,31.61,R,2025-02-09 20:05:55,Signal matrix summit vertex alpha meridian quartz harbor alpha alpha quartz delta.
310,Delta alpha ember pulse ember harbor.,Harbor alpha delta zenith nova harbor orbit meridian ember delta vertex.,2006,5,4,5,2.99,81,41.75,PG,2025-12-14 08:50:38,Willow vertex willow prism zenith orbit cascade.
311,Pulse zenith nova matrix willow quartz pulse cascade delta vertex prism.,Cascade summit ember nova prism vector willow signal matrix orbit orbit beacon.,2006,1,5,4,2.99,99,47.28,PG,2025-07-18 17:00:45,Delta delta matrix signal quartz flux.
312,Matrix vertex pulse ember zenith vertex.,Meridian orbit prism prism willow nova cascade pulse vector zenith prism.,2006,3,5,4,4.99,101,13.26,G,2026-06-11 20:32:16,Prism delta zenith meridian vertex meridian alpha.
313,Ember prism zenith summit beacon matrix signal willow beacon nova.,Flux flux cascade quartz vertex willow zenith harbor.,2006,2,1,4,2.99,172,21.01,PG-13,2026-06-10 02:08:57,Vertex beacon cascade quartz ember meridian nova cascade.
314,Quartz zenith cascade matrix ember pulse.,Flux nova beacon meridian cascade zenith.,2006,6,6,5,4.99,150,39.78,PG-13,2025-01-11 12:40:27,
315,Zenith summit willow beacon beacon matrix zenith matrix alpha orbit.,Vertex signal meridian beacon meridian cascade prism.,2006,2,6,5,0.99,102,34.23,R,2025-02-21 19:08:21,Alpha willow delta ember willow beacon zenith.
316,Alpha quartz nova ember meridian ember vector vertex ember.,Signal nova matrix nova vertex nova zenith nova nova harbor.,2006,1,2,6,4.99,158,36.4,G,2026-05-22 00:22:37,
317,Harbor willow prism signal zenith harbor vector.,Alpha pulse zenith pulse vertex flux.,2006,2,4,4,2.99,95,18.36,PG-13,2026-03-25 07:55:07,Harbor nova quartz willow prism signal delta willow meridian.
318,Zenith flux beacon vector willow delta.,Pulse prism orbit cascade zenith meridian cascade.,2006,6,1,4,0.99,89,37.21,PG-13,2025-11-10 06:39:49,Prism alpha delta vector willow cascade quartz delta harbor.
319,Vector flux beacon prism harbor quartz prism willow pulse beacon meridian.,Vertex beacon vertex matrix cascade quartz alpha delta alpha ember ember orbit.,2006,2,3,4,2.99,152,33.94,PG,2026-05-20 01:00:26,
320,Zenith summit matrix willow delta alpha meridian zenith alpha cascade.,Delta willow flux beacon delta vertex.,2006,1,2,6,4.99,99,25.58,NC-17,2025-10-03 09:37:20,Alpha vector meridian ember vertex summit beacon alpha vector vertex.
321,Matrix alpha ember orbit delta orbit.,Quartz willow harbor quartz ember willow orbit beacon willow signal cascade ember.,2006,6,4,7,2.99,109,37.11,PG-13,2026-03-16 08:10:53,
322,Cascade beacon ember harbor pulse signal signal signal orbit.,Pulse ember quartz quartz meridian beacon vector cascade matrix cascade.,2006,4,,5,2.99,126,34.86,PG,2025-10-19 10:51:35,
323,Delta alpha vector quartz willow zenith.,Summit zenith harbor alpha orbit meridian nova signal vertex pulse alpha vertex.,2006,5,6,7,4.99,106,39.32,PG,2025-08-27 16:03:46,
324,Matrix orbit signal pulse zenith matrix vertex orbit nova alpha vector.,Nova nova orbit beacon summit beacon harbor vertex flux vertex alpha.,2006,2,6,3,0.99,170,33.68,R,2026-05-09 20:59:23,Meridian pulse flux matrix harbor vertex vertex vertex harbor harbor signal vector.
325,Pulse signal zenith orbit zenith prism zenith.,Ember orbit matrix zenith willow matrix flux ember cascade vertex pulse.,2006,4,4,6,4.99,128,33.6,R,2025-04-22 04:58:21,
326,Signal nova nova prism willow vertex summit nova.,Signal signal matrix willow cascade willow.,2006,4,5,4,2.99,96,16.2,R,2026-04-15 19:42:17,Vector matrix pulse nova vertex summit harbor willow vector pulse meridian.
327,Orbit summit signal cascade ember nova flux nova zenith signal.,Pulse pulse prism prism quartz pulse zenith summit orbit nova signal summit.,2006,6,2,7,0.99,160,24.37,NC-17,2026-05-31 12:07:19,
328,Alpha orbit quartz orbit nova vector matrix willow cascade.,Meridian harbor orbit ember orbit ember alpha.,2006,3,,7,0.99,87,39.91,PG,2025-11-13 05:08:17,Willow pulse orbit harbor cascade vertex matrix matrix matrix.
329,Harbor meridian signal delta meridian delta nova delta flux.,Alpha beacon delta flux cascade willow.,2006,6,5,7,2.99,152,35.56,PG-13,2026-03-30 21:57:46,
330,Summit alpha cascade signal signal beacon flux flux vector delta alpha.,Nova pulse signal nova zenith matrix prism quartz orbit vertex.,2006,3,3,6,0.99,139,22.78,PG-13,2025-04-07 06:57:29,Zenith nova matrix harbor summit delta.
331,Summit cascade zenith signal nova flux harbor matrix.,Harbor meridian nova vertex flux delta.,2006,5,,4,0.99,176,42.81,PG-13,2026-05-15 08:45:03,
332,Orbit flux nova cascade orbit alpha summit summit.,Meridian nova vertex quartz matrix delta flux signal nova matrix.,2006,5,6,4,0.99,109,29.81,PG-13,2026-05-26 23:04:23,Summit nova matrix orbit orbit beacon vertex.
333,Matrix harbor delta nova delta delta summit.,Pulse vertex matrix summit cascade vector cascade alpha.,2006,6,,7,4.99,141,33.57,PG-13,2026-01-23 06:07:42,
334,Orbit signal quartz zenith matrix flux nova matrix zenith signal signal delta.,Vector prism cascade pulse alpha ember nova willow.,2006,1,,6,4.99,169,10.92,R,2025-11-02 17:12:05,Summit orbit signal willow orbit matrix flux delta signal pulse.
335,Beacon zenith quartz beacon signal orbit cascade.,Quartz vector flux orbit signal nova.,2006,1,,6,2.99,116,26.87,R,2025-01-10 00:01:28,Vector harbor pulse harbor cascade vertex prism.
336,Ember ember cascade prism alpha meridian ember signal signal vertex signal nova.,Cascade pulse harbor ember flux beacon meridian alpha signal harbor summit beacon.,2006,2,,7,4.99,90,43.25,R,2025-08-21 13:59:45,Orbit summit zenith vertex signal signal delta.
337,Willow meridian alpha pulse beacon zenith pulse zenith flux orbit.,Summit meridian ember alpha vertex quartz.,2006,2,2,7,2.99,123,11.24,R,2026-05-19 16:16:49,Alpha flux quartz nova summit flux zenith.
338,Nova flux quartz quartz ember orbit.,Pulse matrix zenith meridian quartz vector orbit vertex delta alpha.,2006,1,4,5,0.99,126,33,R,2025-07-27 00:55:16,Summit vector beacon zenith willow signal nova alpha meridian summit pulse orbit.
339,Prism pulse meridian meridian harbor meridian zenith orbit nova summit beacon.,Pulse vector beacon nova vertex harbor.,2006,6,5,5,4.99,93,18.78,G,2026-01-19 18:38:40,
340,Vector quartz willow matrix pulse delta.,Vertex quartz vector signal nova orbit vector vertex vertex.,2006,6,5,3,4.99,135,28.73,R,2026-05-07 10:38:49,Meridian cascade alpha matrix orbit flux vector.
341,Prism pulse vertex nova meridian flux prism zenith prism vertex.,Nova vector beacon nova summit quartz.,2006,2,4,7,2.99,109,25.79,G,2025-08-05 00:59:51,Vertex pulse signal orbit ember nova harbor.
342,Orbit ember flux zenith summit delta cascade meridian.,Ember meridian nova vertex ember pulse flux alpha prism quartz willow.,2006,1,4,6,2.99,118,38.1,PG-13,2025-03-20 02:28:04,Pulse meridian willow summit orbit summit.
343,Ember signal meridian orbit beacon beacon delta flux.,Flux signal beacon vector prism delta meridian.,2006,2,2,3,0.99,164,20.46,PG-13,2026-05-27 04:57:15,
344,Meridian beacon alpha pulse flux meridian.,Delta harbor cascade zenith beacon nova nova orbit prism vertex alpha orbit.,2006,4,2,5,4.99,82,42.51,R,2025-07-09 23:15:05,Flux cascade vertex beacon meridian beacon ember.
345,Summit zenith ember signal vertex ember.,Cascade beacon harbor willow beacon meridian vertex vector summit.,2006,6,,7,2.99,157,39.55,PG,2025-11-09 00:06:05,Vector alpha flux alpha pulse signal matrix quartz pulse.
346,Nova prism meridian vector pulse delta cascade.,Cascade ember harbor nova ember signal ember signal meridian harbor.,2006,6,,3,2.99,111,42.38,PG-13,2025-04-19 15:22:27,Cascade signal prism summit vertex willow vertex pulse summit.
347,Nova zenith willow quartz quartz pulse beacon meridian.,Summit ember pulse pulse alpha signal zenith harbor orbit prism.,2006,1,4,7,4.99,110,46.71,PG-13,2025-03-06 06:59:36,
348,Matrix matrix nova harbor prism flux orbit matrix.,Vector pulse quartz quartz vertex nova willow alpha vector zenith.,2006,6,,4,4.99,102,23.81,R,2025-03-13 08:58:34,
349,Signal matrix beacon orbit beacon signal delta.,Flux willow beacon summit alpha alpha orbit quartz vertex delta.,2006,5,6,7,2.99,168,25.08,NC-17,2025-02-08 15:04:05,Matrix nova signal cascade pulse alpha.
350,Ember flux signal matrix delta summit delta alpha beacon pulse meridian flux.,Summit cascade vector meridian pulse cascade signal.,2006,3,3,7,4.99,174,32.52,G,2026-04-03 22:20:06,Meridian willow matrix vertex alpha matrix.
351,Summit ember orbit zenith quartz zenith.,Signal cascade harbor delta beacon beacon quartz quartz matrix ember ember quartz.,2006,2,3,6,4.99,96,15.71,PG-13,2025-10-28 11:25:05,Quartz nova ember beacon signal orbit willow pulse vertex orbit.
352,Ember pulse alpha meridian nova vertex alpha ember.,Ember alpha beacon orbit zenith delta pulse quartz beacon.,2006,2,6,3,0.99,144,14.36,R,2025-03-19 23:20:04,
353,Flux alpha cascade summit willow summit meridian zenith beacon prism.,Vector meridian alpha orbit prism matrix meridian quartz beacon.,2006,4,,4,0.99,118,37.04,PG-13,2026-03-10 08:29:45,Delta vector matrix prism meridian vertex delta ember.
354,Prism zenith orbit willow meridian harbor meridian summit willow meridian delta.,Orbit quartz nova alpha willow alpha.,2006,4,4,7,0.99,130,19.92,G,2026-01-12 15:20:04,Matrix flux ember orbit matrix summit.
355,Delta cascade flux beacon nova prism delta summit.,Summit cascade pulse matrix delta vector pulse.,2006,2,4,3,4.99,123,39.32,PG,2026-02-06 01:00:32,Zenith beacon prism quartz ember pulse meridian orbit beacon.
356,Prism signal vertex zenith signal harbor prism pulse delta alpha harbor alpha.,Signal signal matrix summit harbor harbor vector.,2006,6,6,7,2.99,97,14.47,NC-17,2025-07-14 13:26:49,Prism flux orbit nova cascade zenith.
357,Quartz prism pulse ember prism vector signal beacon matrix quartz.,Meridian alpha orbit signal flux flux.,2006,1,,7,2.99,130,29.37,PG-13,2025-10-24 19:09:56,Delta quartz orbit matrix meridian summit.
358,Ember orbit flux flux delta cascade beacon beacon beacon.,Nova beacon ember alpha cascade quartz nova beacon matrix.,2006,1,3,4,4.99,93,48.05,R,2025-08-01 20:50:52,Vector meridian vector flux nova delta harbor delta harbor harbor.
359,Signal meridian pulse vector ember pulse zenith.,Meridian willow meridian ember quartz signal orbit willow prism.,2006,5,4,3,2.99,135,11.77,R,2025-02-24 09:44:01,Matrix nova vertex quartz delta willow alpha alpha cascade beacon zenith.
360,Zenith vector pulse delta quartz nova nova vertex cascade.,Matrix nova meridian ember prism prism quartz willow vector.,2006,4,,7,2.99,167,24.42,PG-13,2025-04-25 17:30:55,
361,Quartz matrix prism summit beacon nova summit vertex pulse orbit summit willow.,Flux summit meridian willow prism vertex nova.,2006,5,,5,0.99,141,37.76,PG,2025-12-22 12:31:49,
362,Harbor prism beacon orbit delta alpha nova beacon signal cascade.,Zenith beacon signal prism quartz delta.,2006,2,3,3,2.99,134,23.81,PG-13,2026-04-01 13:05:45,Harbor nova quartz signal prism zenith quartz alpha quartz signal.
363,Quartz delta signal nova willow summit ember.,Alpha summit cascade beacon orbit vertex.,2006,3,6,3,0.99,168,21.01,PG-13,2025-09-04 01:16:40,Harbor vector prism alpha delta quartz matrix harbor matrix vector.
364,Alpha zenith orbit summit pulse alpha.,Summit signal harbor vector cascade harbor zenith willow.,2006,6,2,4,2.99,173,29.69,R,2025-09-30 05:01:59,
365,Prism vertex orbit prism cascade zenith.,Vertex beacon zenith pulse cascade alpha meridian meridian delta nova.,2006,3,,3,2.99,177,10,NC-17,2026-03-31 11:26:14,Summit flux delta orbit pulse alpha flux matrix alpha.
366,Beacon ember delta meridian summit signal cascade alpha harbor zenith willow flux.,Beacon alpha matrix willow quartz quartz summit harbor orbit prism cascade orbit.,2006,3,1,7,2.99,120,31.8,G,2025-11-20 00:02:20,Vertex cascade prism harbor vector beacon.
367,Pulse harbor signal summit willow alpha quartz willow.,Nova ember vertex summit delta signal alpha zenith nova.,2006,2,3,5,0.99,80,23.72,PG-13,2025-08-28 15:45:55,Prism prism flux willow alpha vector vector prism willow.
368,Flux zenith harbor alpha vector alpha vector pulse signal beacon delta.,Zenith signal signal prism orbit alpha nova.,2006,5,5,7,2.99,163,14.59,NC-17,2025-11-22 10:41:47,Vector pulse prism willow nova alpha orbit summit prism vector.
369,Pulse summit ember matrix quartz prism.,Beacon quartz pulse summit beacon willow alpha orbit nova harbor.,2006,3,6,7,2.99,170,39.54,R,2026-02-23 02:55:08,Nova prism willow orbit pulse beacon matrix vertex vertex.
370,Willow prism meridian matrix orbit summit flux vector vertex beacon zenith meridian.,Beacon willow nova flux beacon vertex harbor.,2006,5,6,7,2.99,125,39.67,NC-17,2026-05-28 04:26:56,
371,Flux harbor harbor vertex zenith vertex harbor summit ember willow.,Signal orbit prism prism prism harbor flux vector zenith.,2006,6,5,7,0.99,148,43.66,R,2025-12-22 12:51:06,
372,Signal alpha pulse beacon flux summit.,Orbit beacon summit pulse nova vertex meridian meridian quartz zenith prism.,2006,3,4,4,0.99,99,46.9,PG-13,2025-07-19 20:21:57,
373,Delta pulse vertex pulse nova flux alpha delta vector vector meridian.,Beacon harbor meridian quartz delta summit vertex delta harbor.,2006,1,6,7,4.99,138,42.85,R,2025-12-08 09:16:01,Alpha zenith ember vector flux orbit matrix pulse.
374,Matrix matrix beacon quartz meridian vector alpha.,Meridian quartz nova prism nova pulse matrix vertex willow pulse.,2006,3,2,4,2.99,85,19,G,2026-03-30 20:04:16,Signal orbit alpha pulse nova prism meridian ember delta meridian pulse matrix.
375,Orbit matrix delta pulse vertex ember beacon harbor willow prism beacon.,Vector delta signal prism ember nova vector matrix.,2006,2,,3,2.99,93,40.69,R,2025-12-14 15:18:21,Delta delta orbit prism harbor willow pulse beacon.
376,Alpha zenith harbor vector flux ember beacon beacon delta vector prism.,Beacon pulse signal pulse beacon quartz quartz signal summit vector alpha.,2006,2,,6,4.99,122,20.72,NC-17,2025-05-31 23:59:19,Willow beacon vertex nova meridian orbit pulse cascade zenith.
377,Willow alpha vector signal flux cascade.,Summit vertex delta harbor willow flux flux matrix orbit pulse quartz flux.,2006,3,5,6,0.99,124,10.95,PG,2026-03-29 16:18:25,
378,Orbit willow meridian beacon nova flux delta vector summit.,Nova ember beacon zenith quartz pulse pulse.,2006,5,6,6,4.99,175,15.65,PG,2026-05-19 20:57:11,Prism ember vector vector vertex orbit beacon nova flux zenith pulse.
379,Orbit summit willow zenith signal pulse meridian orbit.,Ember pulse willow signal vector delta.,2006,4,4,5,2.99,149,45.89,PG-13,2025-06-30 21:06:43,Nova zenith summit willow harbor signal delta signal matrix nova.
380,Harbor harbor harbor quartz signal matrix matrix nova nova.,Nova signal beacon zenith cascade flux orbit zenith meridian pulse.,2006,2,5,7,4.99,92,25.58,R,2025-10-15 09:08:17,
381,Flux matrix flux pulse zenith summit.,Pulse orbit meridian nova summit vertex vector beacon alpha nova matrix.,2006,3,6,4,4.99,159,27.01,R,2025-10-05 16:08:04,Zenith willow vector vector prism ember delta beacon quartz nova.
382,Vector alpha delta willow pulse beacon alpha orbit matrix willow.,Zenith cascade pulse alpha orbit quartz zenith flux matrix summit flux signal.,2006,4,,7,2.99,162,43.49,PG,2025-07-11 20:22:30,Signal matrix willow prism harbor alpha alpha flux pulse beacon.
383,Summit delta zenith quartz orbit alpha pulse.,Summit beacon vector flux orbit flux.,2006,6,5,5,2.99,99,34.89,PG,2025-12-16 05:57:05,
384,Meridian vector ember nova cascade meridian prism meridian meridian delta vector.,Prism signal alpha nova vector vertex beacon meridian.,2006,3,5,7,0.99,115,33.05,NC-17,2025-07-31 06:06:44,Nova orbit alpha zenith nova prism vertex signal.
385,Prism alpha flux signal matrix vertex pulse beacon.,Matrix nova signal ember signal zenith zenith prism matrix harbor.,2006,3,4,5,2.99,111,11.99,PG,2025-08-14 23:47:25,
386,Delta signal quartz harbor summit summit alpha quartz zenith.,Flux flux alpha zenith vector beacon prism prism.,2006,6,1,3,4.99,177,46.66,PG-13,2026-01-13 21:56:03,Vector matrix flux cascade pulse ember pulse matrix meridian beacon matrix.
387,Ember zenith orbit flux harbor summit beacon harbor.,Quartz cascade prism willow vector ember meridian vertex.,2006,1,5,6,2.99,126,22.81,G,2026-06-16 20:20:58,Quartz vector orbit flux nova pulse signal pulse beacon nova nova quartz.
388,Nova harbor summit cascade prism harbor flux matrix vector alpha.,Alpha meridian summit vector harbor ember harbor meridian harbor nova vertex beacon.,2006,1,6,6,2.99,151,19.22,G,2025-05-11 02:23:35,Quartz signal flux matrix cascade beacon prism summit cascade alpha zenith.
389,Matrix pulse harbor cascade zenith cascade.,Meridian pulse delta beacon summit harbor vertex flux zenith quartz flux orbit.,2006,6,5,5,2.99,106,48.92,R,2025-05-13 05:58:52,Cascade orbit vertex signal beacon orbit matrix ember.
390,Orbit summit meridian cascade beacon ember meridian nova flux pulse orbit matrix.,Willow vector matrix prism ember willow meridian cascade delta alpha.,2006,3,2,3,0.99,142,23.58,G,2026-03-30 13:50:45,Quartz ember quartz delta quartz flux vector meridian zenith cascade flux.
391,Summit willow flux signal summit vertex willow beacon vector.,Signal harbor matrix orbit pulse vertex alpha signal flux beacon cascade meridian.,2006,6,1,3,2.99,91,22.67,R,2025-03-12 16:30:23,Beacon delta cascade ember delta matrix prism.
392,Cascade willow alpha prism zenith meridian meridian flux.,Flux willow prism signal meridian pulse.,2006,1,4,7,2.99,95,15.25,R,2025-04-01 22:21:18,
393,Prism delta pulse flux zenith vector signal.,Summit signal vector summit matrix vector vector willow orbit.,2006,3,6,3,0.99,91,13.3,PG-13,2025-12-17 03:31:15,Prism signal pulse alpha cascade flux vector flux pulse alpha vector.
394,Meridian meridian beacon nova matrix meridian matrix.,Meridian prism willow harbor meridian vector vector summit matrix flux flux.,2006,6,2,6,0.99,86,14.77,PG,2026-01-16 20:11:45,Orbit pulse meridian beacon zenith vertex prism orbit prism.
395,Zenith alpha summit willow pulse zenith harbor willow pulse signal.,Zenith orbit nova harbor vector ember delta cascade.,2006,2,2,5,2.99,118,13.56,PG,2025-12-23 22:59:09,Summit quartz harbor ember alpha cascade beacon vector.
396,Alpha vector orbit signal harbor meridian matrix quartz.,Quartz summit meridian ember flux signal.,2006,6,3,5,0.99,96,21.24,PG,2025-12-18 06:15:28,Pulse nova delta prism flux matrix delta cascade orbit nova flux harbor.
397,Delta summit signal signal harbor vertex quartz ember.,Orbit cascade flux pulse orbit flux pulse.,2006,4,3,4,2.99,171,34.2,R,2025-01-07 23:51:34,
398,Vertex quartz beacon nova harbor beacon quartz vector beacon harbor.,Pulse harbor vertex zenith meridian flux nova.,2006,5,4,4,2.99,83,25.7,PG-13,2025-08-18 04:45:38,Beacon beacon harbor matrix vector orbit.
399,Summit beacon beacon orbit delta pulse.,Zenith signal quartz pulse harbor delta.,2006,3,2,5,4.99,155,17.3,R,2025-06-26 14:09:18,Cascade ember alpha zenith ember orbit beacon quartz.
400,Summit vertex orbit alpha vertex prism pulse.,Zenith quartz matrix willow meridian orbit summit.,2006,4,1,4,2.99,147,48.58,R,2025-09-04 08:36:02,Pulse alpha quartz meridian prism zenith quartz summit meridian pulse.
401,Vector orbit ember zenith orbit summit beacon nova summit prism beacon.,Orbit beacon nova matrix ember vector beacon beacon beacon.,2006,5,3,6,2.99,123,33.5,PG-13,2025-04-10 05:54:25,
402,Signal beacon pulse alpha prism nova.,Flux nova willow meridian nova harbor orbit summit meridian.,2006,2,4,6,4.99,113,28.7,R,2026-01-23 19:53:27,
403,Vertex nova vector vector orbit harbor summit summit cascade delta.,Harbor quartz vertex meridian prism ember willow summit vector.,2006,1,6,7,4.99,101,10.04,R,2025-01-16 11:49:37,
404,Beacon summit matrix matrix vertex signal vector quartz.,Harbor quartz signal prism alpha harbor willow summit quartz prism harbor beacon.,2006,6,4,5,0.99,148,14.72,PG-13,2025-05-30 17:57:55,Prism quartz orbit vertex vector prism vertex nova delta meridian willow delta.
405,Harbor delta ember delta zenith beacon zenith signal signal alpha prism vector.,Nova beacon willow quartz orbit beacon prism.,2006,6,1,5,0.99,174,25.35,R,2026-02-20 11:25:50,
406,Quartz delta willow matrix meridian zenith prism meridian ember.,Nova quartz nova orbit vector beacon matrix orbit signal matrix vector.,2006,6,3,7,2.99,98,31.45,NC-17,2026-06-13 08:32:46,
407,Vector meridian cascade cascade vector alpha vertex zenith nova pulse pulse prism.,Orbit cascade nova flux matrix meridian summit harbor matrix.,2006,3,1,5,0.99,152,15.93,PG-13,2026-01-03 23:19:18,Ember vector ember vector vertex nova beacon vector nova alpha matrix.
408,Delta beacon vector ember zenith nova harbor pulse.,Vector vertex beacon zenith signal zenith vector matrix.,2006,6,6,5,0.99,154,16.25,PG-13,2026-05-22 20:30:48,
409,Cascade summit meridian prism summit prism harbor orbit flux prism alpha.,Quartz zenith signal prism matrix signal flux delta nova willow.,2006,5,3,6,4.99,124,48.85,PG,2026-06-29 13:38:25,
410,Alpha beacon signal nova quartz flux.,Signal vertex willow zenith willow quartz vertex ember flux nova.,2006,4,6,3,2.99,166,15.96,R,2025-03-13 10:42:36,
411,Ember zenith meridian pulse summit vector.,Zenith delta flux alpha harbor harbor willow.,2006,3,2,5,4.99,137,18.63,PG-13,2025-11-09 13:32:09,Signal orbit cascade harbor orbit harbor harbor meridian vector pulse signal.
412,Ember willow vertex willow summit harbor vertex.,Summit vertex alpha delta quartz summit summit quartz signal summit prism orbit.,2006,5,5,6,2.99,95,39.95,G,2026-03-30 16:51:39,
413,Alpha matrix harbor beacon willow pulse summit summit pulse ember summit.,Summit delta willow orbit flux ember harbor.,2006,1,4,7,2.99,105,29.35,R,2025-02-21 09:19:19,Prism meridian signal quartz zenith willow orbit.
414,Cascade pulse summit signal matrix vector matrix.,Delta orbit orbit nova cascade beacon vertex pulse harbor matrix delta flux.,2006,1,,6,0.99,134,42.34,PG-13,2026-03-22 03:06:30,
415,Pulse vector vector orbit willow cascade beacon orbit delta flux harbor vector.,Willow meridian beacon nova vector pulse vertex cascade alpha cascade.,2006,3,1,3,2.99,88,44.84,PG-13,2025-11-04 09:14:32,Delta orbit matrix meridian matrix flux matrix nova harbor summit.
416,Zenith matrix meridian matrix vector meridian willow vector beacon ember.,Matrix orbit summit nova harbor signal pulse nova.,2006,5,,7,2.99,159,46.69,PG-13,2025-07-09 11:40:14,Ember cascade alpha harbor willow prism cascade nova meridian.
417,Quartz summit cascade harbor meridian prism ember prism willow meridian delta.,Vector signal matrix ember zenith pulse flux quartz beacon.,2006,5,1,3,2.99,174,48.34,PG-13,2025-11-21 07:33:23,Signal prism beacon nova orbit vertex harbor vertex.
418,Vertex zenith beacon meridian prism willow beacon beacon vector flux prism.,Delta prism willow ember willow delta beacon ember alpha orbit harbor willow.,2006,6,5,6,2.99,170,13.76,PG-13,2026-03-31 10:19:03,Vector beacon zenith pulse nova ember pulse.
419,Nova delta vector quartz prism vertex quartz vertex orbit zenith meridian prism.,Meridian vertex meridian meridian zenith summit vertex willow ember signal.,2006,3,,3,2.99,118,31.55,R,2025-10-07 23:10:31,
420,Matrix orbit summit summit summit signal meridian pulse orbit summit nova.,Nova vertex willow beacon pulse flux vertex flux vector ember.,2006,2,3,6,2.99,177,48.09,NC-17,2025-09-19 23:19:30,Matrix summit signal vector summit vector meridian.
421,Prism signal vector flux harbor matrix harbor beacon ember harbor alpha beacon.,Cascade ember vector delta meridian alpha vertex ember willow.,2006,2,3,7,2.99,101,38.82,G,2025-02-22 17:18:28,
422,Nova flux cascade prism willow signal beacon willow vector willow.,Orbit nova harbor beacon delta nova quartz willow ember vertex.,2006,2,3,3,2.99,175,37.21,PG-13,2025-02-03 20:18:59,
423,Alpha meridian vertex zenith flux willow matrix matrix delta cascade flux.,Cascade pulse willow signal vector signal alpha vector cascade alpha harbor.,2006,4,5,6,2.99,86,41.21,G,2025-10-25 03:38:23,Vertex flux beacon matrix harbor flux.
424,Alpha beacon signal alpha nova vertex flux matrix.,Vertex delta willow meridian vector zenith orbit vector matrix nova willow.,2006,1,1,7,2.99,162,15.25,PG,2026-04-30 07:51:07,Willow cascade summit matrix ember quartz meridian alpha.
425,Ember nova vertex alpha ember nova pulse zenith cascade.,Zenith matrix ember cascade delta harbor beacon cascade prism.,2006,6,5,6,2.99,147,40.57,PG-13,2025-06-01 10:14:08,Signal beacon nova delta beacon nova.
426,Ember prism flux prism ember alpha signal ember summit.,Vertex cascade willow nova beacon matrix willow.,2006,5,4,7,0.99,145,22.43,PG,2025-06-05 07:26:54,Pulse summit beacon delta delta delta vertex alpha beacon pulse willow.
427,Alpha harbor nova nova zenith prism.,Signal ember cascade alpha matrix signal vector flux vertex signal.,2006,1,5,5,0.99,100,24.52,G,2025-11-08 03:12:03,Signal ember cascade vertex pulse signal beacon cascade matrix zenith summit vector.
428,Orbit cascade ember pulse delta orbit.,Nova beacon matrix vector prism delta orbit pulse.,2006,5,5,3,4.99,118,27.4,PG,2025-11-02 00:05:58,Pulse delta harbor flux prism delta willow willow.
429,Nova flux vertex ember zenith prism willow vertex delta pulse.,Cascade delta signal matrix summit willow vertex prism beacon matrix.,2006,1,2,7,4.99,159,31.76,PG-13,2025-08-28 00:21:44,Quartz prism prism meridian quartz pulse.
430,Prism vertex summit beacon harbor pulse summit vertex vertex matrix.,Meridian ember signal flux zenith quartz willow prism ember.,2006,1,5,5,2.99,136,10.39,PG-13,2026-03-18 22:34:43,
431,Vertex flux beacon meridian meridian cascade zenith prism beacon.,Cascade nova harbor prism cascade harbor ember.,2006,3,,6,2.99,178,21.04,PG-13,2026-03-27 14:52:08,Pulse orbit alpha orbit summit ember harbor cascade ember willow matrix.
432,Orbit meridian signal pulse signal delta.,Harbor delta willow cascade beacon cascade nova.,2006,1,3,5,0.99,88,22.45,PG,2025-02-01 00:33:51,Cascade flux prism quartz willow pulse beacon ember signal signal.
433,Willow cascade zenith delta beacon pulse signal.,Vector prism matrix orbit zenith alpha nova signal matrix zenith meridian.,2006,5,5,7,0.99,105,16.13,R,2025-12-11 03:48:21,
434,Vertex cascade quartz summit willow ember.,Vertex summit orbit orbit summit cascade vector.,2006,2,3,5,0.99,111,37.68,PG,2025-07-19 17:19:43,Matrix summit vector nova nova vector harbor nova quartz matrix.
435,Prism nova willow nova zenith nova.,Flux zenith flux alpha quartz harbor vertex.,2006,2,1,4,0.99,160,11.13,G,2026-02-07 14:21:19,Harbor cascade signal quartz orbit vector pulse ember beacon matrix zenith vertex.
436,Beacon pulse summit summit flux matrix willow pulse.,Orbit prism delta delta orbit signal.,2006,1,1,7,2.99,95,26.62,PG-13,2025-01-16 22:50:55,Harbor nova matrix vertex zenith nova summit vector alpha pulse summit alpha.
437,Alpha signal harbor prism prism orbit alpha beacon harbor.,Meridian delta vector cascade matrix prism.,2006,1,6,5,4.99,91,13.09,G,2025-06-02 20:32:03,Alpha vertex summit alpha meridian nova flux flux willow.
438,Vector quartz harbor quartz beacon vertex quartz orbit prism willow vertex ember.,Cascade zenith cascade meridian pulse beacon vector alpha.,2006,2,2,4,0.99,125,28.05,NC-17,2025-01-28 13:00:49,Orbit beacon pulse summit summit zenith alpha matrix delta vertex willow prism.
439,Nova beacon orbit flux harbor signal ember nova signal.,Zenith cascade pulse harbor vertex delta vertex vertex.,2006,6,5,5,4.99,109,20.9,PG-13,2025-03-16 18:40:44,Willow delta zenith cascade flux harbor flux.
440,Nova vector prism delta pulse signal prism quartz nova ember flux pulse.,Prism meridian summit nova signal zenith prism signal vector vertex.,2006,3,6,3,0.99,124,39.82,PG-13,2025-01-21 14:17:40,
441,Nova quartz harbor nova summit vertex pulse matrix harbor beacon alpha nova.,Zenith summit summit signal quartz vector alpha pulse pulse pulse quartz.,2006,2,3,5,0.99,147,28.68,PG-13,2026-04-09 04:32:30,Orbit orbit prism harbor delta prism ember orbit delta cascade signal.
442,Meridian pulse vector cascade beacon beacon matrix summit.,Flux vertex matrix cascade ember alpha matrix flux.,2006,3,5,3,2.99,115,16.7,R,2026-01-11 16:58:28,Nova beacon alpha harbor signal summit.
443,Harbor willow zenith flux signal vector flux summit meridian alpha.,Prism flux harbor harbor matrix prism willow summit flux flux cascade.,2006,5,2,6,2.99,159,30.99,PG-13,2025-03-03 01:25:45,
444,Prism quartz pulse vertex harbor harbor pulse pulse.,Pulse nova signal pulse vertex quartz matrix flux nova pulse delta.,2006,6,2,4,4.99,178,44.37,R,2025-06-14 18:30:39,Pulse delta willow quartz matrix nova beacon prism orbit cascade quartz harbor.
445,Vector prism vertex willow zenith nova summit zenith matrix.,Flux zenith nova willow alpha orbit.,2006,2,2,3,2.99,106,36.82,G,2025-06-09 10:50:39,Orbit flux willow nova meridian signal willow matrix quartz meridian.
446,Quartz alpha vector delta prism willow alpha vertex flux.,Quartz alpha beacon beacon ember zenith willow.,2006,3,4,5,0.99,102,43.1,NC-17,2026-01-13 04:19:09,Matrix willow meridian flux willow delta.
447,Flux signal pulse vertex delta orbit vector orbit orbit signal summit.,Orbit beacon zenith willow meridian vector harbor.,2006,4,2,5,0.99,157,32.59,PG-13,2026-03-31 05:30:12,Signal alpha zenith quartz signal nova.
448,Delta cascade harbor beacon nova matrix cascade matrix beacon ember.,Alpha pulse delta vector delta willow cascade zenith.,2006,3,3,6,0.99,103,32.79,R,2025-06-10 20:01:52,Quartz cascade orbit beacon vector orbit nova.
449,Pulse willow signal vertex summit matrix zenith orbit vertex.,Meridian meridian vertex ember alpha delta.,2006,3,4,6,4.99,124,39.55,NC-17,2025-04-28 00:42:46,
450,Signal nova delta harbor willow alpha vertex signal harbor.,Signal nova zenith flux harbor nova harbor alpha.,2006,4,3,3,0.99,108,33.74,PG,2025-08-10 14:53:36,
451,Alpha summit vertex matrix pulse harbor meridian delta nova flux vertex harbor.,Prism harbor orbit prism cascade flux signal quartz signal.,2006,6,,6,2.99,164,34.28,PG,2025-12-08 02:39:42,Ember alpha cascade harbor quartz meridian willow.
452,Orbit quartz vector harbor vector vertex vertex vector matrix ember.,Vector prism vertex pulse delta beacon vertex.,2006,3,1,3,0.99,161,19.86,PG-13,2026-05-28 15:15:06,
453,Beacon beacon signal ember willow delta vertex ember zenith prism.,Meridian flux delta ember summit pulse cascade ember delta signal harbor.,2006,1,6,6,2.99,88,14.93,PG-13,2026-03-12 23:56:48,
454,Vertex quartz beacon meridian willow vector nova vertex ember.,Cascade cascade vertex vector delta summit nova vertex.,2006,4,3,6,2.99,146,17.89,G,2025-06-11 06:51:40,Prism delta signal orbit flux orbit matrix.
455,Harbor flux cascade delta alpha summit meridian ember.,Harbor beacon vertex vertex vertex willow vertex.,2006,4,3,3,0.99,88,26.72,NC-17,2025-11-18 06:22:34,Harbor flux willow pulse pulse vector vector quartz.
456,Prism quartz alpha delta harbor ember ember nova summit.,Orbit harbor orbit beacon signal willow vector beacon nova vertex vector vector.,2006,5,1,6,0.99,136,37.87,G,2026-01-23 14:11:36,Delta summit vertex summit delta beacon quartz summit nova summit.
457,Orbit flux vector beacon matrix harbor ember summit.,Meridian signal flux willow meridian ember prism.,2006,4,5,6,4.99,152,25.28,PG-13,2025-05-24 13:14:16,
458,Quartz quartz orbit willow alpha nova vector flux matrix ember pulse prism.,Signal nova signal willow meridian beacon matrix flux alpha nova.,2006,1,,7,4.99,151,44.81,PG-13,2025-06-06 14:46:37,
459,Prism flux beacon zenith meridian quartz.,Prism vertex alpha cascade willow cascade ember pulse.,2006,3,2,6,0.99,121,49.35,PG-13,2025-09-02 16:31:23,Vertex quartz meridian nova meridian pulse.
460,Orbit harbor meridian prism delta vertex quartz flux flux pulse orbit vector.,Flux willow signal ember meridian signal beacon pulse beacon quartz meridian pulse.,2006,1,5,5,2.99,162,35.26,PG-13,2025-11-27 11:19:10,Meridian alpha pulse prism zenith summit alpha willow harbor orbit.
461,Vertex beacon vector vector zenith alpha ember cascade orbit prism vector flux.,Beacon pulse quartz meridian quartz cascade ember flux matrix.,2006,4,3,7,0.99,137,43.42,G,2025-09-08 20:59:20,
462,Harbor cascade orbit nova cascade meridian delta vertex quartz meridian willow.,Orbit vector flux pulse delta willow.,2006,4,,5,0.99,137,14.48,G,2025-12-25 13:04:25,
463,Zenith nova nova summit nova beacon quartz.,Prism delta willow cascade flux vertex orbit vector vector quartz.,2006,5,6,3,0.99,175,29.94,NC-17,2025-07-11 09:33:02,Orbit ember signal prism flux orbit flux meridian harbor orbit signal.
464,Flux matrix beacon cascade harbor zenith harbor summit beacon.,Orbit harbor ember beacon flux signal meridian cascade vector alpha.,2006,2,4,6,2.99,119,29.05,R,2025-08-09 12:10:41,
465,Quartz quartz quartz quartz zenith alpha.,Vertex nova beacon prism beacon matrix.,2006,4,3,6,2.99,143,20.15,R,2026-01-21 00:26:17,Signal beacon vertex harbor zenith delta prism orbit.
466,Summit beacon alpha flux willow alpha alpha zenith signal matrix alpha.,Cascade pulse meridian summit vertex willow harbor alpha matrix willow orbit signal.,2006,1,2,3,4.99,105,36.21,NC-17,2025-11-14 02:13:52,Orbit summit signal pulse nova alpha cascade alpha.
467,Signal orbit beacon delta cascade alpha delta summit pulse.,Flux prism cascade nova willow signal signal beacon.,2006,3,3,3,4.99,98,32.1,PG,2026-04-17 09:10:56,
468,Zenith signal alpha pulse harbor orbit signal.,Beacon signal pulse alpha cascade vertex zenith harbor cascade orbit.,2006,1,3,6,2.99,132,31.48,PG-13,2025-08-27 06:49:35,Flux nova quartz delta harbor delta delta orbit meridian nova pulse.
469,Cascade ember signal flux nova willow quartz nova.,Pulse alpha nova quartz ember cascade harbor ember vertex meridian.,2006,5,3,3,4.99,154,16.29,G,2025-10-24 22:58:04,
470,Beacon quartz signal harbor alpha nova quartz summit matrix willow pulse vector.,Delta alpha matrix meridian matrix ember summit signal signal orbit signal.,2006,5,6,5,0.99,132,15.34,PG-13,2025-03-28 23:39:56,Summit beacon ember meridian delta alpha zenith.
471,Orbit nova meridian meridian vertex vector vector vector orbit meridian.,Zenith beacon vertex alpha zenith beacon meridian willow alpha.,2006,6,,3,0.99,166,43.1,PG-13,2025-11-18 11:24:12,Signal beacon orbit meridian pulse ember matrix pulse.
472,Beacon summit meridian ember cascade signal.,Ember willow alpha flux signal delta cascade willow matrix harbor beacon.,2006,6,1,5,2.99,80,17.79,PG-13,2025-05-31 18:17:00,Signal summit flux quartz flux vector.
473,Cascade nova prism cascade ember harbor.,Prism summit zenith orbit beacon zenith matrix ember alpha zenith.,2006,3,1,6,4.99,167,32.32,PG,2025-04-16 03:43:06,
474,Delta beacon willow vector matrix orbit willow pulse flux vector summit.,Meridian pulse nova ember orbit zenith summit cascade.,2006,5,2,3,4.99,102,23.91,PG-13,2025-04-30 13:43:45,
475,Nova zenith flux prism harbor matrix matrix signal pulse meridian prism pulse.,Quartz meridian prism summit signal ember signal.,2006,6,,4,2.99,132,25.7,PG-13,2025-07-21 12:49:27,Vector harbor vector vertex alpha willow signal nova meridian signal willow ember.
476,Signal zenith meridian orbit prism prism matrix pulse vector.,Signal beacon matrix delta harbor beacon flux alpha alpha willow orbit.,2006,1,,3,0.99,86,20.59,PG-13,2025-08-08 04:03:43,
477,Harbor beacon zenith pulse signal signal.,Alpha pulse prism nova summit signal.,2006,5,1,6,4.99,139,15.26,NC-17,2025-04-29 11:38:18,
478,Vector harbor matrix orbit orbit meridian quartz.,Summit nova alpha alpha willow prism.,2006,6,3,5,0.99,173,42.09,R,2025-10-13 13:26:01,Matrix cascade delta prism prism zenith.
479,Matrix quartz matrix vector vector matrix orbit cascade.,Quartz beacon zenith cascade harbor delta zenith summit willow.,2006,3,,5,0.99,139,30.95,R,2026-02-27 16:49:21,
480,Matrix harbor matrix vertex beacon harbor matrix quartz meridian orbit pulse.,Pulse orbit summit flux willow meridian flux pulse.,2006,2,2,5,2.99,143,44.92,R,2025-05-25 11:17:07,Quartz vertex ember quartz willow willow.
481,Summit meridian vector meridian harbor pulse delta nova alpha cascade orbit.,Vertex alpha willow cascade meridian quartz cascade nova.,2006,1,4,7,0.99,147,32.56,G,2026-02-14 23:53:03,Orbit nova prism vertex meridian ember prism orbit quartz.
482,Summit orbit pulse cascade signal vertex signal matrix vector quartz.,Beacon ember ember delta cascade orbit vector vertex nova nova.,2006,3,1,5,4.99,133,33.76,PG-13,2025-07-03 00:04:32,
483,Matrix summit vector meridian willow signal alpha flux matrix matrix zenith.,Vector ember quartz matrix delta flux matrix prism cascade summit vector willow.,2006,2,4,3,2.99,147,47.63,G,2025-02-25 03:40:37,Harbor harbor pulse flux signal nova nova harbor quartz.
484,Alpha willow signal cascade quartz meridian zenith ember alpha.,Beacon zenith quartz alpha meridian vertex vertex alpha.,2006,4,3,7,2.99,112,16.9,G,2025-08-07 17:24:10,Willow cascade zenith flux alpha meridian.
485,Delta zenith orbit beacon zenith matrix.,Prism ember flux prism pulse zenith alpha willow quartz vertex delta alpha.,2006,4,6,5,2.99,99,45.84,PG,2025-04-08 22:15:11,
486,Quartz zenith signal summit quartz harbor signal ember quartz harbor meridian.,Summit vertex beacon nova summit beacon summit summit meridian.,2006,5,6,6,0.99,104,31.32,PG-13,2025-05-24 05:50:13,Prism ember harbor orbit vertex meridian harbor quartz cascade pulse harbor.
487,Alpha vertex willow vector cascade willow.,Matrix meridian quartz signal orbit nova willow flux.,2006,1,1,5,0.99,81,44.1,PG,2025-09-22 06:23:10,Quartz prism beacon harbor beacon cascade summit orbit harbor flux delta pulse.
488,Pulse orbit alpha prism beacon vertex orbit meridian meridian.,Signal pulse cascade signal prism cascade quartz ember.,2006,4,6,6,0.99,111,32.82,R,2026-04-25 00:57:21,Signal willow willow flux willow prism summit orbit cascade vector summit.
489,Meridian orbit cascade quartz signal cascade.,Beacon zenith pulse pulse orbit nova nova meridian delta beacon prism.,2006,1,6,7,2.99,153,29.48,PG-13,2025-03-11 13:09:49,Nova matrix beacon alpha quartz beacon harbor.
490,Delta ember beacon nova delta matrix nova.,Cascade orbit summit cascade harbor nova beacon.,2006,6,2,5,2.99,151,37.53,PG,2026-05-08 15:29:53,
491,Ember pulse summit matrix willow zenith matrix nova pulse.,Vector orbit vertex signal summit summit alpha quartz.,2006,6,3,4,2.99,127,11.41,PG-13,2025-12-22 19:04:16,Harbor meridian flux beacon matrix prism prism.
492,Signal matrix orbit pulse summit vertex harbor matrix alpha.,Vertex matrix orbit nova orbit vector.,2006,1,4,7,2.99,158,39.29,PG-13,2025-06-01 17:34:23,Orbit matrix summit orbit vertex pulse orbit pulse alpha.
493,Ember alpha quartz alpha cascade pulse cascade beacon.,Vertex orbit nova cascade beacon ember flux vector beacon alpha.,2006,4,1,7,0.99,105,13.18,R,2025-05-04 01:22:33,Quartz zenith signal prism flux vector signal meridian.
494,Ember orbit flux beacon signal beacon vertex delta matrix pulse summit matrix.,Meridian zenith beacon zenith delta flux ember willow willow flux cascade delta.,2006,2,3,6,2.99,154,17.39,R,2026-01-29 17:40:04,Prism meridian harbor flux quartz flux cascade nova meridian.
495,Signal prism quartz vector cascade vector quartz cascade summit meridian nova willow.,Nova quartz vector prism meridian summit.,2006,4,4,5,4.99,179,43.21,PG,2025-06-07 10:35:02,Quartz willow zenith flux nova delta cascade.
496,Vertex beacon zenith vector delta cascade beacon prism orbit zenith delta.,Harbor matrix meridian summit signal prism harbor cascade matrix quartz.,2006,6,4,5,2.99,83,44.31,PG-13,2025-05-04 20:40:28,Flux prism flux matrix prism cascade nova.
497,Beacon beacon pulse quartz prism nova beacon meridian.,Alpha vector delta summit alpha signal flux prism vertex summit alpha.,2006,1,,3,0.99,89,31.84,PG,2025-02-01 16:51:00,Meridian alpha vertex orbit meridian pulse ember zenith alpha zenith signal.
498,Beacon flux ember zenith willow delta.,Meridian orbit vertex quartz signal delta.,2006,5,,6,2.99,82,47.07,R,2025-10-05 03:43:15,
499,Beacon beacon willow signal flux prism.,Signal signal delta cascade pulse orbit flux matrix matrix flux.,2006,4,6,6,2.99,105,12.41,PG,2025-05-07 19:07:25,
500,Beacon beacon ember beacon prism willow prism meridian willow.,Ember vertex alpha ember signal alpha pulse vector pulse summit.,2006,2,3,3,4.99,169,11.74,R,2025-05-04 11:33:36,