customerid,firstname,lastname,address1,address2,city,state,zip,country,region,email,phone,creditcardtype,creditcard,creditcardexpiration,username,password,age,income,gender
1,Holly Wood,Derek Zuniga,283 Steven Groves,503 Linda Locks,Carlshire,,229,Turkey,143,jason76@example.net,724.523.8849x696,914,Meeting before another.,Check civil.,Linda Cruz,You more wife team activity.,605,31,
2,Melanie Herrera,Martin Rodriguez,70482 Monica Hills Apt. 252,570 Sarah Wells,Johnbury,FM,734,Montenegro,666,millertodd@example.org,001-682-827-8248x96383,460,Just military building different.,Again network open according.,Amy Jones,Teacher audience.,829,778,e
3,John Ryan,Sonya Johnston,6311 Gomez Loop,010 Chandler Union Apt. 333,Taylorburgh,KY,981,Kyrgyz Republic,782,nancyjones@example.net,,100,Anything yourself.,Why unit.,Carol Tucker,Ten total clearly.,353,827,
4,James House,Dominique Horton,34309 Julie Centers Apt. 978,81219 Emma Freeway,Wilsonshire,IA,81,Mozambique,566,harveyrobert@example.net,001-485-643-5346,907,First sell authority leader.,You available defense enter value.,Sherry Wood,Just myself few.,592,72,
5,Dr. Kendra Contreras,Tara Garcia,1182 Campbell Fords,48740 Cynthia Village Suite 005,Lake Tina,GA,,Saint Vincent and the Grenadines,239,barnold@example.net,4118280598,465,Among half value.,Together decide.,Brian Deleon,Wind see understand door.,374,364,c
6,Rita Keith,Norman Cook,342 Patrick Camp Suite 337,3303 Murphy Way Apt. 458,Frazierside,MA,624,Wallis and Futuna,651,wilsontara@example.org,001-340-819-6556,168,Couple and job mind southern.,Hair attorney professional.,Erik Charles,Medical project for.,277,656,s
7,Cameron Fisher,Megan Orr,8044 Russell Prairie Suite 777,721 Robertson Roads,Clarencebury,TX,58,Georgia,235,lindsayhernandez@example.org,979.817.6936,411,Challenge reach throughout.,Sing despite.,Melissa Marshall,Eat summer lead soon property.,217,581,o
8,Tiffany Vance,Michelle Wagner,77434 Sims Harbor Suite 143,5812 Jesse Square Apt. 316,Riveramouth,MT,937,Bahamas,659,marissaprice@example.net,001-509-967-0546x688,253,Event magazine home.,Right subject try wonder.,Susan Vargas,Base investment.,552,599,t
9,Anthony Gray,Gabriel Juarez,6417 Kaitlyn Center Suite 310,30923 Thomas Crescent,South Holly,WI,142,Heard Island and McDonald Islands,522,catherinestuart@example.net,824-519-0496,882,Option store.,Big significant sure.,Barbara Riggs,Girl into.,643,697,h
10,Matthew Smith,John Hamilton,726 Jessica Run Suite 987,,Grahamshire,KY,542,Gibraltar,258,mariahmiller@example.com,479.996.5075,12,Great election evidence.,Red everybody act way beat.,Katherine Chang,Position make society behavior.,118,550,d
11,David Beck,Juan Cooper,7444 David Fields Suite 182,74989 Hooper Village,West Jeremy,HI,162,Gabon,465,,9823400842,737,Off light.,Future whole education technology.,Austin Vasquez,Picture approach chance none fight.,513,520,e
12,Phillip Obrien,Courtney Mills,4964 Chelsea Streets Apt. 334,32812 Ricky Spurs,Carterbury,LA,624,Romania,204,jacqueline71@example.net,649.436.1832,553,Arrive society.,See notice eye buy read.,Terri Mason,Just our threat same.,945,1,P
13,Brandon Hayden,Laura Sampson,027 Moon Falls Suite 717,5512 Jenkins Park Suite 680,Millerview,MD,852,Brazil,827,ahancock@example.net,,900,Left approach million performance material.,Service data near until.,Michael Martinez,Participant dream citizen nearly need.,81,,b
14,Ryan Wilson,Maria Moore,467 Sanchez Plaza Apt. 639,,Port Chad,WI,132,Somalia,676,ymorgan@example.net,704-849-9727x875,272,Usually thank wonder draw.,Do simply analysis seat.,Roberta Hughes,Manager already maybe.,622,217,p
15,Brian Kirk,Thomas Smith,2174 Hanson Locks,8657 Christina Freeway,Wendyland,NE,409,Bolivia,688,wallaceheather@example.org,8504455623,530,Company participant him.,Marriage on discussion.,Julia Estrada,Top quality citizen kid.,254,347,
16,Kevin Fowler,David Bruce,7136 Andrews Squares,64090 Wall Heights Apt. 953,New John,WV,,Saint Helena,725,courtneyberger@example.net,7478095214,928,Customer skill theory.,Most tree store either.,Karen Drake,Sound life away senior.,,527,d
17,Misty Whitney,Regina Diaz,48175 Richards View Suite 137,859 Deborah Roads,Blankenshipport,SD,958,Ireland,904,taylorsophia@example.com,811.338.2675x8692,804,Past voice evidence real.,Kitchen wear talk.,Michael Stephens,Art every why we.,417,100,t
18,Matthew May,Alison Buchanan,93183 Lisa Fort,90422 Lindsey Creek Apt. 205,New Mario,HI,56,Estonia,690,martinezrobert@example.org,001-617-975-8917x8390,63,Article look.,International blue Republican kitchen.,Erica Hernandez,Every plan nature.,348,112,g
19,Kyle Phillips,Jessica Mcguire,836 Beasley Loop,6615 Edwards Glens Suite 271,Port Christopherchester,CT,286,Samoa,474,lisa80@example.net,+1-685-716-5604,454,Official defense.,Difference board suddenly happen.,Laura Aguirre,Window stand party poor ago.,877,52,w
20,Melissa Johnson,Phillip Dorsey,22961 Joyce Burgs Apt. 836,5254 Frank Port Apt. 022,Lake Christophermouth,,,Panama,772,ctucker@example.com,238-515-6149x784,498,Worker area daughter war.,Share face build.,Jeffrey Anderson MD,Matter street south.,886,61,a
21,Patrick Graham,Blake Edwards,664 Richard Islands Apt. 975,,South Meganbury,NE,804,Namibia,466,zwarren@example.com,001-453-552-1818x8355,749,Chair culture.,Check service away week physical.,Justin Riley,Poor worry follow wife firm.,570,499,l
22,Jeremy Turner,Anthony Romero,7005 Jones Way Apt. 998,9807 Marc Mountains Apt. 071,Toniland,NY,556,Oman,63,benjaminzimmerman@example.com,,599,Mission city health executive impact.,Quickly appear piece free.,Justin Hughes,Rich prevent trade.,942,162,
23,Felicia Aguilar,Gregory Ponce,91486 Li Skyway Apt. 685,4235 Lee Dam,North Kenneth,WY,,Bolivia,70,stanleynancy@example.net,(296)822-2927,123,Put down know expect.,Doctor dream whole six.,Cheyenne Gregory,Worker left example high month.,584,609,
24,Ruth Solis,David Davidson,181 Miller Estates Suite 782,,Davisbury,GU,324,Korea,958,sarah60@example.com,653.961.5305x15220,322,Serve light past.,Affect democratic.,Todd Lynch,Book explain feeling answer.,406,661,k
25,Lisa Brown,Kathryn Herrera,246 Christina Garden,18518 Peter Mountains Apt. 654,West Kristinastad,IA,,Saint Martin,470,ingramjill@example.com,(405)385-2772,103,Already cut social though.,Value middle writer myself.,Paul Lee,Television answer pretty event.,,272,s
26,Steve Paul,Jasmine Beltran,758 Owen Stream Suite 169,451 Mark Hill,Seanchester,,292,Chad,162,cbell@example.net,(996)240-1658x202,310,Attack sing hand.,We allow check last.,Jeremy Jones,Morning huge power.,827,9,e
27,Allison Lopez,Susan Wilson,739 Benson Overpass Apt. 121,71551 Vance Vista Apt. 258,North Tracie,WY,900,Burundi,138,kristyjohnson@example.net,001-857-982-9114,761,Improve important offer by first.,Last quite.,Shawn Deleon,Consider whom item treat area.,279,216,c
28,Elizabeth Martin,Courtney Meza,43842 Mendez Course Apt. 992,995 Marcia Burgs,North Stacyshire,KS,501,Pakistan,258,katiebutler@example.net,9783447364,95,Citizen indeed.,Daughter parent fine responsibility.,Shannon Hester,Set middle blood.,850,4,e
29,Derek Wright,Dylan Cruz,25953 Tyrone Passage Suite 747,68733 Williams Haven,Harperfort,LA,453,Mauritania,565,booneryan@example.com,001-356-850-6098x3584,115,Late near stay perhaps.,Budget window hour some fund.,Nicole Gonzalez,Husband American although require sound.,,926,n
30,Larry Robertson,Louis Martin,588 Erickson Hills Suite 055,,South Brandytown,PA,441,Lebanon,131,,599-230-9728x962,956,Way body affect finish charge.,Improve simple turn.,Nancy Brown,Million night your.,882,,m
31,Emily Thompson,Gloria Gomez,733 Grant Fork Suite 437,5844 Ashley Plains Suite 652,Bobbyland,MI,574,Uzbekistan,906,vdouglas@example.com,538.548.4219,768,Prove most.,Appear including response.,Randy Smith,Within citizen present thing little.,953,167,r
32,Victor Morris,Susan Davis,026 Sarah Camp,2400 Bradley Coves Suite 478,Smallberg,PR,,Madagascar,755,znelson@example.org,727-342-0549x32966,422,Protect continue cell food.,According himself land.,Gary Aguilar,Activity president realize artist brother.,885,255,f
33,Michael Leblanc,Patricia Vaughn,9332 Hernandez Summit Suite 687,91878 Miller Port,North Mariahaven,ID,880,Montserrat,482,franklinbond@example.com,439-871-8707,472,Nor next pull final.,How staff.,Laura Williams,Red must art thus.,841,234,w
34,Dustin White,Martin Daniel,6766 Felicia Shore Apt. 512,230 Tiffany Mountain Suite 863,South Michael,KY,72,Comoros,991,johnsondonna@example.net,001-903-531-1907x90306,522,Describe tell argue mean eye.,Five our pull fly few.,Matthew Walker,Every news option.,864,962,
35,Casey Shelton,Amber Cooper,566 Kevin Ferry Suite 334,0866 Paul Glens,West Deborah,NV,272,Tanzania,40,christopher30@example.com,(299)501-3983x7354,747,While bring yourself.,Trial receive region however.,Frank Campbell,Move grow end mention.,447,524,m
36,Robert Bowen,Erica Harris,0932 Jose Prairie Suite 423,69378 Scott View Suite 772,Garyside,NM,,Colombia,447,,+1-508-301-0062,552,Across media health.,Point value tree process administration.,Jennifer Smith,Movie expert maybe.,963,687,s
37,Renee Browning,Brent Hernandez,845 Norton Common,7933 Sutton Vista Apt. 016,Bennettfort,AR,639,Northern Mariana Islands,322,warnerchristopher@example.com,+1-659-218-0339x7401,922,Up fire which.,Certain star start up federal.,Lacey Atkinson,Forward sense cause write right.,317,335,m
38,Haley Davis,Billy Jacobs,0477 Michael Lane Suite 296,431 Joseph Light,Lake Peter,MN,963,Botswana,389,smithkyle@example.com,001-341-721-2678x88610,631,Behavior our foot history factor.,Single right nice yeah.,Joseph Jennings,Catch feeling manage.,416,1,a
39,Donald Evans,Heather Raymond,937 Derek Avenue Suite 596,5692 Flores Square Apt. 752,Novakport,WA,330,Puerto Rico,477,yfaulkner@example.org,564-965-1939x82807,524,Story attorney summer.,Pull cause field education.,Jay Bennett,Wrong look husband media.,923,754,w
40,Jennifer Johnson,Meredith Burnett,35290 Rasmussen Isle,,Rodriguezville,KS,344,Cyprus,96,seanmyers@example.net,001-382-350-7146,689,Give gas six.,Lot live just recent five.,Robert Wilson,Possible quality clearly worker.,826,26,
41,Christopher Moore,Tina Hall,226 Johnson Ridges Apt. 796,33419 Lauren Plain Apt. 553,Wilsonfort,NC,467,Northern Mariana Islands,425,candice96@example.net,355-479-2499,736,Brother figure consumer really.,Home others offer institution main.,Tamara Arias,Never majority cell.,507,152,f
42,Lisa Glenn,Kari Lee,876 Perry Ville Suite 721,,Port Kathleenport,AZ,110,Falkland Islands (Malvinas),798,amandajackson@example.com,001-778-281-9148,981,National wrong bill stop.,Fear yourself last.,Robert Gonzales,Simply down specific.,476,,p
43,Shannon Bishop,Luis Glover,95849 Mario Squares,9481 Sydney Turnpike Suite 042,East Dustin,MD,684,Switzerland,544,kathleenlowe@example.com,(694)766-7116,973,Wear force able similar.,Room learn.,Heather Brown,Huge why station manager follow.,454,737,f
44,Kenneth Knight,Mr. Michael Williams,701 Scott Alley,24241 Wright Landing Apt. 064,South Diana,VT,163,Bhutan,762,lewischristian@example.net,987.300.5162,770,Him room bill.,Happen federal him spend.,Margaret Byrd,Most across.,653,797,r
45,Gregory Lewis,Tamara Jensen,11219 Bell Meadow Suite 234,89994 Melanie Shoals,Jamiehaven,ID,,San Marino,293,dphillips@example.org,861.737.9180x5526,915,Raise several west side admit.,Add democratic.,Tiffany Sanders,Pick may indeed.,142,393,s
46,Martin Medina,Bradley Miller,85691 Hale Stream,31617 Kyle Streets,North Alexander,,556,Burundi,478,martinstephanie@example.net,342.952.4105x64814,431,Member area teacher cold.,Effort bill off.,Crystal Hicks,Teach activity.,789,713,
47,Jack Mora,Tyler Johnson,53654 Ashley Crest Apt. 238,1744 Miller Motorway,West Jamesshire,WY,966,Gabon,361,stevenvargas@example.com,001-838-632-0603x85050,914,Day work.,Man art young Republican.,Thomas Merritt,Including time learn security oil.,430,753,m
48,Robert Jones,Jessica Brandt,4565 Chavez Fort,29121 Shannon Island,Martinezstad,WI,447,Cote d'Ivoire,498,,447.341.1249x035,696,Why how any.,Employee wrong all.,Jesse Adkins,Behind big soldier.,742,479,c
49,Ronald Haas,Rodney Watson,941 Wendy Flat,15107 Gary Ports Suite 670,Vegaburgh,MI,607,Croatia,578,joshuagriffin@example.org,,439,Pass pay.,Material third look.,James Barnes,Eat yes myself affect him.,473,267,s
50,Joshua Washington,Kathryn Price,59304 Lindsey Mountains,321 Diane Grove Apt. 396,Savannahburgh,HI,389,Dominica,285,linda59@example.org,001-259-392-9378x427,259,Discussion despite.,Long forward pass southern future.,Robert Oneill,Against only.,482,,w
51,Brian Fox,Benjamin Bush,154 Taylor Estate Suite 752,92644 Gregory Alley Suite 902,Samanthabury,SC,800,Mongolia,981,zunigadonald@example.net,635-552-1570,973,Really go skin.,Answer just.,Christopher Gutierrez,Goal heart stock small.,860,,p
52,Melissa Martin,Ryan Phillips,1152 Martin Club Apt. 599,062 Moore Courts Suite 336,Donnaport,IA,224,Bhutan,477,longandrea@example.com,(505)306-1497,172,Deal point.,List break.,Kaitlin Jacobson,Before name continue.,987,118,v
53,Cody Williams,Dennis Hood,11586 Angela Ville,687 Thomas Common Suite 089,North Stacy,NV,952,China,320,teresastokes@example.org,3613632945,385,News need task mind.,Skill performance.,Jennifer Perry,Note old who.,733,607,b
54,Kristine Garcia,Joseph Cooper,6799 Johnson Harbor Suite 299,65307 Prince Brooks Suite 444,Garrisonville,VI,871,Denmark,701,kevinmanning@example.com,469-313-7367x850,580,Remember idea sister.,These ahead cover strategy student.,Jesus Hull,Ever statement measure.,356,678,p
55,Melanie Allen,Jeremy Horne MD,2414 Paul Estates Apt. 333,680 Thomas Curve Apt. 903,Charleneport,VT,843,Russian Federation,502,rodney65@example.com,637-648-9691x085,651,Loss from.,Political technology end.,Stephanie Evans,Military drive arm.,471,446,t
56,Lindsay Guerrero,Mikayla Rios,6660 Matthew Station Apt. 875,82417 Joyce Stream Apt. 513,Jeffreyport,MT,942,Solomon Islands,552,nathan94@example.com,370-899-9173,846,Fear approach take case customer.,Would throughout would century.,Catherine Miller,Piece computer play above.,275,252,e
57,Raymond Johnston,Richard Chan,666 Sanford Lights,,North Amandastad,AL,476,Uganda,584,katherine83@example.org,+1-203-635-4216x89421,30,Lay minute model.,Thousand yet garden top.,Colin Vaughan,Affect difference world deep.,333,218,a
58,Caroline Richardson,Amanda Mcdowell,909 Ebony Shoal Apt. 016,1847 Jamie Spur Apt. 461,Cindyberg,MT,902,Switzerland,283,huntchristine@example.com,717-839-3483,196,Civil nature travel.,Former able public trade.,Maureen Hernandez,Single avoid.,,501,s
59,David Hall,Elizabeth Marshall MD,45561 Melissa Cape,25579 Johns Course,Lisaburgh,DE,459,Iran,812,,(974)967-6212x0216,415,Particularly single particularly.,Low maintain thought.,Arthur Pena,Relate question.,314,378,s
60,Misty Walker,Shelley Stone,3756 Mary Point,28772 Karen Islands,West Tara,AR,339,Madagascar,361,andreagray@example.org,377-997-1775,258,Bill include.,Near stay social white point.,Kristina Pena,Wear guy approach development.,739,123,l
61,Randall Greene,Heidi Chavez,305 Gallegos Union,851 Penny Park Apt. 614,East David,PR,757,India,496,stephenharrington@example.net,216-809-1779x82708,779,Lot meet TV concern official.,Billion price paper.,Stanley Barnes,Trouble several event white wife.,290,853,l
62,Brenda Morrison,Kayla Cameron,833 Claudia Highway Suite 228,158 Aguilar Shores Suite 846,New Danielfurt,FL,,Austria,547,gonzalezkaren@example.org,,56,Raise chair artist.,Daughter must grow.,Luis Lowe,Ten score night down six.,715,654,s
63,Melissa Williams,Jason French,004 Christine Tunnel Suite 359,347 Tonya Club,East Jill,DE,481,Honduras,491,pattersonangela@example.org,(794)205-7202,53,Past product make of group.,Moment whatever minute skill.,Joshua Powell,Determine degree forward guess.,883,842,
64,Paul Moreno,Samantha Zavala MD,3993 Felicia Islands Suite 164,85887 Williams Run Apt. 581,East Teresaside,ND,156,Albania,153,clarkcrystal@example.org,+1-261-438-6120x75011,88,Newspaper offer direction.,Imagine later identify.,James Wilson,Political peace.,122,427,s
65,Amber Charles,Jonathan Roberts,147 Foster Shore Apt. 728,68424 Bernard Branch,North Bobby,OK,462,Nepal,931,fmedina@example.com,653.568.2223,440,Consider son.,Surface usually.,Julia Dunn MD,Economy culture.,636,,p
66,Mr. Carl Rios,Manuel Mccullough,7594 Ariana Lakes Suite 620,,Johnbury,VT,271,Saint Vincent and the Grenadines,677,,+1-364-452-5777x5478,566,Bank exactly step through cultural.,Baby away affect medical all.,Jennifer Lawrence,Necessary myself.,,,n
67,Reginald Diaz,Raymond Quinn,78816 Shaw Shore Apt. 928,2299 Jill Orchard,Billyfort,IN,724,Bahrain,290,mike03@example.net,(467)870-0518x449,704,Half president structure might.,Win development image stage.,Ricky Eaton,Maybe catch.,271,641,c
68,Jose Campbell,Christopher Guzman,365 Timothy Neck,92603 David Ramp Apt. 280,North Gabriel,HI,231,Maldives,664,kgreene@example.net,5418379772,146,Central old should perhaps member.,Right garden law.,Crystal Cruz,Admit mission.,,315,w
69,Jennifer Hernandez,John Mendez,811 Hopkins Rapids,686 Golden Square,Perezfort,WY,480,Seychelles,706,zbell@example.net,001-591-262-4731x49864,279,Official brother.,Heart day.,Jennifer Rodriguez,Prepare effect talk interest.,506,613,
70,Donald Becker,Jennifer Bowers,58874 Lane Trail Suite 213,213 Hartman Unions Apt. 260,Port Dustinchester,CO,94,Bahrain,235,jeffrey19@example.org,001-666-598-4902x7703,590,Six member.,Past purpose growth.,Vanessa Miller,Sister good house.,22,689,p
71,Adrian Padilla,Krista Barber,4393 Spears Ports Apt. 426,184 Arroyo Unions,Nancyshire,KS,532,Puerto Rico,668,kchurch@example.com,001-735-877-9071x41633,600,Might act strategy eat.,Human see.,Justin White,Government thus especially water.,834,94,r
72,Cheryl Mclaughlin,David Baker,39521 Samantha Springs,080 Watson Island Suite 947,Port Sabrina,KY,165,Indonesia,338,karenanderson@example.net,(278)508-5627x18750,679,Ok foot party employee.,Enjoy especially when gas contain.,Jason Goodwin,Take evidence conference capital.,834,38,p
73,Robin Le,Kristi Chase,27026 Taylor Vista,4489 Raymond Spurs Apt. 034,Combsville,NV,414,Samoa,886,jordan58@example.net,650-761-5939x982,674,Pull maintain say threat.,Party less what than.,Tanya Fisher,Occur support author class direction.,474,193,f
74,Michelle Jacobs,Stephen Norman,987 Jackson Walk Apt. 234,26111 Kelley Burg,Warrenland,CT,53,Estonia,209,christopherhuynh@example.com,933-947-2282x0055,295,Various nature career way much.,Our piece player nor model.,Emily Reed,Dinner become film include choose.,716,30,a
75,Robert Charles,John Smith,4064 Laura Plaza Suite 368,3266 Jose Manors Apt. 894,Deborahside,AS,565,Ethiopia,15,elopez@example.org,,862,Face PM pay.,Red man fly.,Wayne Johnson,Example by.,473,664,l
76,Crystal Hernandez,Glenn Collins DDS,0512 Joseph Lock Apt. 872,6013 Wise Mills,Lake Virginia,ID,280,Kuwait,426,boydtina@example.com,(245)520-8814x7435,250,Door its.,Cold everybody.,Richard Smith,Ok real.,149,944,r
77,Jacqueline Davis,Brandon Montgomery,52812 Hall Point,3065 John Canyon Suite 784,Lopezburgh,ND,,Guernsey,792,jessica49@example.net,(918)227-4485,957,Here control affect task.,Draw return probably much hold.,Kathleen Arnold,Executive important focus benefit probably.,274,290,a
78,Beverly Russo,John Garcia,789 Williams Forges Apt. 037,0586 Bauer Centers,Allisonland,MP,887,Gabon,153,blackburnsusan@example.org,438-863-3839,341,Short office.,Reflect interview bit society.,Kathy Sandoval,Your kitchen good firm yard.,557,956,g
79,Jennifer Schultz,Erica Allen,8457 Moyer Alley,9082 Smith Forges,Port Leslie,WI,240,Swaziland,877,samantha88@example.net,,763,Choice also green catch happen.,Economic eight feel now notice.,Billy Nguyen,Common stay ready office.,936,396,w
80,Martin Johnson,Jane Deleon,6613 Cynthia Roads Suite 048,8925 Eric Spring,Maddoxshire,NY,988,Bermuda,38,ryanhartman@example.org,(351)879-0864,340,Its recently seven lose.,Maintain present cultural.,Nancy Sanchez,Entire involve.,896,103,r
81,Ann Powers,Gregory Flores,2597 Scott Viaduct,52110 Stacy Drive,Alexanderville,ME,671,Korea,994,njohnson@example.net,+1-433-288-4879,993,On professional analysis color.,Customer recent even.,Tony Jones,Production tree growth.,639,666,
82,Eduardo Ware,William Romero,7981 James Mount,38457 Garner Brook,Gabriellestad,SC,978,Gabon,325,wendyirwin@example.com,8464084325,500,Role minute.,Their rather individual of interview.,Larry Cole,Deal catch must.,37,241,s
83,Charles Barker,Susan Jordan,925 Angela Stravenue,52056 Turner Summit,Edwinborough,CT,445,Bulgaria,101,anthonyodom@example.net,499-993-9330x517,103,Contain hold listen clearly.,Allow share address.,Jason Newton,Serious at until.,711,30,
84,Dr. Katherine Nguyen,David Sullivan,656 Abigail Mission,38860 Black Roads Apt. 347,Wilkersonport,NH,150,Chad,251,dphillips@example.net,927.271.8129x82665,812,Law to time.,Bed food possible represent.,Nicholas Davis,Plant be religious risk.,180,,m
85,Caitlin Pierce,Christopher Rogers,22064 Cross Mission,212 Adam Track Suite 077,Stephenstown,PA,147,Turkmenistan,238,lyoung@example.net,576.271.9903x8498,262,Challenge president already.,Project study.,Thomas Williams,Year claim expect produce.,921,923,s
86,Rachel Thompson,Kent Huynh,5561 Bridges Circles,2145 Warren Square Apt. 901,South Jenniferport,,602,Japan,307,jordan99@example.com,(599)678-7729,257,Ability agency personal.,Scene debate past.,Angel Bailey,Action cut example.,310,394,s
87,Eric Pierce,Ashley Cook,990 James Village Suite 770,2785 Bowers Loop,Port Adrianashire,VA,303,Philippines,717,angela03@example.net,+1-455-312-4056x82996,675,Relate fire all.,Beautiful theory he stop.,Joseph Thompson,Size sing tree kitchen.,9,703,a
88,Susan Moore,John Russo,2182 Jenny Mount Suite 810,91570 Abigail Shoals Suite 094,West James,LA,853,Falkland Islands (Malvinas),926,kendra14@example.org,(741)709-8813,236,Center region exist.,Commercial find throughout.,Amber Johnson,Black approach.,361,195,l
89,Michael Vance,Melissa Griffin,5381 Bradley Course Suite 174,3329 Durham Lock Apt. 557,Johnsonfort,DE,859,Guernsey,141,kmurray@example.com,001-959-892-8161x58148,662,Including per nature wind himself.,Decade really issue woman.,Gloria Benson,Production back us.,,35,p
90,Ashley Carlson,Brent Wallace,1919 Murphy Rue Apt. 132,27846 Gonzalez Springs,Kevinport,,766,Uruguay,426,wrobbins@example.org,001-209-286-2405,553,Star grow technology tend dog.,Hour fish him high nation.,Karen Lopez,Successful growth individual eye.,375,936,t
91,Brandy Jones,Nathan Tucker,12679 Hanson Motorway Suite 876,26909 Bradford Freeway Suite 689,Arthurton,OK,991,Liberia,826,daniel71@example.org,001-684-278-1891x3718,824,Movement action law town.,Safe inside whether sometimes eye.,Thomas Curry,Employee picture official of prevent.,987,,f
92,Lori Mitchell,Jonathan York,2944 Smith Creek Apt. 927,43728 Matthew Corner Apt. 927,Townsendbury,TN,407,Kazakhstan,991,jasonnavarro@example.com,9415027674,93,Raise hope enjoy most.,Activity until large question.,Melanie Williams,Pm what it truth teach.,15,127,g
93,Robert Scott,Julia Leonard,938 Byrd Falls,001 Robert Pine Apt. 753,Johnathanton,AK,843,Niger,654,brownbrooke@example.org,+1-611-919-2692x124,240,Police two.,Show realize property.,Dawn Norman,Since him four.,635,575,a
94,Robert Thompson,William Gonzalez,71286 Christina Coves Suite 410,94707 Denise Alley,Lake Peterberg,UT,476,Greenland,932,gandrews@example.net,001-777-766-1830x67198,120,Hundred place where.,Half table.,Ryan Hodges,Possible computer always.,969,,i
95,Elizabeth Price,Michael Tucker,320 Anthony Ramp Apt. 761,8700 Brown Turnpike Apt. 613,Bentleyside,FL,398,Saint Vincent and the Grenadines,465,sandyjohnson@example.org,407.390.3202x0417,714,Box organization.,Determine source international specific word.,Erika Daugherty,National focus who degree animal.,430,745,c
96,Bryan Thomas,Michael Tran,90219 Strickland Brook Suite 100,94672 Douglas Groves,Jenkinsburgh,,418,New Zealand,962,carlsonjennifer@example.net,,380,Physical site.,Industry newspaper court worry.,Lisa Huffman,Medical less phone decade apply.,456,876,b
97,Melinda Schmitt,Christopher Santiago,54364 Jensen Trace,10822 Todd Crescent Apt. 379,Robertmouth,IN,661,Slovakia (Slovak Republic),368,,353-913-6363,992,Machine three certain until lawyer.,Health leader create grow.,George Johnson,Arrive carry surface learn commercial.,869,94,g
98,Edward Moore,Tiffany Whitehead,68739 Hood Harbors,633 Hamilton Forges,New Rachel,MT,,Aruba,806,esparzajessica@example.net,3682671773,806,Wear car fast positive.,Administration protect.,Joe Hudson,Agency lawyer sign them if.,71,568,s
99,Lori Padilla,Mark Cruz,046 Wolfe Ridge Apt. 195,501 Diaz River,West Michaelside,VT,152,Bangladesh,808,devonrogers@example.net,,880,Power say.,That reflect send set fly.,Kathy Henderson,As generation.,134,818,m
100,Sandra Harrison,Samantha Lam,513 Miller Lock Apt. 411,1272 Abigail Road,West Robertside,,,Venezuela,809,thomasfisher@example.net,+1-904-931-0385x6955,17,Fight car smile commercial.,Dinner head explain.,Brittany Mitchell,Peace claim movement.,54,432,c
101,Sara Schwartz,Brittany Young,9274 Lopez Points,552 West Estates,Davidtown,MO,526,Venezuela,608,dmack@example.com,(408)985-4749,969,Ready rule too cause.,Bring agent pay detail group.,Lee Lee,Develop very everyone against Mrs.,745,888,l
102,Tina Daugherty,John Morrison,562 Wood Landing,5547 Jason Mills,Laraport,GA,,Sri Lanka,491,achandler@example.org,001-391-823-4785,111,According police.,Increase new report.,Breanna Lopez,Face make state few.,932,921,
103,Kathleen Singh,Rick Moore,714 White Spurs Apt. 014,95979 Oneill Road Suite 158,Port Jordanshire,,649,Azerbaijan,600,luisjohns@example.org,(520)445-6504x481,612,Out cold.,Their step rate feeling.,Melissa Davis,Goal century carry example single.,465,441,
104,Thomas Martin,Jonathan Decker,7112 Timothy Inlet,79852 Johnson Via Apt. 322,West David,DC,788,Belgium,565,yvazquez@example.org,207-960-3108,463,Training analysis feeling.,Senior site.,Christine Santana,Provide ahead certainly.,424,465,s
105,Tiffany Bailey,Jonathan Chandler,911 Allison Stravenue,2801 Samantha Vista,Richardsonshire,HI,262,Kazakhstan,384,whitemichael@example.com,(638)236-1517x18275,486,Foreign break.,Lead save reach.,Courtney Russell,Country attorney subject little.,,96,r
106,Adam Craig,Jennifer Mills,26691 Calvin Flat,96136 Ramirez Station Suite 657,Archerhaven,KY,62,Cameroon,601,qrodriguez@example.com,432.601.0170x2695,687,Perhaps set produce mind man.,Dark product make energy.,Scott Payne,Wrong they.,363,964,b
107,Ernest Bennett,Andrew Hawkins,276 Larry Loaf Suite 197,8280 Baker Ramp Suite 954,Bryanshire,AZ,615,Brunei Darussalam,320,michael90@example.net,361-365-5650x33349,218,Boy college Mrs.,Leave tell.,Stephanie Adams,Onto worry help hope.,494,111,p
108,John Vazquez,Jonathan Cain,94563 Reid Turnpike Apt. 834,49639 Jennifer Prairie Apt. 954,New Lauriefort,NE,232,Cote d'Ivoire,827,laura48@example.com,(485)936-6498x78208,786,Produce station visit.,View mouth pass.,Jessica Knight,Art customer leg drive second.,629,571,
109,Sarah Jenkins,Susan Walters,4249 Richard Crescent Apt. 303,7866 James Groves Apt. 044,Lake Melissa,VA,185,Libyan Arab Jamahiriya,280,brownpeggy@example.com,+1-341-665-1623x198,348,This draw business southern.,Strategy say south season.,Claudia Rodriguez,Wide keep effect.,186,580,p
110,Joseph Lyons,Joshua Wells,2575 Smith Rest,,Port Joditon,UT,94,United States Virgin Islands,765,johnnycruz@example.net,001-551-683-7606x441,465,Teacher civil keep.,These short image almost.,Samantha Shepard,Say unit four institution.,379,333,w
111,Samantha Hale,Heather Guzman,0027 Aaron Flats Suite 591,38296 Hayes Well,West Glenn,,,Nauru,162,lauren31@example.com,,84,Consider then war this.,Again age next.,Crystal Davis,Cup red collection husband.,678,622,l
112,Brittany Rubio,Keith Smith,7133 Sophia Via Suite 476,3934 Robert Lodge,North Kelly,KS,441,Dominica,114,xsolomon@example.net,+1-371-207-2563x66941,499,Four dog.,You vote whose our.,Amber King,Herself within provide car throughout.,316,,a
113,Debbie Gordon,Sherry Anderson,862 Wilson Cape Apt. 745,4948 Graham Expressway Suite 728,Brownberg,,217,Austria,786,isaacharrison@example.org,001-376-417-0758x777,336,Glass data exist.,Seek state none.,Christy Bolton,Moment number.,510,180,k
114,Danielle Jimenez,Gary Mitchell,5915 Anthony Mount,4905 Diana Mission Suite 923,Port Dawnmouth,AS,685,Azerbaijan,826,paynecarrie@example.org,(342)636-1032x6642,760,Song save TV tough.,Capital program story mention majority.,Karen Hart,Bed institution happy control.,,,p
115,Andrew Peterson,Danny Parks,8814 Kim Unions,2243 Phillips Causeway Apt. 081,Gutierrezmouth,TN,727,Saint Helena,656,michael91@example.net,6177226016,22,Right serious last space game.,Decision back word.,Michael Hamilton,Accept bring.,176,633,C
116,Julia Sullivan,Natasha Swanson,956 Miller Dale Apt. 310,37236 Christopher Trail,Hernandezchester,AK,109,Brazil,250,rachelrodgers@example.com,370.879.3349x6050,81,Support say other never.,Already hundred message.,Taylor Stein,Discussion art affect office.,318,227,o
117,Steven Butler,Johnny Mcmillan,6024 Taylor Mill Apt. 839,724 Moyer Village Suite 729,West Hannah,CO,523,Papua New Guinea,199,manderson@example.org,+1-671-767-4338x005,745,Company teacher me.,Front box.,Justin Tucker,Size show show news.,661,242,w
118,Michael Robertson,Michelle House,1199 Madison Canyon Apt. 213,47871 Deborah Isle Apt. 137,Hammondtown,IA,778,Syrian Arab Republic,672,,854.582.1456x5328,644,Soon including important.,Weight might radio want.,Randy Robbins,Want be fire word clearly.,773,594,a
119,Andrew Nielsen,Kenneth Levine,6845 Smith Harbors Apt. 673,563 Miller Plain Suite 628,Jasonhaven,OH,640,Georgia,331,katherine20@example.org,+1-794-634-6810,155,Medical buy series walk large.,Say law work south writer.,Stephanie Burton,Suddenly doctor federal project spring.,481,311,p
120,Michelle Stone,Garrett Aguilar,1266 Christopher Manors Apt. 737,8698 Wiggins Prairie,Fieldsmouth,UT,,Venezuela,473,adennis@example.org,,852,Media machine leader.,Tell brother defense list second.,Jaclyn Crane,System book hard face mission.,661,876,
121,Eric Brooks,Alfred Thomas,44327 David Keys Apt. 067,756 Davenport Village Apt. 287,Contrerasberg,VI,978,Saint Lucia,811,christopher99@example.com,,931,Do house must when.,Save position tend religious.,Rebecca Zimmerman,Population popular be western my.,668,620,s
122,Kelly Lopez,Steven Martinez,43397 Lindsay Rest,9070 Kim Mall Apt. 856,Christopherville,,921,Mauritius,858,justinwhite@example.org,(246)620-9520,517,Better central throw election.,Appear dream others.,Jordan Gordon,Especially five.,41,449,o
123,John Russell,Stephen Adams,82496 Miller Roads,58238 Ali Point,Williamsmouth,MP,940,Niger,290,denise20@example.org,349.646.5398x4028,696,House but.,Rise your there.,Jonathan Pham,Play woman remain event.,809,343,
124,Erica Clark,Erin Sloan,097 Rachel Spring,,South Angela,UT,742,Romania,873,ifarmer@example.org,+1-318-907-1569x5620,895,View know develop after.,Quite remember course.,Lori Stokes,Doctor management guy.,84,145,f
125,Michael Obrien Jr.,Miss Ashley Ramirez,83999 Cameron Crossroad Apt. 249,430 Becker Motorway,South Danielleton,PR,133,Wallis and Futuna,610,ryan64@example.org,,573,Level guess service this different.,Truth mother first.,George Beard,Wrong difficult.,811,131,r
126,Benjamin Wright,Eric Garrett,76095 Wright Mountains,0583 Kimberly River,Duranmouth,OR,540,British Virgin Islands,96,villegassabrina@example.com,612-807-0496x11080,371,Benefit sell do outside.,Action himself somebody they people.,Timothy Logan,Military onto blue activity.,,974,s
127,Richard Lee,Mandy Scott,9723 Laura Circle Apt. 496,9822 Parker Junctions Suite 508,North John,GU,141,Syrian Arab Republic,159,,+1-506-953-3315,104,Outside former official white.,Federal forget bit then treat.,Thomas Fowler DDS,Perhaps dream same weight.,553,905,g
128,Jamie Ross,Adriana Smith,81247 Crystal Track Suite 003,2342 Abbott Gardens,East Andrew,MP,612,Estonia,386,smitherica@example.com,+1-315-334-7355x2896,710,Third capital couple.,Her hear outside with each.,Luis Lopez,Family chance easy picture evidence.,829,739,c
129,Tracy Blackwell,Brad Ruiz,86857 White Station,777 Perkins Route Apt. 333,Royfurt,IL,455,Gambia,626,koneal@example.org,(248)912-1478x539,460,Perform international level important source.,Event agent kid enter.,Steven Phillips,Mention poor skill unit.,245,829,b
130,Isaac Payne,Michael Wright,92840 Campbell Key Suite 690,826 Jeremy Summit Apt. 738,Sharpmouth,MA,585,Somalia,452,edwardsjacob@example.net,(737)578-0529x24075,392,International sell several real.,For age size.,Brittany Cisneros,Nothing sometimes trial off.,429,837,i
131,Christina Myers,Chelsea Rodriguez,412 Emily Fall Apt. 970,16433 Keller Cliff,Brownhaven,AL,,Chile,493,michele66@example.org,528-667-1632,106,Stand professor city offer.,Onto maybe range.,Adam Thomas,Station painting.,529,292,
132,Gary Carroll,Joel Williams Jr.,4692 Wright River Suite 762,0324 Estrada Cliff,South Robert,WV,851,Micronesia,448,,651-518-5672,837,And ago police put.,High second talk however.,Brian Stark,Prove less leave bar.,358,425,
133,Michelle Kim,Douglas Martin,124 Amanda Lock,04275 Jay Bypass,South Heather,MP,384,North Macedonia,230,,516.347.0900x63353,860,Instead writer.,Star quite as when.,Russell Beck,Analysis mention spring.,344,141,
134,Mark Weber,Jennifer Patterson,15520 Valdez Bridge,73149 Williams Forge Suite 497,Lake Amandashire,GA,778,El Salvador,723,greenetina@example.net,(525)225-7150x9976,928,Again serve buy.,Scene serious people.,James Phillips,Heart politics draw.,,856,s
135,Theresa Stevenson,Donald Schneider,640 Melanie Isle,38033 Boyd Falls Suite 017,East Brettberg,IL,795,Brunei Darussalam,296,thompsonana@example.org,881.467.4233,245,Eat experience large player even.,Bag win huge cold.,Jonathan Moss,Standard soldier after.,813,65,I
136,Bradley Knox,Joshua Tran,6747 Brooks Rest,52732 Adam Wall Suite 766,Wallerstad,MS,,Liechtenstein,528,danielle91@example.com,9167923645,299,Prepare unit.,Drug alone spend.,Megan Terry,End lay race.,630,585,e
137,Kenneth Bates,Bruce Davis,9183 Martin Meadow Suite 488,461 Daisy Trail Suite 243,Haletown,,70,Chile,977,esmith@example.net,(386)946-2252x23728,520,Sport control arrive consumer service.,Work the key.,Ashley Fields,Fall help.,400,45,f
138,Allen Young,Dr. Adam Adams,901 Alexa Avenue,847 Sherman Rapids Suite 555,Lisastad,TN,,Iran,808,,(690)555-1076x2091,673,Later rather thank method.,About point walk.,Mark Marks,Question do machine school.,791,775,s
139,Jeffrey Huynh,Victoria Vincent,649 Jennifer Ways,,East Tylerland,ME,180,Syrian Arab Republic,851,cjackson@example.org,683.533.2116x0256,713,Program week provide.,Two plant man.,Faith Walker,Short over popular help response.,187,65,s
140,Martha Glover,Jessica Hall,41115 Julie Crescent Suite 256,0983 Whitney Island,Laurenberg,,811,Mali,205,danielsmith@example.com,324-637-7294x20954,318,Long stock manager region heavy.,Check respond summer various.,Noah Leblanc,Task road federal.,835,260,
141,Susan Moore,James Henderson,6618 Campbell Fields Suite 125,472 Scott Orchard,Phyllisborough,IL,49,Spain,887,jillsmith@example.net,001-912-466-2015,819,Bring middle.,Order wide phone identify.,David Burns,West present heart reality somebody.,911,451,r
142,John Meyers,Mark Wallace,11178 Andrew Ports,1926 Cooke Squares Suite 492,West Bryanside,HI,510,Iraq,377,longlisa@example.net,918.798.1312x9208,821,Always offer present.,None surface.,William Hunter,Whom commercial with probably.,,441,e
143,Tracy Stone,Mary Wallace,585 Hailey Shore Apt. 303,3298 Brittany Harbors,Lake Cindy,CA,82,Mexico,336,jorge26@example.com,746-428-3143,618,Start first skin her.,Easy establish mother range image.,Brandon Blankenship,Chair something event.,171,360,b
144,Wayne Gray,Timothy Thompson,718 Graves Way Suite 849,25625 Woods Crossroad,Alberthaven,VT,446,Cape Verde,282,douglasbradley@example.com,9536967275,59,Weight minute responsibility.,Figure teach water.,Erik Davis,Baby drive.,,373,b
145,Anthony Paul,Katherine Baxter,827 Robertson Springs Apt. 609,068 Sanchez Streets,New Shaneburgh,TX,,Venezuela,870,gregoryrichardson@example.org,650.967.6251x53814,36,Enter able piece.,Design fight value poor.,Amanda Ford,Summer arm accept leave fear.,242,376,b
146,Steve Lopez,Brian Vasquez,826 Robin Avenue,437 Brooks Lakes,Mcclainside,,461,Sudan,972,daniel77@example.org,(256)405-3134,79,Inside former all program.,Where work budget major.,Michael Anderson DDS,Maybe type successful home.,543,322,b
147,Rebecca Martinez,Adam Cohen,569 Ryan Highway,1639 Jessica Ferry Apt. 414,Lake Lori,ID,512,Lebanon,531,hayneswayne@example.org,592.431.2604,269,Adult current ten herself.,Fill plan discuss from look.,Maria Torres,Hair wall represent.,721,627,e
148,Anthony Williams,Patrick Lewis,9162 Vaughan Lakes Suite 411,825 Figueroa Lake,Johnview,IL,874,Myanmar,76,gmiller@example.org,+1-691-909-3371x1895,456,Move child campaign.,Nearly education theory table.,Vanessa Jacobson,Picture brother job lot.,830,866,n
149,Kathy Johnson,Melissa Anderson,036 Cohen Ways,78686 Lawson Ford,North Ernest,IL,298,Nauru,913,suarezkrystal@example.com,684.243.4481x23083,727,Walk everyone card.,Politics eat.,Kimberly Smith,Plan win foot watch.,654,371,u
150,Miranda Ortiz,Erika Brown,3424 Amanda Ways,649 Lisa Forges,Josephshire,SC,810,Sri Lanka,506,,001-462-573-6527x17272,378,Make role positive again clear.,Stage reach could.,Jeffery Gibson,Beyond money risk space.,565,906,
151,Jamie Smith,Pamela Newman,31429 Laura Branch,513 Timothy Port,Ochoaport,MA,539,Lesotho,421,johnstephens@example.com,+1-581-200-1841x8620,76,Interview challenge pretty.,Tv range rather.,Stephanie Vasquez,Different what.,325,461,f
152,Luis Wilson,Tamara Huang,68592 Hernandez Shores,451 Hendricks Shore Suite 410,Port Diana,MD,565,Cameroon,656,ygriffin@example.com,419-864-2152,133,Floor interest really including.,Catch want TV himself.,Kimberly Vasquez,Start his ok instead official.,933,852,r
153,Colleen Miller,Dalton Jefferson,721 Rhonda Lake Apt. 472,33021 Nicholas Burg Suite 501,South Maryburgh,AK,727,Cameroon,231,donald31@example.org,001-862-727-2847,917,Sit receive expert choose.,Page community.,James Henderson,Never stop try maybe.,81,651,s
154,Timothy Nelson,James Tapia,9036 Lynn Points,775 Wilcox Expressway,Port Nathanchester,ID,96,Faroe Islands,515,garciamichael@example.com,2346281139,595,Necessary point allow.,Be now and.,Mrs. Amber Davis,Across ground executive.,675,924,i
155,Emily Myers,Carl Leonard,8182 Brenda Light Suite 904,71133 Kayla Estates,Sethberg,MA,30,French Guiana,84,,(996)306-3399x129,591,Central that.,Test something time material lawyer.,Edward Jones,Guy become condition sign election.,216,427,m
156,Pamela Ramos,Teresa Bonilla,54669 Scott Passage Suite 516,,Bakerton,RI,658,Norway,980,figueroajohn@example.net,5218462961,827,Protect give life movement.,Board Congress board where.,Jeffrey Morales,Fish you.,305,706,
157,Dr. John Ramirez,Christopher Harrison,9096 Sharon Lake,3030 Nelson Roads Apt. 121,Richardport,VI,622,Rwanda,148,hsavage@example.org,+1-442-801-6542x35677,752,Tree now statement night.,Cup reveal official certain professional.,Morgan Bryan,Add to value material.,354,134,f
158,Wayne Russell,April Hayes,791 Jeffery Field,829 Robinson Fords Apt. 905,Allenport,NY,126,Svalbard & Jan Mayen Islands,274,lyonsdeborah@example.com,(465)858-6851x27652,52,Expect process quite plant.,Visit town between because student.,Alan Randolph,Market seem.,394,429,w
159,Madeline Gordon,Mary Christian,78613 Sampson Keys,6053 Adams Shoals Suite 463,South Antoniotown,FL,592,Somalia,739,mary89@example.com,829-463-8639x60962,511,Tough military join between.,Mean place six.,Lori Green,City follow behavior agent activity.,479,316,s
160,Alyssa Zimmerman,Angela Reyes,5233 Lee Ville,,Lake Kimberly,WY,247,Honduras,221,donna41@example.org,,289,Age world term book until.,Blood executive thus.,Johnny Ward,Hospital make against.,904,689,b
161,Mr. Daniel Barnes,Madeline Hayes,40299 David Junctions,9980 Aimee Glens Apt. 390,New Williamberg,IL,904,Tonga,271,danny30@example.com,(731)624-4731,375,Seat many mention hundred.,Economic cup suffer.,Tonya Garcia,Find some west maintain third.,,,l
162,Denise Flores,James Gonzalez,1720 Matthews Hill Suite 601,6253 Jason Landing,Dustinmouth,DE,462,Algeria,783,haley53@example.com,001-553-381-6493,639,Everyone part third teacher avoid.,Radio itself spend cup.,Johnny Williams,Instead buy commercial.,122,100,g
163,Cynthia Smith,Richard Johnston,4260 Matthew Brook,1644 Molina Locks,New Kimfort,RI,774,Australia,148,devans@example.com,+1-515-491-0300x2156,513,Course total.,Staff Mr above read.,Stephen Williams,Water avoid.,,,g
164,Rebecca Gray,Tammy Silva,52967 Aimee Garden,745 Perez Greens Suite 158,Lake Deborah,PR,915,Costa Rica,528,jonestroy@example.org,7376637153,327,Pretty summer black candidate.,History laugh per data.,Barry Henderson,Week officer bill.,632,307,m
165,Natasha Allen,Chelsea Johnson,4181 Reynolds Drive Suite 868,74510 Dennis Manors Apt. 436,New Joshua,PA,577,Lithuania,307,drodriguez@example.net,,340,Where detail apply.,Offer draw.,Desiree Andrade,Hot big safe they.,427,816,e
166,Christopher Harris DDS,Donna Smith,974 George Springs,25720 Patterson Brooks,West Nicole,GA,272,Philippines,991,wheelertara@example.net,5734710094,593,Simple beyond sound.,Laugh same wrong either.,Mr. Adam Gomez,Through simple tax total.,739,,p
167,Mr. Joseph Bowman,Jason Robinson,7039 Howard Summit,61487 Joseph Springs,Pamelafurt,OR,390,Israel,152,kyle09@example.net,001-459-916-7954x107,587,Model face newspaper.,Field explain son.,Andrew Campbell,But major above good street.,113,452,a
168,Gregory Campbell,Mary Mack,42369 Kelly Bypass,3666 Patricia Hollow Suite 296,Lindaberg,TX,794,Seychelles,627,johnbutler@example.org,941-749-7826x6128,754,Various Republican life into.,Which leave tree ago.,Ann Taylor,Skill oil health.,723,213,p
169,Krystal Carter,Jenna Powell,8701 Joseph Run,9149 Vaughn Way,North Joyhaven,WA,980,Saint Barthelemy,178,mileszachary@example.net,001-272-432-4407x9311,560,They mind easy billion agency.,Kitchen argue business identify.,Dr. Sarah Payne,Race teacher pay it player.,791,698,c
170,Patrick Allen,Melissa Gonzalez,4197 Contreras Lock Suite 176,04719 Smith Hollow Apt. 970,Sydneymouth,FM,253,Saint Kitts and Nevis,286,khill@example.com,483.658.6812x25957,997,Type attention stuff.,Heavy line probably office.,Patricia Fox,Recently open oil.,790,213,p
171,Jennifer Williams,Caitlin Davis,7533 Rachel Extensions,1094 Benjamin Summit Apt. 759,East Manuelmouth,MS,957,Burkina Faso,815,jameshenry@example.net,433-226-8319x0130,588,Similar nothing ten future.,Many strategy now list goal.,Kristin Taylor,Keep personal.,389,405,T
172,Blake Patton,Bruce Hall,34465 Monique Estate Suite 189,984 Montgomery Plains,New Thomasview,SD,295,Antarctica (the territory South of 60 deg S),979,morganjose@example.com,001-302-838-5037x19905,453,School upon thought long can.,Bit market.,Gregory Woods,Again area similar.,766,207,t
173,Lee Gray,Alicia Olson,2668 Darrell Crest Suite 535,33190 Robert Terrace Apt. 030,North Davidburgh,LA,112,Aruba,631,michael34@example.org,+1-967-611-1483x753,52,Sister fall president money.,Five must bit.,Jason Sampson,Evidence data case wish.,544,239,
174,Patrick Clark,Robert Thomas,771 Victor Bypass,9641 Joshua Ridge Suite 706,Wallacebury,IL,790,Hong Kong,141,,(768)604-0850,952,Describe agree rise perform tend.,Southern network.,Tara Mitchell,Less occur nothing million class.,669,900,I
175,Willie Allen,Diana Fleming,38459 Johnson Harbor Suite 449,49542 Ford Mill,South Benjaminstad,NJ,293,Northern Mariana Islands,662,,+1-736-309-1498,668,Conference she everybody than.,Dinner company that.,Crystal Pena,Range team oil.,548,871,a
176,Crystal Lynn,Vanessa Smith DVM,093 Rodriguez Parkways Suite 181,59561 Liu Divide,West Catherinestad,MA,181,Ireland,957,thomas49@example.org,(550)742-9019,407,Respond score situation require vote.,Store allow risk high.,Mrs. Angela Walls MD,Young piece safe much.,191,986,c
177,Kelsey Williams,Joseph Alexander,94353 Hall Island Apt. 376,58815 Jacobs Mission Suite 392,Port Regina,,618,Peru,110,catherineflynn@example.com,311-866-8297x32702,466,She represent like.,Call alone.,Michael Fritz,Method more hold.,557,911,k
178,James Hawkins,Barbara Merritt,991 Charles Knoll Suite 676,2298 Edwin Avenue Suite 765,Thompsonshire,KY,116,Western Sahara,339,halltrevor@example.org,001-788-498-6456,264,Among war think.,Issue everything they.,Gregory Martin,Event keep those.,15,810,f
179,Deanna Obrien,David Ramirez,88209 Susan Plains,70534 Dennis Pike,Port Shawn,PW,655,Bouvet Island (Bouvetoya),919,wallaceryan@example.com,424-715-1315,336,Law save public.,Religious fire.,Jessica Randolph,Fish success produce there along.,,190,p
180,Danielle Willis,Connie Gonzalez,72742 Cynthia Corners Apt. 061,932 Robert Greens Suite 935,Morenoburgh,FM,,French Southern Territories,393,nancycontreras@example.com,+1-769-558-7413x1467,977,Break let five box.,Relate similar low source.,Jason Young IV,Democrat surface important no.,597,12,f
181,Evan Myers,James Gaines,3504 Ortiz Ports Apt. 831,98006 Kimberly Isle Suite 810,West Amanda,GA,477,Taiwan,315,oheath@example.com,(255)363-8300,946,Huge machine church feeling.,Place read almost.,Robin Gray,Capital scientist establish be.,721,707,b
182,Michele Oconnor,Patrick Weaver,96394 Coleman Summit,4731 Costa Ports,Bennettchester,CO,225,Cyprus,981,ehoffman@example.com,001-588-236-0765x817,766,Side language live board.,Forward special wish.,Christopher Hancock,Order base idea study.,383,563,n
183,Lacey Hall,Darlene Collins,05996 Joseph Fords Suite 875,7788 Samantha Manors,South Davidtown,GA,781,Mali,254,martinsamuel@example.org,8672287286,807,Brother yet result.,Mission past he.,Brenda Mills,Sort weight he.,,721,p
184,Joel Mayer,Michelle Phelps,87056 Edward Cliff,3318 Rivera Circle,Wheelerland,MI,925,North Macedonia,518,michaelsmith@example.org,346-494-5964x883,169,Room evidence.,Nor camera mission.,Janet Johnston,Painting whom say pattern training.,533,697,d
185,Richard Hays,Robert Thomas,0510 William Mill,754 John Lock Suite 675,Marymouth,,829,Marshall Islands,57,waremegan@example.org,+1-242-768-7741x8652,468,Side generation interest pay.,Him condition section.,Jeremy Fox,Only foreign.,573,827,w
186,David Dorsey,Amanda Hill,0440 Michelle Mountains Suite 727,,North Mikeberg,VT,,Saint Pierre and Miquelon,224,monicaanderson@example.com,,353,Argue PM artist.,Teach everyone.,Mary Mclaughlin,Student summer first remember.,555,958,w
187,Dr. Holly Smith,Jennifer Contreras,38241 Scott Harbor,862 Larry Points,Davidmouth,OK,185,Taiwan,788,knightsteven@example.org,521-725-9020,747,Ball right east study.,Section scene financial.,Dustin Ramirez,Firm difficult could third computer.,431,913,f
188,Jeffrey Davis,Jack Barton,209 Moore Port Apt. 654,8841 Jonathan Mountain,Anthonyville,NC,700,Palestinian Territory,988,thomasmcdonald@example.com,(796)790-5150x267,670,Cost group.,Level control against.,Joyce Johnston,Room list during rich.,122,551,p
189,Michael Evans,Sherry Hines,6496 Frank Expressway,839 David Isle Apt. 142,Stephenburgh,NH,775,Afghanistan,24,jamesjackson@example.com,723-236-1328,737,City beyond near hour.,Tree protect story.,Pamela Davis,Five very hundred.,545,236,g
190,Sally Cross,James Jones,903 Katrina Land Suite 580,32730 Kevin Course Suite 626,West Larry,TX,743,Swaziland,784,ajohnson@example.org,(268)417-1516,430,Can medical rather activity.,Institution approach interesting score.,Robert Odonnell,Health list friend movement.,959,17,h
191,Christopher Coleman,Sheila Miller,9438 Graham Mountain,,Billfort,NH,689,Haiti,721,smallgina@example.com,(254)308-4245x60754,46,Rule most how compare.,Behind risk plan issue ever.,Melissa Sanchez,Notice American force although participant.,240,773,s
192,Sonia Reyes,Mrs. Tammy Curry,0241 Sanford Underpass Apt. 944,,Lake Lauren,MN,836,Montserrat,939,blewis@example.com,001-224-880-9624x4063,613,Ever leg so.,Best different remember determine.,Monica Lynch,Onto play forget home.,839,310,w
193,Grace Flores,Brittany Dickerson,82646 Donna Ports Apt. 785,85445 Craig Burgs,New Brenda,RI,282,Guinea,63,wperry@example.org,001-548-373-6826x91163,753,Eye ten short worker without.,Impact seem industry out floor.,Brian Dyer,Maybe mouth different identify.,642,570,s
194,Ronald Cole,Cassandra Roberts,2169 Mccann Loop Apt. 093,981 Dougherty Islands,East Ashley,NJ,805,Poland,538,craneandrew@example.net,+1-468-683-2753x2735,153,Thus debate.,Learn raise kitchen drop.,Joel Davidson,Study the training each reveal.,189,485,a
195,Andrew Rhodes,Whitney Atkins,4819 Samuel Views,6056 Patterson Crossing,East Melanieshire,WV,475,Somalia,937,,625-365-2373,427,Politics available tonight man.,Serious garden ready.,Jerry Scott,Organization seven challenge.,138,262,f
196,Spencer Elliott,Elizabeth Baldwin,7422 Catherine Walks Suite 430,429 Jordan Stravenue,Woodsburgh,MI,95,Norway,549,brendamason@example.net,(567)628-7276x015,275,Difference everything sing.,Practice ground least.,Susan Larsen,Together scientist hair allow phone.,620,895,
197,Katie Nelson,Sarah Medina,79833 Robles Falls,72094 Davis Field,East Alexandraton,IL,223,Denmark,491,brendaperkins@example.com,380-951-3717,311,Between operation our.,Notice ok technology.,Stephen Waters,Open play sense.,16,195,a
198,Jason Nelson,Erin Webb,448 Matthew Springs Suite 712,58772 Cameron Meadows Suite 175,East Kimberly,WV,249,Djibouti,713,kyletorres@example.net,414.793.9252x3622,938,Wonder president small sister especially.,Line task field.,Gene Gomez,Last interesting hour individual.,330,390,s
199,Amy Ortiz,Brenda Bryant,33445 Marc Turnpike Suite 588,98741 John Islands,Davidshire,NJ,904,Zambia,510,harringtonpeter@example.net,934.699.6010x5485,740,Line thing.,Foot simple.,Christian Hernandez,Off no just.,860,209,g
200,Pamela Green,Doris Johnson,557 Jack Mountain,5534 Munoz Brooks,North Dawn,NE,150,Indonesia,17,hyates@example.org,350.396.0858x74951,594,Sister mother sometimes suffer because.,Particular year sell short.,Donald Hayes,Practice authority possible.,303,338,g
201,Richard Stevenson,Stacy Morales,96003 Simmons Green Apt. 958,395 Jacob Drive Apt. 421,New Carolynton,WI,967,Brunei Darussalam,702,stephanie55@example.org,+1-833-242-6433x50271,501,Test take decade any.,Human day herself sport.,Christopher Gentry,Business series build major painting.,658,472,s
202,Jennifer Clark MD,Karen Hicks,06661 Ward Inlet Apt. 643,670 Blair Islands,East Melanieburgh,OK,501,Algeria,189,apriltaylor@example.com,001-400-493-4596x26228,658,These body class marriage.,Idea health success.,Alyssa Johnson,Threat alone.,537,,t
203,Jason Ryan,Miranda Jackson,53161 Tanya Mountain,729 Larry Mountains Suite 258,Summerville,NJ,423,Lithuania,141,davidrobertson@example.org,611.464.9133,725,Forget wind property.,Might write entire tonight foreign.,Charles Doyle,Security son.,224,383,
204,Rebecca Petty,Mark Conley,65097 Mathews Field,3794 Wilson Harbors Suite 524,Lindsayfort,WI,676,Mexico,500,,515.984.1560x821,422,Build require.,Their film job.,Mrs. Sharon Wagner,Star those memory center.,,282,r
205,Alan Quinn,Kyle Hernandez,583 Nicholas Courts,932 Garrison Harbors,South Kennethhaven,MT,441,Uganda,826,imcdonald@example.net,401-948-4399x1062,941,Share southern week.,Hospital city industry.,Danielle Bell,White everybody throughout.,,197,c
206,Laurie Chambers,Charles Hill,18481 Hall Mill Suite 189,15406 Rodriguez Mountain Suite 927,Jeffreyville,CO,81,Saint Martin,383,john76@example.com,7143448564,250,Big south.,One determine its.,Zachary Mckenzie,Night study heart million.,232,848,w
207,Amanda Rodriguez,Maria Garcia,35996 Higgins Canyon,779 Shelby Via Suite 039,North Crystal,MA,96,Bolivia,416,samantha07@example.com,(755)834-7057x423,58,Sit common matter become.,Pattern science structure dinner.,Ashley Bowen,Fine market control him.,720,512,e
208,Karla Rogers,Isaiah Moore,0139 Stout Squares,826 James Course Suite 425,Randyfurt,CT,998,Tanzania,98,christina15@example.org,903.582.4073x333,236,Actually during again.,Low keep news your court.,Joseph Ross,Thousand without section religious word.,889,581,s
209,Jessica Diaz,Cynthia Fernandez,253 Colin Tunnel,,Nicholsville,,921,Sri Lanka,557,jenniferrobbins@example.net,,952,Start difference especially student least.,Market job well commercial.,Kristin Brown,Live relationship as great.,17,602,s
210,David Mosley,Kyle Jordan,3748 Rivera Port,89509 Jennifer Knolls Apt. 191,Crossborough,IA,307,Netherlands Antilles,167,maryjohnson@example.com,001-415-311-6966x6725,870,Great religious these.,Before employee customer goal.,Angela Hayes,Model after.,919,394,p
211,Justin Fleming,Aaron Galloway,56409 Villarreal Extensions,972 Theresa Court,New Neil,HI,513,Uganda,764,xmccarthy@example.org,,448,Chance standard air although.,Thousand soldier build various various.,Michael Lawrence,Too marriage page.,78,788,p
212,Teresa Mcfarland,Jasmine West,815 Michael Garden,60507 Melanie Course Suite 899,Shermanborough,LA,650,Gibraltar,280,sethgonzalez@example.net,(666)961-7071x58796,234,Side recognize month.,Could become.,Nicole Duncan,Political school move.,964,191,a
213,Janice Bell,Samantha Sutton,882 Maldonado Cape Apt. 172,513 Clark Route,North Sandraborough,,818,United Arab Emirates,253,glassadam@example.org,,158,Worker would step head.,And center east protect.,Jenny Duncan,Finally wait president trial important.,803,758,a
214,Jason Ramirez,Ruth Freeman,607 Elizabeth Fork,112 Jones Plain,Garyview,,456,Zimbabwe,369,smitchell@example.com,001-541-416-3187,90,Yet light body director strategy.,Base really attack.,Jacob Rodgers,Others American value short.,460,525,c
215,Misty Williams,Christian Villarreal,57306 Hernandez Highway Apt. 323,,Dianemouth,AK,,Tunisia,613,pjones@example.net,448.722.8501x16880,13,Although top range accept.,None sport.,Barbara Walker,Along nation after station live.,398,743,o
216,Diane Jensen,Paul Vega,7727 Walker Heights Apt. 642,064 Brad Loop Apt. 625,South Robert,MT,174,Kuwait,702,ywallace@example.com,(755)962-8333x393,309,Television society hear fill hotel.,Board present feel strategy.,Loretta Williams,Front three process.,150,,w
217,Catherine Ramos,Jasmin Estrada,926 Edward Island Suite 327,980 Kristin Corner Apt. 005,West Sarahstad,ID,,Samoa,258,susanparker@example.org,(495)497-7524x418,508,Indeed mother peace.,No pick record.,Ryan Wright,Professional chair.,201,139,l
218,Andrew Beard,John Wang,9927 Tara Skyway Suite 515,29462 Victoria Turnpike,Lake Malik,VT,824,Somalia,883,gomeztonya@example.com,6992625438,836,Five cold power red.,Large item American.,Olivia Ellis,Four all.,667,140,t
219,Lori Navarro,James Conway,0465 Pratt Walk Suite 652,483 Campbell Corner Suite 158,North Lisaville,IA,182,Belarus,988,nathanielmoore@example.org,001-311-200-5912x97519,753,Current second ball.,Responsibility before.,Michael Clark,Hit personal.,503,801,d
220,Craig Travis,Charlotte Roberts,2801 Terri Greens,931 Jacob Vista,Katelynbury,GA,117,Indonesia,955,carolyn84@example.org,(245)838-0442x10175,559,Purpose together.,Activity season because open.,Heather Becker,Notice road.,787,976,f
221,Patrick Castillo,Dr. Erik Duarte Jr.,56775 Ford Mountain,26602 James Ways Apt. 650,Moodyburgh,FL,852,Nauru,710,,(531)206-7245,815,Hot field western near.,Couple parent material.,Samuel Freeman,Government black.,512,311,g
222,Lisa Thomas,Kathleen Robinson,42549 Carr Rapid Apt. 845,259 Brown Mission Suite 633,Haleymouth,SC,76,United States Virgin Islands,460,jbuchanan@example.com,001-553-525-9399,411,None three finish thing.,Seek perhaps ball make.,Stephanie Mullen,At hope cover.,946,709,s
223,Charles Abbott,David Schultz,9782 Frye Oval Suite 983,,New Cassie,LA,832,Saint Martin,550,mossjames@example.net,336-760-4432x4006,112,Simply year land high.,Order serve blue.,Donald Mccarthy,Expect only follow admit.,674,171,a
224,Kristen Wood,Nathan Pierce,562 Austin Trace Apt. 459,,New Brianberg,NM,410,Bahrain,991,taylorcurtis@example.org,001-231-855-5165x176,441,Reason nature become debate.,Boy treat end.,Matthew Grant,Poor recently.,101,523,m
225,Daniel Hall,Seth Mason,6084 Johnson Station Suite 810,033 Smith Squares,New Nicolehaven,MH,384,Switzerland,401,randyhernandez@example.org,+1-594-748-5862x3945,708,Hotel practice later.,Owner prepare memory if.,Andrew Ballard,Customer now section.,354,495,t
226,Cindy Watkins,John Holland,438 Kyle Forge,3765 Joyce Rapids,South Timothy,PA,964,France,748,chrisrodriguez@example.org,4903040476,467,Happy position.,Score health evidence president.,Andrew Wilson,Enjoy us thought.,534,488,
227,Christine Calhoun,Melanie Johnson,01137 Nelson Squares Suite 123,6007 Rivas Loop,North Barbara,AZ,,Palestinian Territory,46,chungnancy@example.net,973-540-4337x0096,870,Expert because.,Lead line clearly probably.,Juan Thomas,Imagine oil head work.,112,169,s
228,Robert Walton,Joshua Ward MD,55778 Pamela Junctions Apt. 958,236 Madeline Creek,New Daletown,KS,339,Vietnam,574,jodisutton@example.com,515.958.6863x9561,817,Strong time could.,Throw wide.,Kathleen Moon,Drop image stay.,189,674,n
229,Tiffany Lee,Edward Clark,47165 Smith Ranch,,Matthewstad,IL,607,Gabon,440,eharvey@example.net,+1-390-870-7550x476,211,Per go will make agree.,While service.,David Davis,Right resource two.,721,65,l
230,George Munoz,Frank Tran,96102 Selena Mills Apt. 827,968 Jon Crest Suite 274,North Kelly,MA,202,Japan,469,mcdanieltanya@example.org,677.430.6260,502,Future raise suffer.,Research space way.,Christopher Anderson,None just happen recognize after.,655,398,n
231,Isabella Stephens,Andrew Graham,11457 Hunter Gardens Apt. 102,237 Grant Neck,Port Dianashire,MT,633,Brazil,177,halldylan@example.org,001-660-450-8018x4980,305,Tv team song country.,Long degree common need.,Shannon Jones,Tax certainly set.,605,,m
232,Victoria Knight,Paul Franco,46060 Norman Burgs Apt. 567,279 Lucas Throughway,East Carol,LA,711,Luxembourg,145,reynoldsanthony@example.org,+1-712-605-4647,142,Painting try talk like maintain.,Receive type painting produce off.,Brandon Burns,Mouth pattern as pick.,434,651,w
233,Dylan Palmer,Taylor Solomon,4358 Ramirez Rapid,392 Lee Spur Suite 885,Port Steven,NC,171,China,502,hardynancy@example.net,939.652.7536,863,Learn game effort author buy.,Spend worker about country.,Tanya Gibson,On everyone note current anything.,55,975,
234,William Larson,James Wilson,50014 Amy Grove,63090 Daniel Road,Justinbury,IN,518,Cyprus,669,sarah53@example.org,2894532638,426,Number pass.,Special buy east.,David Lynch,Truth evidence about.,455,85,r
235,Kevin Greene,Daniel Garcia,7726 Johnson Track,76855 Victor Ridges Suite 793,Drewland,PA,,Taiwan,231,zjackson@example.org,955.264.3436,469,During recently laugh son home.,Growth after job knowledge.,Jeffrey Bailey,Hand young long.,792,563,c
236,Kevin Holmes,Christina Johnson,0312 Christina Plaza Apt. 418,2426 Pitts Ferry Apt. 642,East Monicaton,OK,376,Palau,556,keithharrison@example.com,,737,Door space crime.,Attack big.,Cassandra Martinez,Network hard condition move.,224,105,c
237,Adam Foley,Kayla Smith,2207 Meghan Garden,473 Thompson Creek Apt. 290,South Derekport,NH,34,Marshall Islands,461,zbyrd@example.net,+1-668-878-5996,90,Me matter source.,Available yes success.,Tanner Reyes,Health fire cup.,121,243,a
238,Reginald Christensen,Kevin Blake,463 Allen Forks,7677 Khan Mountain Apt. 603,Lake Sandra,LA,625,Holy See (Vatican City State),648,bellregina@example.net,(619)445-8870x71553,804,Yeah certainly.,Especially agency despite minute agency.,Robert Stevens,Force happy song one third.,212,584,s
239,Dr. Andrew Maxwell,Lacey Jones,5742 Kathleen Flat,646 Bobby Hollow,East Jamesshire,ID,721,Israel,300,ronaldcarroll@example.org,4129047137,879,Bag least.,Pattern woman sure western.,Justin Small,Place force choose radio.,922,98,s
240,Melanie Drake,Danielle Briggs,4584 Kaufman Lodge Apt. 944,83337 Sara Square,Robertfurt,MT,,Montenegro,284,kerry32@example.net,315.606.6626x7055,887,Main young until.,Open if support expert.,Carmen Moore,Order table beyond bank.,150,849,s
241,Joshua Vasquez,Wayne Morton,07202 Terrell Lakes,910 Patricia Isle Apt. 091,New Aaronborough,WY,648,Chile,276,fholloway@example.org,694-498-1942x179,78,Benefit paper ready allow system.,Reason special grow.,Elaine Thornton,Individual us some suggest.,902,413,r
242,David Hernandez,Bobby Matthews,17221 Townsend Spurs,376 Martinez Row Suite 370,Ericborough,MI,974,Bahrain,500,johnsonmelissa@example.com,,793,Cost marriage probably however.,Last staff seat religious.,Tina Walton,Account situation west.,96,470,j
243,Shawn Cook,Charles Hunt,3260 Crystal Station Suite 955,78332 Becker Walks,Alyssahaven,OR,408,New Zealand,224,ryandodson@example.org,398.948.7045x069,507,Upon trial participant discuss.,Strong development enter through.,Ruth Barnett,Effect enter most American weight.,849,561,l
244,Aaron Williams,Robert Nichols,84907 Amanda Plaza Suite 136,83061 Lucas Neck Apt. 124,Lake Kelly,KS,699,Israel,781,,,803,Town daughter clearly.,Share eye.,Miss Margaret Jones MD,Table about dream.,17,879,s
245,Olivia Nelson,Phillip Morgan,179 Floyd Knolls Apt. 526,409 Victoria Estates,West Ethan,GU,706,Portugal,932,timothymiddleton@example.net,(905)366-1863x239,163,Strong value sit.,Side hold politics current among.,Aaron Kelly,Possible indeed study wide.,898,671,t
246,Cesar Davis,Pamela Watkins,8851 Kristi Route Suite 348,,Carterville,AR,54,Wallis and Futuna,406,elizabeth24@example.com,(645)661-8517,774,Age wonder foreign Republican.,Use owner surface.,Brandon Baker,Five buy office old.,672,,
247,Anthony Collins,Nicole Durham,898 Escobar Shoals,60461 Adams Center Apt. 119,North Patriciaton,,532,Latvia,697,richard14@example.org,,352,Vote time easy free continue.,Red billion speech like rock.,Oscar Short,Draw impact race themselves office.,881,136,s
248,Chelsea Kelley,Daniel Estrada,452 Beltran Loop,3916 Wong Parks Apt. 169,Lake Johnny,,106,Brunei Darussalam,321,lisacarpenter@example.net,520.633.0162,392,Off prepare.,Stop add.,Daniel Thomas,Than foot in.,772,657,r
249,Denise Alvarado,Brianna Price,377 Kim Glen,7200 Warren Ford,Rodriguezport,FL,,Finland,666,gregory07@example.net,997-854-3734,219,Civil determine toward.,Sit population.,William Arnold,Body return miss.,156,631,r
250,Scott Black,Jamie Brown,44389 Courtney Pines,05869 Smith Fields,North Jessica,,771,Saint Helena,127,zking@example.com,001-936-599-9516,987,Foot tax ground.,Mouth manage issue.,Melissa Garcia,Discuss term day.,811,284,i
251,Nancy Garcia,Kimberly Higgins MD,51040 Martinez Harbors,15391 Linda Turnpike Apt. 074,Lake Katherine,VA,292,Albania,798,nmontoya@example.com,,868,Beyond mean director offer.,Interview give.,Jesse Dominguez,School wonder.,309,622,o
252,Donald Jackson,Omar Oconnor,32470 Perez Dale,35462 Martha Estate,Grayburgh,MN,,Antigua and Barbuda,920,gabrielleorozco@example.org,423-612-6163,396,Research this most too option.,Worker though church young mouth.,Tiffany Coleman,Student knowledge firm paper unit.,512,73,s
253,Alicia Sullivan,Joseph Ho,203 Ann Locks,82832 Rebecca Pass,East Amberland,MA,136,Malta,397,greenmartin@example.org,(406)973-2318,375,Instead plant.,Scene focus.,Donald Boone,Almost activity.,177,978,a
254,Melissa Roy,Angela Martin,37178 Brown Roads,,Lake Edwardstad,MD,,Hong Kong,221,,,809,Some mean.,Sell end be.,Lindsay Ray,Expert mission should character.,294,514,t
255,Kathryn Kramer,John Hunter,09004 Nicholas Roads Suite 158,266 Joe Drive Suite 835,Donnastad,ME,551,Swaziland,631,kristenbennett@example.org,,81,Research person apply debate improve.,Next peace skill admit person.,Teresa Middleton,Call art soon.,209,160,w
256,James Davenport,Justin Moreno,4287 Gilmore Gateway,3816 Allen Spring,East Heatherport,VA,698,Chile,659,,394.664.2036x25863,748,Bank them state.,Watch place church.,Jacqueline Roberts,Cost small.,245,,
257,Jackie Stephens,Corey Grimes,176 Jenkins Harbors,988 Kelsey Street Apt. 538,Port Toni,MA,317,Saint Kitts and Nevis,683,stevendecker@example.org,+1-750-340-4333x35384,123,Rock southern south bed.,Lawyer letter these buy answer.,Daisy Davis,Manage care popular.,,12,d
258,Jason Johnson,Bradley Brady,6178 Maxwell Stravenue Apt. 023,91561 Mary Pine,East Haleymouth,NJ,739,Northern Mariana Islands,266,sbaker@example.net,460-293-6595,800,Find audience.,That police offer.,Eduardo Hall,Local study only series imagine.,751,790,c
259,Brooke Lewis,Brittany Allen,5611 Peck Square Suite 288,050 Young Locks Suite 608,North Juliechester,WI,270,Tanzania,730,mcmillansherry@example.org,335.466.9106x27153,509,Effect future appear.,Meeting contain occur magazine.,Jessica Hoffman,Perform worker story.,369,,f
260,Amanda Allen,Abigail Rose,54378 Rick Forest Apt. 591,57090 Kaiser Prairie,Port Keithshire,HI,916,Vietnam,588,espinozashawn@example.com,001-826-699-9699,759,Politics service second put seven.,Bed mission certain situation.,Mallory Carroll,Form bill again.,46,13,m
261,Laura Sparks,Tiffany Zamora,34266 Ricky Squares,726 Stephen Mall,Lake Scottborough,ME,954,Monaco,984,abigailrobinson@example.net,+1-895-738-2804x05612,936,Near support.,Image several name.,Matthew Davis,Him her imagine authority stop.,672,330,a
262,Rhonda Garcia,Sonya Miranda,514 Kimberly Locks Apt. 394,002 Goodwin Alley Apt. 869,Solomonfurt,CA,586,Azerbaijan,382,basskathryn@example.net,811.239.5001,54,Possible bag picture available scene.,Laugh similar.,Kelly Wiggins,Politics phone anyone happy.,824,48,p
263,Alan Simpson,Douglas Martin,66292 Smith Union Apt. 776,,East Arianaland,WI,866,Slovakia (Slovak Republic),319,andrew88@example.com,733-437-3125,9,General which board.,Until less daughter you traditional.,Angela Martin,Both seek draw message.,299,312,r
264,John Payne,Jamie Lee,84449 Jessica Extension Suite 026,016 Mitchell Center Apt. 734,South Thomasville,FL,792,United Kingdom,795,ffigueroa@example.net,822.410.2179x82134,779,National same man rule paper.,Serious term discuss.,Dana Wilson,Concern race five ahead director.,155,,s
265,Parker Vasquez,Kimberly Fields,177 Richard Parks Apt. 682,0682 Donna Extension,East Crystal,MD,899,Peru,10,christopherlong@example.net,,674,Address friend writer view.,If change authority.,Teresa Jones,Catch nothing why sense western.,756,107,o
266,Patricia Adams,Lee Roberts,20509 Eileen Plains,948 Wong Hills Suite 988,Lake Christopherstad,NV,996,Niue,146,wrivers@example.org,,944,Begin type dog name.,Hospital cultural shoulder prevent.,Luis Hill,White as.,866,718,p
267,Julia Bishop,Joshua Vincent MD,722 Black Flat Suite 085,2350 Ware Shore,Karlafurt,MS,518,Saint Lucia,137,gina90@example.org,+1-812-548-2554x42867,607,Good spring family.,Plant card mouth.,Debra Myers,Term create whether.,446,134,w
268,Ashley Sullivan,Michael Moon,572 Price Ports,9335 Garcia Wall,New Jenniferstad,MN,718,Anguilla,852,ystone@example.net,309-357-4430x34918,279,Out close current strategy.,Old especially also stuff.,Eric Nguyen,Blue still dark describe.,967,799,c
269,Stephen Roth,Ryan Warren,7500 Cisneros Drive,1052 Reyes Pines,Lake Brittanyfort,OH,322,Bahamas,417,katherinesmith@example.com,(738)888-5622,789,Around foot significant media.,Much evidence television catch.,Katrina Bird,Must fund open.,316,873,h
270,Emily Marquez,Cassandra Anderson,65020 Brad Unions,3931 David Wells Apt. 551,North Mario,NJ,714,Antigua and Barbuda,618,,936.482.1444x88966,336,White real view institution.,Rest fall including section.,Ryan Mercer,Try explain wear.,729,365,a
271,Renee Thompson,Rose Mclaughlin,23920 Hanson Circle,,Rodgersland,NC,179,Ecuador,32,kbaker@example.org,001-487-450-8276x817,570,Lose fly section guy.,Enter career choice number allow.,Brandon Velasquez,Him price drop bill.,256,,a
272,Catherine Gonzales,John Brown,73992 Mark Extensions,993 Keith Courts,Lloydshire,CA,,Northern Mariana Islands,800,joel82@example.org,(655)639-8358,844,Business right leg season.,Despite space face walk.,Debbie King,Particularly rise Congress land.,703,661,
273,Shannon Gonzales,Christopher Jones,3978 Higgins Forest,529 David Burgs Apt. 256,New Jacobton,FM,,Aruba,67,kathleen79@example.net,588.889.7535x852,829,Sometimes two.,Dark everything.,Thomas Brewer,Talk off body at strong.,927,829,c
274,Shelby Duncan,Anna Maxwell,950 Kevin Neck,,Desireehaven,ID,588,Azerbaijan,444,rhondaray@example.com,239-471-9126,31,Break church term.,Improve sell cause boy.,Megan Wilson,Idea can Congress building.,437,220,s
275,Chad Cooper,Kendra Kim,93049 Ryan Junction,027 Frank Cove,Port Kristen,HI,629,Bolivia,635,mitchellkristine@example.net,(282)550-9522x9462,511,Yes glass herself social.,South Democrat.,Linda Anderson,Market admit best why budget.,564,90,f
276,Timothy Dunn,Jasmine Farmer,04120 Veronica Center,59273 Ramirez Expressway Apt. 716,Atkinstown,MT,539,Denmark,256,davidcampbell@example.net,555-242-0340,814,Admit guy toward.,North shoulder later institution.,Lisa Wood,Quality your head interesting common.,,731,e
277,Ryan Taylor,Julia Smith,018 Benjamin Burg,317 Hill Course Suite 268,New Alexanderville,AS,515,Saint Lucia,330,seth29@example.org,001-215-907-1380x6713,327,Forward why spend.,Guess most every.,Robert Thompson,Agent north consider.,31,798,n
278,Megan Griffin,Linda Crawford,80533 Moore Valleys,6662 Michael Circles Apt. 270,North Tinafurt,MT,599,Jamaica,239,collinsmark@example.net,6112079771,673,See enjoy.,Name walk attack.,Nicole Hodge,Recent off fire property remain.,547,940,f
279,Amanda Bishop,Rhonda Evans,9873 James Ramp Suite 166,66123 Mitchell Causeway Suite 794,East Mariah,WV,817,Gibraltar,398,vwhite@example.net,499.249.9197x01426,866,Level middle star.,Such black improve subject produce.,Lynn Guerrero,Believe us view.,243,826,y
280,Angela Wood,Lisa Palmer,11708 Reilly Pass Apt. 186,8221 Arroyo Knolls Apt. 978,Samueltown,ND,361,China,971,cainjordan@example.org,(375)471-2369x14961,972,Through purpose opportunity social outside.,Nice measure leg sell.,Yvonne Conrad,Professor anyone amount great.,830,505,s
281,Tanner Davis,Ashley Simmons,327 Craig Valley Apt. 565,9624 Nicole Manor,Maryfurt,,,Hungary,617,jenniferwalls@example.com,4477842170,1,History civil.,Oil during piece every.,April Ponce,Entire hundred recent.,629,134,d
282,Shirley Taylor,John Ewing,916 Cindy Circles Apt. 413,359 Yolanda Well,Lake Richard,IN,61,Croatia,23,acortez@example.com,(730)245-8816,146,Growth what seek.,Certain buy best fish.,Corey Roberts,Skin indicate.,867,374,t
283,Perry Washington,Nicole Barton,498 Amy Stream,7821 Miller Groves,Blackville,WY,104,Czech Republic,345,cindy66@example.com,+1-969-689-3969,162,High fine throughout bed.,Open without sound any.,Chad George,Around reach local.,448,984,h
284,Timothy Small,Brian Wells,039 Clark Island Apt. 621,5906 Smith Burg Suite 248,Haroldport,PW,911,Honduras,952,rfleming@example.net,+1-696-467-6056,682,Star use.,Interest hair series future.,Laura Patton,Should who court.,180,752,m
285,Alyssa Anderson,Jaclyn Lindsey,26540 Randy Isle Suite 300,21224 Sylvia Union Suite 677,Richardmouth,RI,972,Bangladesh,587,fjohnson@example.org,211-358-4886x008,989,Open word loss manager.,Campaign themselves common other walk.,Richard Smith,Land yes impact.,187,944,e
286,Margaret Coleman,Brian Martin,437 Perez Key,078 Beltran Roads Apt. 548,West David,TN,509,Moldova,145,wesleyjohns@example.com,,356,Another put investment.,Present expect level.,Sheila Bruce,Born war.,172,987,
287,Micheal West,Lisa Doyle,917 Santana Locks Apt. 342,03886 Lori Mountains Suite 080,New Kristenbury,GU,458,Armenia,12,mark30@example.com,+1-235-288-2493x534,70,Method resource.,Key measure method attack.,William Ramirez,True western energy.,806,2,
288,Roger Clark,Heidi Jones,8105 Dawn Crossing,788 Sawyer Street,Larashire,OR,424,Jamaica,505,nicoleduran@example.net,9454792714,385,Heavy already become.,Music white report company car.,Justin Perez,Clear dog nothing billion.,491,592,b
289,Miss Kathryn Myers,Terri Knight,809 Gary Crossing,02320 Bryan Pike,Murrayfurt,DE,,Aruba,867,,,268,Meet place.,Try quality resource business natural.,Chelsey Reyes,Eye true.,76,910,e
290,Donna Flores,Tony Lawrence,4682 Leslie Lodge,100 Jessica Brook Suite 620,Lisaview,MA,96,Zambia,347,ekim@example.com,2068666411,495,Federal beautiful bed subject.,Would ability language.,James Meyers,Especially peace among past happen.,442,169,o
291,Jessica Kelley,Charles Ferguson,69708 Amber Point Apt. 787,0596 Michael Vista,New Shawnfurt,,998,Angola,195,davidharding@example.org,(757)489-8260x41809,948,Six guess.,Fire whatever leave lead relationship.,Brenda Phillips,Continue avoid my something population.,272,305,c
292,Lee Vargas,Jessica Thompson,758 Shannon Valleys,,Jenniferstad,KY,158,United States Virgin Islands,56,danielspencer@example.net,957-205-6820x9225,302,Adult same as human understand.,Improve week least deep.,Ryan Harrison,Me try particularly.,641,205,
293,Stacey Ramirez,John Pearson,47312 Jones Plains,71058 Christopher Ports Suite 092,Blackwellville,GU,485,Palestinian Territory,865,edwardsronald@example.net,2539709230,483,Special order.,Above low.,Sandra Valdez,Off fine represent recognize.,677,658,d
294,Brenda Bradley,Kevin Berry,2944 Miranda Loop Apt. 982,48131 Jonathan Cape Apt. 589,Walkerburgh,CA,457,Lao People's Democratic Republic,46,jason57@example.com,535.526.8064x86067,232,Through us me.,Field computer son him wonder.,Tracy Evans,Music former apply.,578,,t
295,Donald Williams,Manuel Gomez,2392 Brooke Plains Suite 510,409 Pamela Courts Apt. 178,Davistown,,555,Cambodia,424,linda76@example.org,+1-422-406-9535x41201,567,Too size tonight ground.,Action teacher.,Melissa Williams,Book Democrat rest consumer.,,536,u
296,Robert Parks,Jessica Zamora,74071 Padilla Vista Apt. 798,9503 Brandon Lock,Susanborough,ME,903,Sierra Leone,242,harrisphyllis@example.org,,925,Everyone call.,There into.,Melissa Wolf,Author feel.,36,923,p
297,Tina Mooney,Luis Mcclain,3595 Brandon Loaf Apt. 006,900 Duncan Views Apt. 186,Woodston,WI,973,Qatar,776,wendymason@example.net,+1-923-839-4495x30067,172,Free account claim.,Stock authority defense here.,Steven White,Least effort.,828,44,p
298,Cody Valentine,Brittany Mccormick,1100 Dawn Manor Apt. 530,430 Olivia Crescent Apt. 667,Port Derek,AL,643,Finland,152,susan75@example.net,+1-887-659-2129,933,House discuss successful.,Provide think something those.,Jacob Meyer,Eight work.,827,,v
299,Kyle Smith,Brandon Cooper,80236 Corey Underpass,58189 Sharp Spur,Arianachester,CT,470,Sierra Leone,940,gordonjason@example.com,288-219-5977x21688,639,True long she record.,Attack without participant.,Terry Mendoza,Sound everybody which.,801,425,f
300,Mary Cowan,Nathan Woods,28394 Colleen Villages,20414 Freeman Harbors,Lake David,WA,103,Tokelau,948,jonesterri@example.com,001-293-602-0203,805,Despite capital response.,Grow us receive billion.,Cory Roach,Me individual though.,549,899,i
301,Craig Fleming,Haley Mcguire,7756 Cheryl Fork,02916 Terry Lane,Port Shirleyshire,WA,39,Zimbabwe,177,davidglover@example.com,384.519.6622,624,Information add argue.,Newspaper happy subject success.,Julia Mullins,Himself red.,412,,w
302,Kelly Brock,Antonio Perkins,0766 Gail Rapids Apt. 396,49627 David Extension Suite 261,West Tanyaview,IL,943,Solomon Islands,276,vwade@example.com,,838,Receive entire character quickly sure.,Move manage.,Dr. Lisa Singh,Challenge drive find star.,319,504,b
303,Laura James,Justin Ballard,472 Estrada Lakes,34303 Christian Village,Melindahaven,NM,308,Iraq,998,brooksjennifer@example.com,769.547.5769x453,329,Have line tax hotel.,Since him southern issue town.,Christopher Mitchell,Movement traditional.,427,92,p
304,Ryan Montgomery,Katie Briggs,9255 Sanders Vista,13074 John Trail Apt. 426,Port Justinview,SD,778,Mayotte,529,johnmerritt@example.com,545-943-0796,528,Bit traditional tough.,Move rather.,Todd Short,Center build happy.,68,519,o
305,Thomas Hawkins,Daniel Ochoa,268 Green Vista Suite 017,208 Hogan Wells,East Rebecca,NH,178,Korea,198,barbaraross@example.com,(233)770-1400x52781,60,Power probably animal agent.,Low radio role.,Cody Ford,Build ago feeling.,468,,p
306,Becky Sellers,Kendra Burton,2031 Nicholas Key,286 Rebecca Burg Apt. 973,Davidstad,RI,407,Guinea,651,reneehernandez@example.org,+1-573-793-8992x0457,248,Can institution beautiful.,Will light before any.,Amber Lopez,Marriage where share southern stop.,609,984,d
307,Brett Henry,Brett Newman,821 Wade Ville,484 Mendoza Islands Suite 422,East Tina,FL,916,Cambodia,265,samantharomero@example.net,494-442-5892,292,If help start peace.,Decision prevent too drug.,Rachel Mendoza,At positive mother.,,,e
308,Ricky Hill,Abigail Caldwell,418 Hernandez Shoals,62608 Beck Forks,Sandovalfurt,CA,231,Germany,694,krystal05@example.com,791-721-5164x119,526,Even now provide office.,Or deep fly natural.,Cody Woods,Specific adult.,,786,c
309,Christopher Smith,Marissa Davis,41393 Bullock River,8976 Ashley Pike Suite 312,Henryfort,IN,821,Belgium,9,davidpearson@example.net,001-607-559-8897x86533,966,Owner picture.,Forget could west public.,Mallory White,Certain citizen only.,991,282,h
310,Patricia Tucker,Willie Hart,7000 Robert Points Suite 644,6497 Mclean Corners Suite 365,Vazquezton,KS,478,Togo,310,antonio63@example.com,337-330-9649x69277,407,Practice case receive development day.,Order rest conference glass.,Christopher Gutierrez,Interview doctor bad.,8,679,f
311,Sydney Oliver,Laura Rogers,4663 Compton Terrace Suite 434,49169 Karen Gardens Suite 497,Jeremyview,FM,290,Ireland,306,andre82@example.org,509.658.6297,345,Eat billion.,Young set.,Antonio Thompson,Seven look feeling surface.,656,284,h
312,Mark Mueller,John Richards,30044 Charles Light,93900 Phyllis Well,Danielville,IL,154,Saint Martin,530,zcook@example.com,596.335.9570x86199,825,Relationship need country.,However determine authority various.,Amber Harris,Couple imagine usually.,830,677,s
313,Scott Lee,Clayton Russell,43796 Harrington Plains,85294 Mullins Causeway,Port Desiree,,303,Oman,266,skim@example.org,243.404.3502x385,755,Spring participant exactly.,Full large front the.,Caitlin Harris,Yes perhaps do carry care.,,586,i
314,Ashley Harris,Alex Gonzalez,7116 Diaz Via Apt. 762,955 Rachel Centers Apt. 453,North Shellyburgh,PW,654,Djibouti,804,lisa23@example.org,242.302.8471,368,Response whatever product car.,Thing around.,Miranda Hendricks,Produce national role.,866,674,b
315,Karen Fields,Roger Gutierrez DDS,0658 Amanda Mill,725 Hector Island,Port Stephaniemouth,,265,Hungary,743,schang@example.net,482-337-3379x121,188,Without budget.,Whole among recent work.,Renee Newton,Prove through.,922,92,w
316,Scott Roy,Mr. Robert Cantu,1999 Benson Fall,171 Gregory Park Suite 433,Whitetown,MN,909,Togo,340,edward16@example.org,(654)996-3308x3344,475,Fight subject.,Meet oil former even.,Christopher Dalton,Raise she range author she.,482,,f
317,Michael Crawford,Stephanie Sanders,95634 Shaun Parks,2259 Andres Common Suite 581,Port Cassandra,AK,200,Palau,513,ashley22@example.net,511-856-3029x5596,543,Leg result child.,Common performance father shake.,Jeffrey Jones,Perhaps agree protect.,56,155,g
318,Daniel Rodriguez,Paige Williams,832 Lori Corner Apt. 212,4815 Molly Plains,Nicholsfurt,ME,929,Uganda,469,garciabrandi@example.net,948-980-6442x00629,185,Lose story minute simply where.,Example thank see simple.,Jeffrey Anderson,Probably born cell.,500,182,w
319,Charles Jones,Eric Brown,94831 Oconnor Pass Apt. 179,,Hernandezchester,OR,793,New Zealand,173,barbara81@example.net,(883)818-0036,805,Scene seat.,Artist girl.,Christopher Rogers,How their about place force.,91,445,c
320,Stephen Nolan,April Kelly,9299 Brian Locks,76332 Nicole Parkway Suite 337,Mcculloughland,NY,39,Guadeloupe,547,waretabitha@example.com,(267)313-6841,15,Choice media church.,Response charge pull.,Monique Walker,Leave outside task.,776,196,
321,Erika Pace,Melody Sullivan,6106 Petersen Expressway Apt. 881,,Johnland,RI,899,Brunei Darussalam,353,alawson@example.org,981.459.6983x845,516,Wrong state.,Reduce heavy receive.,Kimberly Gallagher,Thank offer behind food daughter.,172,,
322,Leslie Vance,Gabriel Guzman,074 Beth Rest Apt. 747,669 Brown Mill,Washingtonside,AL,537,Micronesia,346,rparker@example.com,685-399-4641x839,138,Left eye learn want.,Deal run movie mouth.,Eileen Silva MD,Firm society coach.,924,769,p
323,Jennifer Smith,Bailey Clay,62706 Roberts Rapids,82484 Meyer Trail,North Angela,ND,234,Montserrat,230,nancyballard@example.com,548.283.9974x1856,752,Understand language have.,Another defense.,Michelle Wolf,Big thousand sing green.,,127,D
324,Walter Howard,Justin Saunders,8467 Wayne Neck,187 Robert Row,North Danielborough,,262,Japan,790,pamela10@example.org,,50,Try field why.,Own visit hotel.,Grant Henderson,Stand hear feeling although.,670,50,c
325,Beth Morris,Kyle Brennan,6222 Chelsea Isle,47047 Castillo Loaf,Ambermouth,MN,486,Nepal,719,carolynnguyen@example.org,783.750.7124,646,Big reduce technology.,Argue scientist hour probably water.,Andrea Love,Door single century wide.,,104,m
326,Raymond Herrera,Danielle Reed,585 Henry Skyway Suite 252,61857 Mendez Mission Apt. 050,West Kyleland,KS,851,Kiribati,921,eparker@example.org,001-653-952-4784x17159,121,Employee suggest owner.,Four major.,Courtney Martinez,Instead them attention.,804,204,d
327,Matthew Sellers,Mrs. Amanda Wells,152 Daniels Flat,8625 Lawrence Crossing,Holtchester,MD,367,Switzerland,721,saradaniel@example.com,301.989.1567x34467,562,Score value or however.,Would difference.,Breanna Jacobs,Thousand pick involve.,213,493,w
328,Leonard Andrews,Melissa Rodriguez,3908 Marissa Spur Suite 211,,Alvaradoport,MH,856,France,588,debraprice@example.net,784.499.7957x28575,93,Score successful anything century kid.,Leg much produce production piece.,Chad Rice,Police trade later.,77,104,b
329,Timothy Christensen,Sydney Baker,43672 Hendrix Cove Apt. 230,856 Kimberly Ports,New Valerie,NM,271,Syrian Arab Republic,476,,+1-414-359-0099,896,Life another firm night.,Under one determine smile.,Ronald Edwards,Mrs again return which.,,821,a
330,Maureen Lee,Alicia Garner,391 John Walks,742 Bailey Gardens,Williamston,UT,912,Marshall Islands,47,,881-381-0450x24373,663,Usually somebody most day.,Cause key describe give.,Jennifer Sanchez,Drop peace region phone.,367,979,o
331,Shane Potter,Ann Chen,3156 Allen Oval Apt. 551,4369 Donna Villages,South Todd,,188,Korea,117,wyattamy@example.com,001-866-305-3428x16441,279,Throw perhaps.,Where follow through friend.,Madison Evans,Amount health buy.,707,820,c
332,Kimberly Taylor,Alejandra Thomas,62814 Rhodes Motorway Apt. 893,09690 Simpson Green Apt. 922,Sheenahaven,NH,744,Serbia,61,monica51@example.net,558.272.7174,107,South whether world small.,Stuff star simply she.,Eric Clark,Service top medical day.,605,583,m
333,Paul Nixon,David Sullivan,0413 Cassidy Road Apt. 538,28262 Baker Expressway Apt. 412,North Cheryl,VA,30,Palau,884,shannon20@example.com,001-541-300-7941x93245,997,Perform research.,Better plant certain.,Kimberly Owens,Room newspaper character hope eight.,495,116,w
334,Christine Thompson,Jon Evans,40432 Garcia Place,34686 Grace Forge,South Alexanderside,,13,Iran,722,kbenson@example.org,(300)795-3662,762,Important myself all.,Let painting air benefit.,Gavin Yates,Ago left.,579,979,p
335,Collin Osborne,Carolyn Davis,690 Wilkerson Shoal,2210 Stewart Station Suite 617,New Garyland,NJ,98,Syrian Arab Republic,444,gibsonkirk@example.com,3238442252,355,Century Congress.,Establish bank west trial professor.,Devon Harmon,Something listen Congress pay.,657,860,d
336,Jennifer Garrett,Danny Anderson,79480 Joseph Key Suite 985,0211 Luis Plain,East Lindaside,FM,,Iraq,957,jessica86@example.com,686.686.2376x0088,873,Else memory discuss start.,With with body allow factor.,Bianca Kim,Anyone number.,170,,s
337,Taylor Mack,Christina Franklin,53484 Nelson Canyon,39865 Reynolds Drive,East Cameronburgh,ID,,Samoa,229,vparks@example.org,2558033000,837,Soldier season yes.,Dream born above might.,Paula Kidd,Edge image able.,471,587,p
338,Sarah Cruz,Lori Hoover,737 Singh River,0854 Sherri Way,Castilloview,MS,510,Ecuador,764,williamssandra@example.net,343.736.1137x11815,423,Form center of.,Change adult player.,Mary Jones,Food dream include.,,846,
339,Frank Harding,Danielle Perkins,6720 Brian Dam Suite 028,822 William Ranch,Tammyberg,MH,521,India,576,arthurreed@example.org,945.227.3536x4235,974,Far city.,Yeah nice.,Michael Rodriguez,Rather voice.,846,,p
340,Mark Murphy,Donna Cline,00792 Brian Meadow Suite 001,382 Miller Corners,East Tonya,DC,485,Montenegro,734,fjones@example.org,5486507665,117,High animal themselves.,Throw without industry.,Mark Reyes,Blood because.,,3,e
341,Jonathan Paul,Christine Dennis,43586 Travis Lodge Apt. 251,2670 Boone Squares,Donovanfurt,FL,535,Togo,383,joshuajones@example.net,,169,This impact nation member.,So fall level.,Christopher Brown,Gun already window.,842,739,b
342,Elizabeth Cunningham,Valerie Martinez MD,40466 Stacey Drive Apt. 564,54920 Keller Harbor Suite 111,Schroederside,OH,873,Belgium,403,stevensmith@example.net,(834)235-9488x21884,196,If term adult suggest.,Year consider.,Shawn Collins,Bank risk east.,111,48,a
343,James Collins,Kelsey Smith,2186 Vanessa Flats,31978 Christopher Valley,Antoniotown,IL,462,French Southern Territories,469,pli@example.org,001-671-397-8601x62590,138,Possible suddenly player start forget.,Tv pick baby when.,George Martin,Against two newspaper.,5,50,r
344,Jill Garner,Richard George,371 Rodriguez Burgs,722 Erica Trace,Kingfort,WI,800,British Indian Ocean Territory (Chagos Archipelago,944,toddmonroe@example.org,968.210.2480x855,178,College either.,Create should degree.,Cody Cordova,Hospital also year.,132,674,p
345,Janet Gomez,James Kennedy,5169 John Vista Suite 215,164 Paul Avenue,Penningtonborough,ID,624,Haiti,938,krausestephanie@example.net,342.543.1983x92484,408,Act tree.,Over special sport first.,Charles Richardson,Help rest.,994,825,s
346,Krista Price,Micheal Sanchez,48110 Smith Crest Suite 764,8961 Kennedy Plaza,Manuelville,DC,307,Mayotte,864,bullockrebecca@example.com,723-795-9781,729,Choice take police.,Left dinner himself child skill.,Oscar Ewing,Institution leg center.,567,206,h
347,Brian Murray,Jonathan Martinez,7837 Jay Oval Suite 438,74148 Thornton Skyway,South Brendan,OK,136,China,728,jordan68@example.com,(872)688-4076,516,Act present help.,Century watch teacher.,Terri Clark,Whom husband individual catch page.,653,119,d
348,Jessica Gordon,Anthony Huang,8869 Gregory Square,3405 Grace Village Apt. 739,Harmonmouth,PA,728,Timor-Leste,428,qpatterson@example.org,435-867-0789x77554,547,Only television.,Story money chair.,Daniel Powell,Lay deal arrive.,868,14,c
349,Mason Olson,Benjamin Marshall,769 Tanya Coves Suite 204,,New Nicole,MN,205,Brazil,274,joseph86@example.net,+1-530-452-1690,294,Ahead conference including.,Some add you three continue.,Jon Jones,National than late third.,150,708,s
350,Daniel Cuevas,Cory Eaton,0049 Jason Loop,44693 Michelle Mill Apt. 947,Wernerside,AL,464,Mauritius,105,susanjohnson@example.com,001-554-402-5998x51939,576,Red yard manage must.,Civil occur.,Courtney Pearson,Window none investment.,761,399,c
351,Michelle Chavez,Samantha Chavez,453 Baker Summit,70886 Cabrera Manor Suite 560,North Amy,TN,681,Saint Barthelemy,49,cunninghammegan@example.org,+1-202-521-5439x044,980,Together give court.,Community whatever each.,Christian Brooks,General wind box those.,702,566,
352,George Murphy,Stephanie Perez,888 Neal Fords Apt. 332,62962 Lisa Burg Suite 983,East Marieview,WV,882,Faroe Islands,892,martinbethany@example.com,001-859-565-9992x01237,649,Loss finally.,Everyone assume address consider.,Debra Davis,Top game worry.,664,603,b
353,Catherine Griffin,Ariel Watson,64752 King Cove Apt. 096,3009 Donna Place,Leslieberg,KY,302,Bahamas,460,gabrielrodriguez@example.com,001-335-650-5143x219,192,Program any surface.,True leave cause letter.,Jacqueline Figueroa,Check behavior nation.,753,387,
354,Dawn Yates,Timothy Moody,048 Vasquez Meadows,693 Nicole Throughway Apt. 998,Gomezstad,VI,867,Niger,262,,7257784640,960,Most stop must win fly.,Report local identify commercial.,Deborah Olson,Single gun under television point.,158,612,
355,James Floyd,Justin Thompson,18256 Katherine Hills Suite 286,420 Melissa Extension,East Sandra,CO,503,France,809,brookefrench@example.net,001-266-727-0266x045,803,Create at structure positive.,Response pass.,Philip Andrews,Have customer people.,539,189,c
356,Russell Davis,Courtney Phelps,0827 Hopkins Islands,6160 Cantrell Ways Apt. 643,Alexshire,MD,414,Denmark,95,rthompson@example.com,376-223-1336,680,Else Republican whole federal voice.,Home everybody.,Audrey Curry,Condition like thus model.,370,974,m
357,Stephanie Goodwin,Michael Tyler,90461 Murphy Junctions Apt. 887,79993 Kevin Falls,East Justinbury,NV,665,Gambia,10,kelsey17@example.org,645.965.3869,247,Set action grow fall movie.,Her set individual.,Diana Mcdonald,Middle safe entire.,629,250,r
358,Tyler Larson,Shannon Garrett,4216 Young Tunnel Apt. 093,146 Kevin Vista Suite 143,Wagnerhaven,KS,968,Falkland Islands (Malvinas),117,stephenfoster@example.com,887-556-4672,290,Network speak who attack.,Think beautiful head.,Lisa Johnson,Chance little.,,789,s
359,Ryan Smith,Felicia Terry,43566 Matthew Camp Apt. 374,833 Randy Rue Suite 306,Haynesville,OH,,Venezuela,920,isaacwhite@example.com,794.219.0878x8653,85,Likely day increase fight.,Recent really than.,Karen Ross,Sometimes point summer such.,172,792,p
360,Charles Poole,Amy Wong,186 Johnson Lock Apt. 201,,Hinesshire,,793,Venezuela,219,wellssherry@example.net,001-328-491-9827,107,Reflect whole show significant.,Less leader trial.,Jay Rivas,Energy if factor air responsibility.,849,1000,p
361,Tiffany Young,Megan Young,9014 Hampton Ridge Suite 706,95873 Micheal Rest,West Jesse,PW,,Malaysia,703,donna30@example.net,(817)881-6780,340,Professional question gas.,Oil sense total appear here.,Sonya Carpenter,Top pressure behavior.,,,a
362,Jerry Williams,Timothy Madden,407 James Passage Apt. 817,2829 Pierce Run,Marissahaven,,933,Greece,265,guerreroandrew@example.org,389.859.2741x16806,415,Commercial line.,Car newspaper most subject.,Bryan Brown,Yes instead pull.,18,122,u
363,Derrick Nguyen,Lorraine White,8701 Alex Summit Suite 242,69091 Summer Mount Suite 302,Ashleyfurt,GU,600,Suriname,47,wrightnicholas@example.com,,951,Car senior.,Heart card share.,Amanda Kelly,Eight senior record spring.,297,309,s
364,Todd Frazier,Shelly Wilcox,821 Sawyer Port Suite 738,6623 Jerry Camp Suite 679,Campbellland,DC,842,Holy See (Vatican City State),677,,001-849-472-2042,226,Which nor can.,Indicate authority law use.,Cassandra Stafford,Particular operation threat over.,401,870,t
365,Thomas Morrison,Kimberly Lewis,8877 Carr Landing Suite 041,8208 Woodard Via,North Mark,PA,937,Marshall Islands,989,theresagreene@example.org,(960)800-1440,383,Style right want.,Scientist product table.,Monique Elliott,Feel admit might.,12,569,p
366,Christian Reid MD,Kevin Fernandez,642 Kenneth Branch Suite 920,,East Matthew,IN,561,Antarctica (the territory South of 60 deg S),970,,001-876-469-1948,760,Vote still nation win staff.,I capital above listen.,Mark Smith,Impact beyond moment occur within.,353,928,c
367,Marissa Oconnor,Donna Bradford,47412 Perez Cliffs Apt. 795,00777 Dawn Cliffs Suite 503,Millershire,WV,855,Panama,259,tammythomas@example.com,+1-599-619-3873x370,819,Special system financial.,Expert participant sister management.,Paul Nichols,Simple firm assume.,56,955,v
368,Russell Gutierrez,Peter Jones,085 Timothy Garden Apt. 895,5634 Cassidy Cliffs,Williamstad,MI,,Mayotte,688,,,744,Rock space.,Time later even song.,Jacob Guzman,Two another.,975,132,m
369,April Mitchell,Stephanie Owen,4184 Virginia Gateway Apt. 218,396 Mack Trafficway,East Willieside,OH,,Iran,199,courtney07@example.net,+1-802-665-2951,632,Remember deal data door.,Car area couple world.,Samuel Gordon,Tonight seven subject maintain.,711,580,m
370,Lisa Webb,Linda Williams,918 Glenn Common,26611 Medina Plaza,Annmouth,GA,321,South Georgia and the South Sandwich Islands,253,qallen@example.org,796-504-7220,657,Toward question live weight guy.,Fast risk when.,Joseph Snow,Truth time bag.,861,696,s
371,James Jones,Gina Sanchez,7662 White Islands Suite 053,61840 Nathaniel Via,Smithfurt,NC,313,Iran,499,riveralisa@example.com,406.363.6050,622,Entire account nation building.,Only or write.,Patrick Fowler,Half age energy.,,847,c
372,Pamela Stevens,John Harper,92600 Williams Wall,7454 Jarvis Ramp Apt. 054,Heathermouth,IN,79,Malaysia,745,,,520,Buy administration.,Building nature hope picture morning.,Ryan Campbell,Huge image term others.,833,415,r
373,Caleb Jensen,Michael James,1624 Johnson Branch,2660 James Union Apt. 585,North Nicholasborough,,916,Pitcairn Islands,553,jonesjerry@example.net,+1-716-471-5605x8790,375,Eight avoid early.,Film note argue heart.,Patrick Lewis,Reason would level approach.,913,751,s
374,Kenneth Moss,Tara Walsh,4693 Rivera Crossing Apt. 359,8768 Nicholas Mountain Apt. 237,Solisland,ND,,Estonia,373,melissashaffer@example.org,001-522-509-5673,869,Real page look.,Decision your if.,Cody Castro,Focus several spring.,629,776,w
375,Tracey Bennett,Marissa Green,3923 Pearson Cape Apt. 320,0169 Jeremy Union,New Joshua,DC,676,Croatia,894,troy19@example.net,929.707.5515x45260,496,Nothing participant attorney necessary.,Buy about strategy.,Victoria Lewis,Contain serve year.,42,500,s
376,Susan Vasquez,Daniel Crosby,806 Mcfarland Stream Suite 070,503 Salinas Isle,Gavinhaven,WY,531,Gabon,930,crystalmiller@example.org,+1-874-902-7406x7582,940,Case notice able unit.,Add always religious.,Jordan Hendrix,Third somebody watch rock.,48,,f
377,Debra Larson,Christine Mills,979 Wilkinson Rapid,9860 Cervantes Bridge,Carlaborough,FL,281,Swaziland,855,bhampton@example.com,322.439.4612,584,One various move prepare produce.,Forget explain.,Crystal Smith,Consumer late.,670,602,s
378,Tamara Martin,Ruth Stanton,4225 Espinoza Summit Suite 188,37887 Mark Plains,Carloshaven,AR,930,Hungary,229,archerjames@example.net,795-864-7998x460,889,Perhaps note someone cover.,Drop about per truth child.,Bryan Franco,Off cell.,812,619,
379,James Smith,Herbert Flores,864 Porter Pike Suite 555,1247 Hill Avenue Apt. 687,Abigailchester,AS,527,Marshall Islands,659,kellybrown@example.org,(965)645-1224x44189,162,Century summer.,Cut image move.,Jose Hall,Star test room laugh.,735,677,e
380,Angel Dean,Debra Hendricks,20508 Anthony Rest Suite 134,619 Carlson Ways,Taylorview,MA,491,Cape Verde,491,daniel56@example.net,280-745-0735x674,854,Policy well of quality.,Once physical nature cell.,Mrs. Michelle King,Practice speak and.,250,,e
381,Heather Moreno,Brenda Meyer,3420 Cole Summit,774 Stevens Ridge Suite 141,Rojashaven,VA,,Cayman Islands,587,adamboyd@example.net,(895)486-8419,945,Position detail wife.,All poor reveal heavy.,Diana Stevens,Fall might better word.,982,993,d
382,Janet White,Mary May,1817 Kenneth Drive,,Morrowmouth,OK,291,Georgia,970,,(998)290-6232x72371,483,This direction quickly.,Argue remain someone without first.,Robert Weaver,Argue thousand exactly letter.,175,421,l
383,Michele Jones,Jennifer Edwards,818 Megan Summit,8159 Luke Rapids,New Biancastad,NY,676,New Caledonia,524,jjackson@example.org,448.587.6380x20761,351,Human board boy place property.,Place free.,Shawn Payne,Up positive music.,611,236,q
384,Matthew Farmer,Brandi Stokes,66901 Shawn Curve Apt. 729,8933 Whitehead Pass,Stanleymouth,,932,Uruguay,517,sanchezleslie@example.com,957.989.6833x5570,621,Science she style.,Beyond forget place.,Patricia Gonzales,Group popular.,,630,n
385,Larry Wiley,Donald Short,45883 Teresa Inlet Apt. 470,35036 Wilson Road,Fuentesside,PA,96,Belarus,494,aguilarsamuel@example.com,+1-678-802-3445x684,553,Off fall trip writer.,Rise interview fear against.,Timothy Austin,Despite material product than.,919,695,h
386,Kathleen Chavez,Lindsay Warner,731 Nixon Trail,029 Mark Land,Dawnbury,IN,,China,543,christopher51@example.net,(848)939-6607x344,494,Home road generation.,Occur name practice TV main.,Tammy Lynch,As able actually claim.,391,824,c
387,Matthew Sullivan,Maria Bender,44760 Roth Ford,4029 Amanda Heights Apt. 302,Nixonstad,WA,,Antarctica (the territory South of 60 deg S),138,lmann@example.org,+1-836-867-7196,932,Weight ability young second.,Everyone specific TV.,Samuel Anderson,Environmental open always.,291,557,w
388,Molly Stanton DDS,Katherine Williamson,77915 Cynthia Harbor,44092 John Walks Suite 174,Velezchester,FM,592,Gambia,536,mistybennett@example.org,,671,Near east.,Here at once.,Nancy Day,Plant green serious police magazine.,824,371,l
389,Stanley Cain,Andrew Robinson,25513 Chan Springs Suite 867,88390 Harrison Garden,North Johnny,MN,549,Falkland Islands (Malvinas),434,ssimon@example.org,(974)793-2511x497,697,As themselves account.,On experience.,Matthew Coleman,Create recognize source maybe art.,209,803,s
390,Karen Sanchez,Kevin Nguyen,3678 Jackson Cove,8187 Brandon Skyway,Mccoymouth,NE,315,Gabon,592,markgibson@example.org,(880)226-9331x54230,754,Continue approach.,It friend positive wall.,Alicia Nguyen,Collection scientist benefit.,885,766,s
391,Jamie Castillo,Bernard Flores,16633 David Walk,0053 Jack Fall,West Nicholastown,CT,521,Panama,411,jeffersondaniel@example.org,884-333-9133x252,629,Citizen run effect.,Quickly four describe control.,Raymond Evans,Into above enough mention.,724,,l
392,Christopher Brown,Tiffany Wright,734 Thompson Mountains Apt. 561,266 Cervantes Port Apt. 476,West Kristin,VI,483,Northern Mariana Islands,949,harveyrobert@example.com,,270,Entire situation.,Despite identify ok he.,Jeremy Riddle,Under hour rest.,82,742,r
393,Daniel Carpenter,Tammy Martinez,324 Natalie Station Suite 792,57127 Tapia Summit Apt. 543,Robertmouth,NY,729,San Marino,987,ksanchez@example.org,(816)382-4979x39981,840,Team purpose matter big.,Pretty reason because each market.,Carlos Brown,Simple significant wall.,507,207,e
394,Jessica Olson,Michelle Peters,4931 Tiffany Heights,94762 Day Villages Apt. 926,Maxwellfurt,IL,803,United States Virgin Islands,614,carlastevens@example.net,001-394-303-6948,630,Politics reflect himself.,Note because improve.,Allison Fleming DDS,Forget outside allow.,37,671,
395,Ashley Bell,Alyssa Morales,949 Kathleen Common,34437 Whitaker Shoals,Lake Joshua,WY,362,Bolivia,686,brandon98@example.net,310-316-7930x148,531,Action executive pressure opportunity.,Sign answer.,Steven Martin,Character no.,,942,
396,Sarah Frost,Joshua Johnson,903 Thomas Vista,8548 Beasley Circle,West James,NE,357,Bahamas,356,qcunningham@example.org,391.538.6015x7117,621,Site best radio.,You field.,Sean Martin,New pretty eye budget subject.,466,589,
397,Mark Stewart,Taylor Jones,7857 Phillips Meadow,138 Benjamin Route,Turnerville,TN,516,Hong Kong,302,pattonyolanda@example.org,721.554.0131,526,Anything others item product.,At natural sport front.,Mrs. Mary Singh DVM,Catch guy.,898,813,m
398,Ana Zimmerman,Linda Austin,6948 Tina Burgs Suite 195,5635 Osborne Hill Apt. 271,Moorefurt,DC,789,Senegal,250,richard04@example.com,2708014413,470,Possible which technology end skin.,Knowledge space theory about point.,Jennifer Greene,Write sound beyond.,919,29,c
399,Aimee Russell,Nathan Martinez,32822 Angela Haven,475 Alicia Knolls,Anthonyview,CO,226,Argentina,694,shaun13@example.com,413-450-5357,423,Option type account upon eye.,What news American service.,Alyssa House,Surface agency.,529,718,f
400,Dwayne Delacruz,Dana Jones,81447 Marsh Heights Apt. 802,889 Andrew Forges,Tylerside,,841,Norway,351,,001-603-578-9121x397,488,Other add sport need.,Trip six or fill.,Kimberly Ramirez,Thus a industry who note.,224,276,a
401,Heather Hernandez,Kimberly Smith,065 Stevens Fort,5701 Flores Mills Suite 136,West Brianaside,AR,755,Burundi,205,jeffrey08@example.com,676.699.2964,272,Similar material travel follow.,Mother push.,Charles King,Feeling above all.,208,857,b
402,Cameron Rodriguez,David Marks,8557 Singleton Prairie,2796 Fernando Expressway,Shannonbury,WV,693,Croatia,979,dianeoliver@example.com,+1-694-252-3158x28630,783,Painting hot toward.,Outside kind between far church.,Carlos Turner,Less until computer budget.,981,,r
403,Christopher Sullivan,Karen Mooney,3250 David Fort,048 Smith Drive,South Codyshire,AR,919,Botswana,589,dawnlewis@example.net,279.471.9000,783,Possible involve heavy contain future.,Record ask science.,Kyle Smith,Often perform together dinner.,287,769,f
404,Hailey Lara,Patrick Miller,778 Justin Lane Suite 743,,Smithville,RI,554,French Polynesia,34,james91@example.org,+1-277-466-6505x27612,703,Beautiful record fly natural image.,Something person.,David Leonard,Long natural until agency.,469,716,p
405,Mackenzie Harris,Chris Sutton,592 Misty Lane,856 Rhonda Corner Apt. 429,Jameston,,389,Antarctica (the territory South of 60 deg S),595,shawnrogers@example.org,001-889-723-1324,883,Probably maybe herself partner camera.,Sense movement election make.,Rebecca Crawford,Now think future decision.,562,276,n
406,Brandon Maxwell,Amanda Hughes,66426 Glenn Wells Apt. 512,45533 Clements Lakes Suite 569,Maddenview,NC,216,Kazakhstan,430,brianna22@example.com,001-245-810-4625,875,Can nothing force move free.,Central public.,Pamela Christensen,Represent conference war science.,462,135,s
407,Jeremiah Strickland,Shawn Delacruz,91465 Jacob Turnpike,7780 Lozano Park,Hodgeberg,MN,824,Brazil,242,helen07@example.org,439.582.1478,201,Know room choose.,Unit recognize.,Austin Nielsen,Hundred role activity culture.,983,485,p
408,Charles Roy,Kelly Gonzalez,22008 Gordon Grove,4833 Rodney Mission,Johnsonhaven,GA,870,Wallis and Futuna,646,vjimenez@example.net,436-205-4946,805,World true evidence resource appear.,Certainly perform shake.,Justin Lewis,Station wide.,257,582,
409,Angela Nolan,Brian Cooper,038 Justin Route,,North Juanview,IA,261,Bahrain,488,richard85@example.org,,763,Street course plant.,Ever position.,Jimmy Bell,Culture person.,370,571,a
410,Jamie Velazquez,Jermaine Tucker,401 Eric Mountain Apt. 698,1611 Black Loaf,Pollardhaven,,889,Jamaica,696,millerashley@example.com,259.783.3261x705,590,Debate couple ground much open.,Force relationship nation east.,Victoria Lane,Side meeting executive hold process.,552,800,b
411,Ricardo Olson,Andrea Rivera,6879 Adam Well Apt. 028,27276 Watkins Valleys Apt. 451,Lisaton,GA,458,Ghana,911,,(985)546-1308,475,Movement nor.,By reveal account lead.,Kristi Espinoza,Wear soldier light.,149,656,w
412,Nicole Martinez,Ebony Flores,863 Kimberly Circle Apt. 712,24234 Burns Springs,West Joannefort,PR,870,Swaziland,929,,001-777-819-6199x716,234,Sign I lay fast.,Participant race model doctor explain.,Alan Reeves,Claim station example.,669,274,c
413,Mrs. Michelle Gonzalez,Curtis Neal,91439 Stephen Lake,3601 Vasquez Route Apt. 150,North Chadberg,MT,962,Algeria,372,gordondennis@example.com,+1-593-547-5978,462,Eye matter debate man.,Outside blue.,Kaitlyn Davis,His wife represent.,189,129,w
414,Mark Farrell,Cynthia Moore,72665 Kimberly Divide,8549 Vanessa Parks Apt. 400,Lake Nicoleberg,AK,82,Mayotte,216,fbeck@example.com,+1-860-551-9085x43271,66,These receive.,Write floor inside.,Claire George,Speech become around.,485,27,s
415,Anthony Hoover,Andrea Ramos,048 Glenn Row,4158 Colleen Causeway,North Sandra,VT,633,Cyprus,160,,+1-476-461-3662x8081,400,Mind give worker set.,Sister thus wonder.,Sarah Wiggins,Available stock young.,254,454,a
416,Melanie Arroyo,Natalie Smith,3979 Irwin Court Apt. 426,6501 Burnett Meadow,Vaughnville,NY,,Lithuania,680,isanders@example.net,883.463.6885x01627,885,City interesting itself method reality.,Now reach.,James Herring,College nearly political put.,999,958,s
417,Lisa Ford,Dana Stewart,55977 Hernandez Islands,4083 Moyer Place Apt. 501,Davidmouth,CT,182,Uganda,606,jrivera@example.net,991.329.5651,652,Success final.,Always their guess analysis.,Catherine Nelson,Mission language structure.,446,655,m
418,Joel Williams,Alan Thomas,11250 Dawn Lock,4290 Stanley Rapid,Edwardburgh,GA,92,Denmark,453,rickyclark@example.org,+1-880-862-0073x0242,160,Employee source later.,Light society play.,Melissa Nguyen DVM,Southern several.,1,777,f
419,Matthew Harper,Megan Odonnell,68735 King Landing Apt. 451,6886 Pennington Passage Apt. 483,Annabury,TN,,Wallis and Futuna,945,diana62@example.com,936.264.8532x0775,307,Too fact city this impact.,Night prevent power feeling the.,Yesenia Vaughn,All agency right figure son.,,300,h
420,Amanda Thompson MD,Nicholas Smith,42939 Heidi Mission Apt. 729,5038 Bryan Dam Suite 851,Benjaminberg,UT,904,Qatar,575,evansmatthew@example.net,(981)643-5312,733,Station seek per.,Could something right beyond.,Matthew Johnston,Year cold group.,400,226,v
421,Dennis Arnold,Jamie White,08573 Angela Springs Suite 545,6091 Mario Common,Wadeport,MI,932,Switzerland,628,larry37@example.net,5625728167,292,Economic believe successful suffer.,Store hear institution return.,Carol Coleman,Community interesting.,545,423,m
422,Bryan Daugherty,Jenna Smith,9319 Allen Turnpike,,New Carla,CA,467,Jordan,633,teverett@example.com,5593982267,504,Weight democratic sit.,Turn most although maybe sure.,Eddie Hernandez,Hard staff husband.,20,993,h
423,Michael Tran,Cynthia Sanchez,5576 Lopez Ridge,54904 Lee Corner,Lake Kevin,NE,733,Turks and Caicos Islands,449,jeffrey10@example.net,+1-929-477-1150x6291,155,Tough whether speak travel.,Tax meeting success.,Lucas Manning,Major star choose better.,,431,o
424,Keith Jones,Daniel Stevens,05298 Freeman Mills Suite 599,3044 Williams Valleys,North David,SD,811,Honduras,33,annpeters@example.org,945.802.9586,975,Down single.,Across sit small.,Michael Stevens,Father attention represent certainly.,273,74,s
425,Jonathan Williams,Sandra Ortega,10513 Juan Circle Apt. 842,13882 Flynn Extensions,Port Andreaborough,TX,391,Saint Martin,849,,368-916-3603,732,Scene outside letter.,Or fill magazine lot animal.,Carl Scott,Sister whom.,790,254,w
426,Brian Allen,Shelby Johnson,23708 Miller Creek Apt. 944,,Jordanstad,MT,534,New Caledonia,682,zthomas@example.com,861-492-7671x37718,698,Drive great blood score.,Type key despite agent.,Daniel Garcia,Suffer modern section statement another.,959,645,s
427,Michael Pennington,Donna James,4662 Coleman Stream,41176 Gabrielle Extensions,West Jacobhaven,IN,493,Bouvet Island (Bouvetoya),654,vmooney@example.com,864.970.4656,54,Describe necessary.,Able everything detail.,Tami Perez,Real bad general.,224,242,c
428,Brianna Friedman,Linda Stanley MD,5934 Bradley Greens,2911 Jackson Passage,West Timothy,NC,123,Congo,406,millerdanny@example.net,,44,Significant watch present summer lose.,Moment rock student minute.,Kenneth Kline,Pass person arm claim than.,708,611,b
429,Brian Payne MD,Jason Black,981 Ryan Park,563 Victoria Flats,East Candacestad,MP,703,Guinea,634,vmeyers@example.com,369-349-6378,778,Stuff deep table report possible.,Apply most way recently box.,Rodney Porter,Yard girl somebody receive.,62,158,b
430,Robert Vazquez,Bryan Monroe,9854 Karen Cape,903 Chambers Rapid Suite 458,Wesleymouth,UT,572,Italy,808,erinstark@example.net,001-312-474-3922x55174,914,Newspaper there picture successful.,Story test today.,Ashley Warner,Religious image also.,198,,s
431,Cynthia George,Brent Clark,3156 Kimberly Rapids Apt. 079,590 Dominguez Inlet Suite 987,Lake Joshua,VA,,Antigua and Barbuda,724,jacquelinemurray@example.net,001-835-916-6811x33973,714,Long carry.,Prevent religious window relationship.,Casey Jackson,Same war behind.,581,357,p
432,Rebecca Bowen,Amy Nunez,36540 Patricia Courts,4248 Moore Skyway Apt. 243,Adrianport,NV,882,Isle of Man,568,jacqueline11@example.net,001-986-715-6409x9414,461,Per per assume.,Level floor store.,Ryan Branch,Argue training condition team property.,270,465,
433,Andrea Day,Francisco Adams,23766 Aguilar Manors,95338 Davis Glen,Port Cameronside,WY,20,Saudi Arabia,635,chelseasmith@example.net,442.542.4066,245,Improve cut feel.,Much discover draw decade he.,Nancy James,Effort also itself space speech.,65,552,c
434,Nicholas Thompson,Theresa Spencer,74350 Martin Trace Suite 947,96964 Clark Rapid,Port Michellefurt,MA,158,Aruba,628,stephen88@example.org,9095954288,330,Worry science particular.,Project might its last.,Lauren Bryant,Red leader table politics.,536,45,t
435,Sarah Silva,Dean Alexander,03847 Matthew Neck,6505 Amy Parkways Suite 016,Batesview,OK,498,Tuvalu,197,,001-723-243-5969x8504,857,Sit impact religious social.,Machine financial career.,Stephanie Santana,Itself likely reflect onto tonight.,502,719,s
436,Eric Johnson,Anthony Atkins,576 Karla Well,,Willieland,SC,14,Isle of Man,953,zacharyroberts@example.org,001-468-906-3585x30101,951,Official over base southern possible.,Service poor.,Jackie Knox,Least model serve any.,82,655,
437,Garrett Thomas,Nicole Lewis,439 Powell Tunnel Suite 331,233 Gonzales Manor,South Jenniferton,NV,378,Turkmenistan,814,maryblackwell@example.com,757-276-2626x367,273,Pass travel trip painting sport.,Situation whom teach.,Melinda Santos,Stuff require catch.,752,,h
438,Jill Stevens,Roger Johnson,6768 Campbell Greens,76751 Carlson Keys,West Christopher,MD,,Saudi Arabia,743,pmiranda@example.org,8997000940,198,Ground media drug fact.,Gas moment when.,Matthew Diaz,West trial ten candidate.,255,971,i
439,Andres Sutton,Pamela Hensley,7091 Brian Gardens,561 Carol Track Suite 511,Lake Oliviahaven,IL,654,San Marino,591,rcobb@example.com,(914)847-7618x68704,682,Provide teach street natural.,Remain administration health.,Jared Spence,Heart money peace everybody clearly.,107,185,e
440,April White,Kathleen Odonnell,4739 Thompson Drives,0513 Amanda Lane,West Toddmouth,VI,615,Ecuador,454,andreamassey@example.com,685.624.7442x035,564,Admit today.,Trouble difficult mean.,Sara Gay,Trouble radio senior image financial.,333,423,t
441,Karen Davis,Dalton Richardson,25853 Lester Manor,153 Little Square Apt. 789,Matthewton,AS,577,Morocco,559,janice12@example.net,(355)581-6759x2383,949,Mouth west begin.,Run yeah.,Ana Scott,Country camera parent staff.,369,459,f
442,Ashley Franklin,Joel Randall,121 Moore Fields,,Christopherland,,17,French Polynesia,531,pdavis@example.org,955-930-1530x30440,7,Because Republican throw pattern thousand.,Guess near professional fine.,Patrick Zimmerman,See figure write.,228,323,
443,Richard Harmon,Kevin Thomas,2064 Sarah Street Apt. 061,691 Brian Terrace Apt. 242,South Amandachester,GU,567,Macao,524,edwinmiller@example.com,(962)369-9620x834,159,Action notice.,Product plant two.,Heather Anderson,Necessary lay region.,,160,c
444,Anthony Brewer,Ryan Hansen,243 Crosby Drive Suite 145,058 Jasmine Drive,Smithfurt,AZ,831,France,308,,+1-902-624-0654,940,West human woman whom.,Responsibility age.,Madison Stanton,Measure job white employee along.,80,812,w
445,Mark Gomez,Connie Hansen,656 Charles Loaf Apt. 622,13860 Olson Radial,Elizabethmouth,MH,840,Turkmenistan,930,,399-603-8035,39,Only wrong follow early collection.,Face available represent business least.,Amber Ward,Key night open.,591,799,
446,Tina Ortiz,Anthony Elliott,67084 Briggs Pines,6292 Schroeder Shore Apt. 282,Port Kathrynhaven,IL,427,Cape Verde,953,nathanielwilliams@example.net,756.584.6767x80964,233,Wind safe off store.,Friend bag group customer.,Erica Cooper,Outside city me performance.,870,12,f
447,Judith Hill,Amy Fields,267 Hodges Villages Apt. 997,5349 Kelly Island Apt. 564,New Richardhaven,,327,Netherlands Antilles,553,uyoung@example.org,5932582016,715,Serve force.,Present choice two certain.,Olivia Conner,Figure production cold.,52,403,I
448,Anthony Fuller,Jessica Benson,804 Laura Flat,015 Samuel Garden Suite 866,Garciastad,MD,,Eritrea,443,robert05@example.org,001-426-909-6746,136,Answer four deal.,Perhaps as out.,Joseph Jarvis,Know phone radio sort.,488,51,h
449,Carolyn Miller,Heather Morris,307 Peterson Island,26264 Sherri Land,Woodshaven,KY,715,France,134,jsmith@example.net,001-707-351-9919x81775,203,Occur read federal.,Page close deal.,Thomas Harvey,Mind pull each.,668,575,s
450,Mary Alvarez,Jeffrey Gray,070 Nguyen Stream Suite 343,771 Heath Union Apt. 209,Katrinaton,NM,,Iraq,796,kennethrodriguez@example.org,(997)571-0011x547,590,Pass enjoy production.,Reason low common.,Julie Mason,Effort development establish whom.,,434,p
451,Brandon Ferguson PhD,Daniel Ortega,28555 Mary Spring,9475 Desiree Lodge Apt. 284,Port Jamesburgh,IA,789,Croatia,313,scott40@example.com,946-597-1479,842,Buy glass floor.,Yes million describe voice.,Randall Johnson,Agent part home affect.,453,452,
452,Luis Johnson,Norma Gonzales,7949 Tracy Meadows,551 Mckee Drives,Lake Laurenshire,AS,776,Slovakia (Slovak Republic),746,elizabethtownsend@example.net,(276)935-3673x55896,56,Lawyer car.,Democrat single whom discover generation.,Cory Smith,Couple page treat.,636,890,f
453,Mark Cantrell,Jared Chambers,7967 Stephanie Grove,00735 Bridges Points,South Madison,NY,313,China,461,howard63@example.net,494.512.8866x9112,758,Away phone coach.,Source bar board.,Martin Bradley DVM,Special tend hour serve.,209,769,f
454,Dennis Soto,Jaime Lewis,544 Daniel Court Suite 136,80520 Angela Rue Apt. 937,Palmerville,ND,716,Slovakia (Slovak Republic),685,,571-546-2201x483,680,Environment arrive best continue.,Must treat activity.,John Strickland,Light lot run.,262,291,a
455,Mary Webb MD,Patricia Bennett,76716 Susan Parks Apt. 048,041 Cervantes Forges Apt. 326,Destinyfurt,KS,968,Nicaragua,9,,(674)219-9160x53906,679,Rest seek population director candidate.,Relate other.,Barbara Jones,Next between however nation.,676,111,
456,Julie Smith,Bruce Rivera,93625 Richard Alley,16908 Richardson Harbor,East Michellebury,ID,390,Sierra Leone,521,amy84@example.org,,324,Police above gun dream sound.,Lose full.,Kenneth Ingram,Business then same fight.,612,191,w
457,Ann Bartlett,Brandon Rivera,903 Morton Wall Suite 177,0305 Mason Centers,Charlesview,PW,41,Venezuela,254,fsmith@example.com,383-989-5337x684,502,Leader tend itself art.,Evidence financial walk prevent.,Laurie Baldwin,Successful police line.,161,,e
458,Darius Baker,Nicole Sharp,7451 Kevin Harbors Apt. 947,81560 Bruce Estates,Williamsshire,MH,514,Wallis and Futuna,283,lisa47@example.com,911-707-9764,900,Purpose go game.,Memory so charge.,Kenneth Phillips,Environmental writer agent data.,835,967,a
459,Deanna Jennings,Hannah Butler,9926 Jeffery Curve Suite 870,7795 Williams Shoal Apt. 996,South Jeffrey,NH,673,Namibia,141,,(471)810-7351,984,Cost society imagine.,Explain clearly cover.,Dana French,Pattern upon edge.,894,233,h
460,James Erickson,Ryan Meza,306 Pena Field Suite 786,94128 Sanchez Stravenue Apt. 064,Amandaside,MA,620,France,338,vchan@example.org,619-480-4255,669,Soon food window improve year.,Half song look.,Tiffany Pierce,Name agree Congress director.,555,208,p
461,Caroline Wright,John Winters,586 Nielsen Ramp,798 Moore Path,Harrisland,KS,139,Spain,441,lindabradley@example.com,(891)279-6441,149,Crime consumer news.,Likely affect.,Andrew Rose,Full bad voice.,579,326,
462,Christopher Warner,Angela Clay,5416 Moreno River Apt. 104,2750 Michael Lodge Suite 442,East Mindyfurt,AR,860,Liberia,901,kelly83@example.org,,327,Of head.,Center draw new huge.,Alexandra Williams,Ten friend.,424,311,p
463,Chad Washington,Matthew Peterson,701 Williams Coves,9720 Michael Ports Apt. 018,New Jennifer,MI,281,Brunei Darussalam,156,jeremyhernandez@example.net,704.793.7958x291,190,Specific back success soon.,Bar own wind tough.,Ronald Stevens,Yet white.,,632,w
464,Justin Mcdonald,Jason Cruz,188 Heather Fall Suite 977,677 Nicole Green,Jamesport,ID,704,Norfolk Island,27,michelle97@example.net,429.265.7156x4380,489,Establish move affect.,By likely ten.,Lori Le,Expert over industry great direction.,867,730,j
465,Shawn Sullivan,Tracy Whitaker,4920 Robert Rapid,91401 Hernandez Garden,Lake Danielmouth,HI,168,Svalbard & Jan Mayen Islands,198,randypruitt@example.com,756.690.0184x2933,993,Song clear offer PM.,Pattern range treatment loss.,Timothy Bird,Tell after collection.,,423,l
466,Carla Turner,Cynthia Nguyen,329 Autumn Squares,4761 Turner Mission,Wrightmouth,MD,182,Eritrea,950,kleinjustin@example.net,916.797.9206,632,Watch different cultural.,Range hundred affect.,Daniel Strickland,Tend social read company light.,333,909,r
467,Jesus Wright,Kayla Mcclain,73453 Brent Forks,1224 Mahoney Brooks Suite 372,East Jerryton,,390,Gibraltar,738,rossdavid@example.org,610-471-5558x70940,761,Time stand push.,Hotel author order choose.,Savannah Anderson,Member spend walk.,550,897,s
468,Laurie Richard,Morgan Blackwell,3494 Christina Well,,Rodriguezfort,PR,899,Saudi Arabia,44,michael16@example.com,328.824.6306,551,Suddenly avoid prove.,Price through respond down capital.,April Graham,Fine eye.,753,,a
469,Justin Cruz,Mary Fisher,1433 Johnson Parkways Apt. 901,46103 Todd Passage,New Brittneyton,KY,451,South Georgia and the South Sandwich Islands,408,ydouglas@example.org,+1-781-868-7851,293,Animal go along option free.,Serve movie civil long.,Alexandria Avery,Church ability point network.,433,942,
470,Terri Roberts,Corey Clark,0783 Susan Forges Apt. 697,45498 Robert Common Suite 674,South Nicholashaven,VA,463,Israel,93,jwatson@example.com,001-671-516-4560x59563,798,Mean trouble.,Decide use administration allow.,Ruben Reed,Serve degree side region.,916,139,m
471,Alicia Gonzalez,Michael Castillo,1548 Nunez Bridge,40254 Morris Shoals,West Kennethton,,919,Madagascar,730,wadebrenda@example.net,497.667.3887,93,Best Democrat dark soldier.,Eat detail provide.,Kevin Carter,Church film view worry.,709,729,m
472,Michelle Rodriguez,Lacey Schneider MD,6289 Steele Knolls Apt. 896,52756 Adam Crossroad,North David,MH,461,Zimbabwe,650,benjamin67@example.com,325-415-8904,394,Think activity attorney I.,Report song.,Claudia Martinez,Network side magazine pass on.,999,973,I
473,Jennifer Nguyen,Logan Calderon,4202 Lauren Green Apt. 488,13737 Kevin Canyon Apt. 118,Lake Elijahfurt,,344,Norfolk Island,580,morakristin@example.net,001-339-460-6104x71891,167,Suggest her price out.,Risk important need.,Donna Novak,Energy exactly cup.,184,53,a
474,Ashley Hodge,Madeline Collins,32517 Kyle Mission Apt. 856,406 Garcia Shore,Roseland,AK,642,Congo,186,bakerlindsay@example.com,657-222-7579x407,208,Democrat year last.,Peace oil TV.,April Bender,Part remain hotel.,,13,p
475,Cody Mccoy,Andrea Bass,26753 Jacqueline Point,7631 Christopher Place,Schneiderport,MT,,Solomon Islands,904,martinjeremiah@example.org,(840)604-7486x7948,676,Education attorney activity power if.,Agent approach.,Rebecca Smith,Know wear.,420,616,s
476,Martha Edwards,Linda Lamb,8111 Rodriguez Squares,04902 Joseph Hill Apt. 559,Westbury,IN,571,Djibouti,840,elizabeth65@example.com,,152,Director worry lose.,Stand risk.,Terry Walter,Find reason.,,149,p
477,Janice Powell,Nathan Robbins,731 Robinson Port Suite 624,238 Singleton Lane Suite 392,Hopkinsfurt,OH,943,Korea,90,,+1-814-213-4931x79670,183,Hair political local director.,Leg by thing building.,Alexander Terry,Newspaper could theory seek hotel.,292,709,i
478,Kevin Benson,Brian Phillips,7039 John Curve Suite 186,925 Martinez Village Apt. 509,South Traci,AL,768,Australia,593,bowerslaura@example.org,,787,Bar force.,Indeed suffer.,Justin French,Phone bank way talk ability.,378,840,
479,Kristi Taylor,Kiara Turner,908 Woods Flat Apt. 104,177 Courtney Loop Suite 561,East Vanessa,WI,138,Marshall Islands,125,natashasmith@example.org,001-618-364-1761x30236,540,Job draw medical first personal.,At summer its address during.,Kenneth Jones,Safe probably within cause tonight.,215,627,
480,Stephen Trujillo,Susan Thompson,9499 Singleton Expressway,2964 Turner Pike,Kathleenbury,AS,90,Uruguay,496,uwang@example.net,(281)711-4330x64098,808,Matter be free reflect order.,Side travel.,Carol Olson,Upon appear two officer.,295,869,r
481,Micheal Adams,David Jackson,66032 Mario Hills Apt. 802,9997 Hammond Stravenue Suite 939,Tiffanyshire,MD,133,Serbia,630,carlos24@example.net,841.411.7367x038,648,Hotel president television bit.,Half new room.,Daniel Hogan,Amount huge economic sea meet.,828,625,c
482,Carol King,Brenda Owens,07883 George Mill,654 Hernandez Alley,Andersonland,RI,477,Kiribati,641,piercedevin@example.com,716-727-9636x512,213,Before remember adult guy.,Allow boy.,Joshua Scott,Can theory debate.,425,342,a
483,Jason Ferrell,David Johnson,34243 Rivera Ford,9280 Monica Station,Walkerchester,MP,707,United Arab Emirates,289,jsalazar@example.com,,308,Across deal ability.,Everything education wall hope.,Dennis Marshall,Rate explain.,332,117,s
484,Kristen Garcia,Anna Russell,628 Brenda Hill,50509 Gilbert Squares,Garciaborough,DE,30,Greenland,853,jeanettewatson@example.net,922.980.5883,347,Dog TV science.,Market identify voice.,Megan Larson,Sign beautiful.,491,817,
485,Paula Montoya,Michael Davenport,8882 Williams Corner Suite 489,04588 Jasmine Ramp,Wilsonside,NE,886,Bangladesh,550,margaret22@example.net,755.845.9205,834,Fly many parent system.,Quite size.,Rebecca Walker DDS,Life will kind economic.,761,,s
486,Ashley Osborn,Kelly Mcclain,970 Natalie Shoals Apt. 213,8960 Rose Flat,Stephenland,DC,20,Paraguay,214,adrianmcneil@example.com,361-713-9979x927,939,Various treatment task detail.,Quality security think quality think.,Jacob Day,Team mention mention bit significant.,363,,e
487,Tracy Mcdonald,Amber Blankenship,073 Matthews Ridges,5744 Rodriguez Cape Suite 692,Taylormouth,LA,548,Palau,863,kennethhayes@example.com,001-516-704-3598,192,Pm television scientist left paper.,Whom hair talk late series.,Kathleen Butler,Author local finally statement yard.,886,316,r
488,Ryan Steele,Jeremy Santiago,6135 Dawn Alley Suite 883,223 Jennifer Parkway Suite 403,South Bonnie,,509,Netherlands,899,david85@example.net,001-302-631-2653x27355,974,Late energy ready could why.,Environmental maintain factor.,Erin Johnson,Report finish general.,538,115,l
489,Mrs. Vicki Johnson,John Jones,4594 Lloyd Creek Apt. 189,,Lake Carla,SC,,Cameroon,519,,206.750.7612x2283,513,Fast information reason eat.,View he.,Todd Carpenter,Call impact.,349,751,s
490,Aaron Jimenez,Lisa Chambers,27639 Jose View,08236 Le Viaduct Apt. 690,Lake Isaiah,AR,101,Mongolia,842,vbrooks@example.net,3617790670,136,Common argue.,Summer education particularly lead out.,Susan Reyes,Necessary create.,38,731,e
491,Sabrina Chapman,Sara Yang,692 Aaron Junction,71226 Michelle Points,East William,SD,,Kyrgyz Republic,869,lgoodman@example.com,,479,Firm per.,Make must threat smile.,Taylor Brown,Character realize million.,106,675,r
492,Allison Miller,Jennifer Ray MD,6658 Taylor Groves Suite 609,,Cardenastown,SD,215,Japan,329,scott45@example.org,(273)978-7477x884,546,Special recognize.,Indicate long leader.,Wendy Miller,Method parent well check fill.,452,280,i
493,Rebecca Taylor,Bridget Morales,641 Johnson Junctions,1860 Hughes Stravenue,Danielstown,,527,South Africa,105,charlesfranco@example.net,(464)679-5127x9831,327,News guess work.,Bar human adult.,Angela Jensen,News mission able.,966,291,s
494,Aaron Robertson,Jennifer Brennan,2077 Jenny Centers,0433 Proctor Prairie Suite 796,Lyonsport,MT,554,Belize,455,,,925,Foreign attack.,Unit number.,Michael Williams,Many say.,109,89,a
495,Alexandra Williams,Dylan Wells,920 Alexander Spring,759 Adams Mount,Daniellechester,MD,857,Nepal,707,qgoodman@example.org,(726)594-2041x641,320,Factor wait skin surface.,Too yet.,Timothy Lucero,Than smile someone.,203,687,i
496,Patricia Mcdaniel,Joseph Paul,85571 Turner Shoals Apt. 584,,Blackland,KY,582,Faroe Islands,135,,001-490-680-3586,716,Purpose know.,Former north officer.,Clayton Brooks,Fish wind say.,467,660,b
497,Bruce Holt,Michael Watson,466 Carlson Viaduct,35961 Brian Shoals,Cummingsborough,SD,882,Falkland Islands (Malvinas),918,richbill@example.org,(764)725-9720,402,National clearly off.,Tv nature bill particular.,Sarah Brock,Will effort rock evidence.,940,808,f
498,Edward Silva,Tina Olson,721 Jordan Mount Apt. 758,5292 Griffin Villages,Harveyhaven,NC,,Pakistan,116,ilawrence@example.net,675.244.5847x413,175,Truth unit.,Reveal ok reality.,Zachary Stark,While itself receive four.,357,131,a
499,Lauren King DVM,Alyssa Hernandez,447 Robert Turnpike Suite 611,8622 Mindy Circle Suite 065,Aprilmouth,IN,570,Bosnia and Herzegovina,666,,(302)827-4330x3727,473,Expect lead them.,Could artist southern candidate.,Joshua Smith,Suggest newspaper major serve answer.,424,250,i
500,Francis Macias,Scott Rivera,3565 Miller Burgs Apt. 882,12886 Silva Island Suite 699,Gregoryhaven,FM,834,Cayman Islands,711,shane05@example.org,3314329887,446,Second truth debate.,War mission woman camera.,Shane Castillo,Carry war reflect sing.,351,242,c
